hole_id,from,to,Au_ppm,Ag_ppm,Cu_ppm,Pb_ppm,Zn_ppm,As_ppm,Al_pct,Fe_pct,Mg_pct,Ca_pct,Na_pct,K_pct,Ti_pct,S_pct
17HR-268,7.76,9.0,0.018,0.27,261.0,5.9,45.0,12.2,7.93,2.95,1.2,1.37,1.89,2.81,0.287,1.29
17HR-268,9.0,11.0,0.051,0.39,348.0,5.4,39.0,6.8,7.99,3.65,1.23,2.24,1.51,3.07,0.304,1.95
17HR-268,11.0,13.0,0.025,0.28,46.2,5.0,80.0,9.0,8.24,4.89,1.86,2.65,2.25,2.35,0.331,0.99
17HR-268,13.0,15.0,0.032,0.33,24.9,7.1,77.0,25.2,8.1,5.28,1.9,3.77,3.06,1.68,0.341,1.28
17HR-268,15.0,17.0,0.113,1.34,24.7,6.3,76.0,54.0,7.91,5.83,1.83,2.86,2.81,1.9,0.331,2.54
17HR-268,17.0,19.0,0.014,0.11,6.8,4.1,87.0,26.3,8.2,6.05,2.37,2.84,1.07,2.87,0.345,1.14
17HR-268,19.0,21.0,0.036,0.21,11.8,6.4,85.0,43.3,8.25,7.03,2.21,2.12,1.22,2.58,0.325,2.76
17HR-268,21.0,23.0,0.016,0.17,17.6,5.3,81.0,24.1,7.96,5.31,1.95,3.41,1.24,2.93,0.326,1.19
17HR-268,23.0,25.0,0.009,0.15,19.6,5.6,93.0,28.5,8.17,5.13,1.94,3.06,1.74,2.77,0.354,0.59
17HR-268,25.0,27.0,0.021,0.19,14.0,7.2,82.0,52.7,8.39,5.48,2.13,3.16,0.84,3.34,0.353,1.45
17HR-268,27.0,29.0,0.017,0.27,23.2,8.4,87.0,53.2,8.22,5.68,1.91,3.11,0.95,3.36,0.351,2.57
17HR-268,29.0,31.0,0.068,1.05,21.0,13.1,68.0,105.5,7.54,6.47,1.59,2.92,1.13,3.23,0.327,4.33
17HR-268,31.0,33.0,0.027,0.36,11.0,21.9,131.0,68.3,7.42,5.53,1.94,2.87,2.0,2.31,0.304,2.74
17HR-268,33.0,35.0,0.047,0.52,12.2,10.9,117.0,34.3,7.7,5.4,1.95,2.78,2.14,2.24,0.311,2.13
17HR-268,35.0,36.5,0.028,0.44,29.6,30.0,161.0,61.7,7.94,6.31,2.14,2.21,2.65,1.98,0.314,2.74
17HR-268,36.5,38.0,0.03,0.28,6.0,18.9,173.0,42.8,7.95,7.22,2.38,2.12,2.6,1.74,0.327,2.24
17HR-268,38.0,40.0,1.775,2.31,39.1,17.1,79.0,69.4,4.92,10.8,1.43,2.54,0.05,2.02,0.173,8.57
17HR-268,40.0,42.0,0.126,1.25,19.5,15.0,162.0,69.4,7.0,9.48,2.5,3.05,0.39,2.3,0.267,4.41
17HR-268,42.0,44.0,0.077,0.77,106.0,10.6,85.0,28.9,7.18,5.98,1.79,2.59,0.83,3.05,0.275,3.51
17HR-268,44.0,46.0,0.13,0.98,164.5,10.3,33.0,23.6,6.38,9.78,1.96,2.8,0.56,2.68,0.204,8.3
17HR-268,46.0,48.0,0.047,0.44,234.0,5.4,41.0,8.2,7.73,4.3,1.64,1.5,1.5,2.72,0.224,2.19
17HR-268,48.0,50.0,0.067,0.71,124.5,4.2,36.0,13.4,7.02,5.03,1.85,2.2,1.22,2.57,0.212,2.95
17HR-268,50.0,52.0,0.023,0.16,140.0,2.9,46.0,5.7,7.62,3.76,1.34,1.93,2.27,2.45,0.25,1.04
17HR-268,52.0,54.0,0.048,0.25,224.0,3.3,30.0,4.0,7.58,3.62,1.22,2.15,2.01,2.55,0.228,1.85
17HR-268,54.0,56.0,0.041,0.33,61.6,4.6,38.0,5.6,7.86,4.27,1.39,2.26,2.33,2.3,0.273,1.56
17HR-268,56.0,58.0,0.076,0.2,157.0,5.3,26.0,4.7,7.63,4.26,1.27,2.32,2.08,2.61,0.238,3.29
17HR-268,58.0,60.0,0.045,0.19,216.0,4.6,31.0,6.3,7.55,3.99,1.36,2.16,1.93,2.69,0.231,2.4
17HR-268,60.0,62.0,0.037,0.14,282.0,5.2,40.0,4.4,7.68,4.33,1.42,2.21,2.15,2.64,0.249,1.32
17HR-268,62.0,64.0,0.05,0.16,281.0,5.8,44.0,3.8,7.98,4.83,1.38,1.68,2.53,2.75,0.251,1.25
17HR-268,64.0,66.0,0.029,0.24,210.0,4.5,44.0,5.2,8.05,4.16,1.35,1.64,1.91,3.35,0.27,1.09
17HR-268,66.0,68.0,0.043,0.22,60.9,5.6,44.0,8.3,7.55,4.29,1.84,1.73,2.42,2.58,0.255,1.64
17HR-268,68.0,70.0,0.032,0.18,66.7,4.8,36.0,9.7,7.8,4.23,1.64,1.39,2.38,2.65,0.236,2.27
17HR-268,70.0,72.0,0.039,0.1,89.4,4.5,37.0,7.7,8.27,4.07,1.71,1.1,2.61,2.95,0.251,1.92
17HR-268,72.0,74.0,0.024,0.06,68.5,4.1,44.0,3.4,8.17,4.18,1.66,1.49,2.83,2.71,0.255,1.81
17HR-268,74.0,76.0,0.063,0.13,61.4,3.5,31.0,5.3,7.84,3.98,1.64,1.69,2.35,2.66,0.246,2.48
17HR-268,76.0,78.0,0.039,0.25,54.8,4.1,38.0,7.3,7.67,4.22,1.91,2.0,1.99,2.76,0.266,1.91
17HR-268,78.0,80.0,0.031,0.22,109.0,4.6,36.0,8.9,7.64,4.59,1.86,2.25,1.81,2.75,0.244,2.59
17HR-268,80.0,83.5,0.035,0.2,180.5,5.7,54.0,5.6,8.31,4.18,1.59,2.1,2.84,2.83,0.283,1.17
17HR-268,83.5,85.0,0.022,0.13,125.5,4.3,51.0,5.4,7.94,4.21,2.05,2.72,2.55,2.44,0.263,1.08
17HR-268,85.0,87.0,0.034,0.21,107.0,4.2,50.0,9.2,7.48,4.43,2.43,2.16,1.67,2.53,0.263,1.51
17HR-268,87.0,89.0,0.056,0.33,195.5,4.2,40.0,5.1,7.6,4.33,2.29,2.01,1.66,2.53,0.255,2.11
17HR-268,89.0,91.0,0.06,0.5,77.4,3.8,41.0,5.8,7.69,4.8,2.3,2.04,1.42,2.64,0.256,2.35
17HR-268,91.0,93.0,0.021,0.26,96.1,3.2,51.0,7.0,8.06,4.51,2.69,2.19,1.69,2.67,0.276,1.19
17HR-268,93.0,95.0,0.031,0.22,91.5,4.0,40.0,6.3,7.46,4.86,2.72,2.71,1.25,2.54,0.244,2.03
17HR-268,93.0,95.0,0.032,0.17,110.5,3.3,41.0,5.7,7.58,4.7,2.59,2.25,1.25,2.66,0.256,1.84
17HR-268,95.0,97.0,0.025,0.19,54.3,4.6,37.0,12.1,7.96,4.41,2.14,2.12,0.88,3.07,0.256,2.12
17HR-268,97.0,99.0,0.048,0.39,216.0,7.1,50.0,12.0,8.0,5.31,2.1,2.29,1.34,2.76,0.31,2.3
17HR-268,99.0,101.0,0.054,0.28,330.0,6.2,43.0,10.0,7.77,5.77,1.96,2.23,1.73,2.49,0.319,2.2
17HR-268,101.0,103.0,0.025,0.11,154.5,4.4,46.0,10.4,7.48,4.34,1.61,2.78,2.09,2.47,0.28,1.33
17HR-268,103.0,105.0,0.018,0.08,124.0,4.0,43.0,4.1,7.67,4.03,1.36,2.77,2.52,2.56,0.271,0.62
17HR-268,105.0,107.0,0.031,0.18,85.3,5.7,31.0,10.3,7.11,5.29,1.4,2.64,1.72,2.57,0.225,3.09
17HR-268,107.0,109.0,0.03,0.21,80.8,5.6,29.0,7.5,8.17,4.59,1.52,2.24,1.15,3.18,0.249,2.74
17HR-268,109.0,111.0,0.013,0.12,92.7,3.2,33.0,3.4,7.93,3.73,1.44,2.51,2.07,2.62,0.243,1.21
17HR-268,111.0,113.0,0.09,0.28,87.2,4.8,31.0,4.9,6.93,4.68,1.46,1.9,1.51,2.48,0.209,2.99
17HR-268,113.0,115.0,0.015,0.11,64.5,2.4,30.0,4.5,7.08,3.35,1.68,3.26,0.86,3.23,0.224,1.35
17HR-268,115.0,117.2,0.071,0.75,16.3,9.3,19.0,11.8,5.45,7.3,2.6,4.93,0.31,2.52,0.131,6.8
17HR-268,117.2,119.0,0.018,0.35,115.0,2.2,24.0,3.2,7.66,4.02,1.55,1.13,1.94,2.39,0.173,2.32
17HR-268,119.0,121.0,0.027,0.23,144.0,3.4,25.0,3.4,7.96,4.39,1.59,1.15,1.61,2.78,0.198,2.74
17HR-268,121.0,123.0,0.011,0.11,130.5,3.0,35.0,2.4,8.2,3.91,1.62,1.02,2.49,2.51,0.248,1.33
17HR-268,123.0,124.5,0.02,0.13,72.9,2.7,27.0,2.9,6.4,3.12,1.15,1.72,1.88,1.9,0.181,1.28
17HR-268,124.5,125.8,0.027,0.28,95.5,3.1,32.0,5.7,7.44,4.17,1.68,1.88,1.49,2.76,0.195,2.55
17HR-268,125.8,127.8,0.048,0.92,89.1,4.5,25.0,16.3,7.25,5.07,1.87,1.94,1.75,2.5,0.182,4.03
17HR-268,127.8,129.5,0.053,0.61,39.7,3.4,18.0,12.0,6.91,6.92,1.48,1.0,1.15,2.49,0.141,6.59
17HR-268,129.5,131.0,0.018,0.27,43.5,2.4,21.0,4.5,8.37,4.18,1.99,1.0,2.56,2.33,0.175,3.55
17HR-268,131.0,133.0,0.029,0.07,62.8,3.1,17.0,5.2,7.61,5.28,2.08,1.38,2.16,2.18,0.139,4.81
17HR-268,133.0,135.0,0.036,0.28,77.5,4.0,26.0,4.2,7.89,4.51,1.9,0.82,2.48,2.12,0.175,4.05
17HR-268,135.0,137.0,0.025,0.17,54.3,2.8,17.0,4.0,7.89,6.7,2.02,0.83,2.39,2.06,0.14,6.14
17HR-268,137.0,139.0,0.028,0.17,62.7,3.7,18.0,4.4,7.86,5.6,2.06,0.87,2.13,2.28,0.161,5.0
17HR-268,139.0,141.0,0.036,0.35,69.1,3.5,15.0,4.4,7.86,6.36,1.65,0.83,2.43,2.25,0.142,6.12
17HR-268,141.0,143.0,0.024,0.06,47.3,3.9,17.0,2.5,8.48,5.13,1.96,0.86,2.84,2.17,0.16,4.64
17HR-268,143.0,145.0,0.035,0.06,71.9,4.1,17.0,2.8,8.12,6.17,2.15,0.94,2.53,2.11,0.191,5.7
17HR-268,145.0,147.0,0.045,0.11,76.0,3.7,16.0,3.4,8.14,6.82,2.33,1.17,2.39,2.24,0.208,6.4
17HR-268,147.0,149.0,0.037,0.07,40.8,10.6,20.0,2.5,7.45,4.64,2.09,1.7,2.68,1.87,0.178,4.24
17HR-268,149.0,151.0,0.022,0.08,28.4,3.6,13.0,3.7,7.61,6.52,1.6,1.02,3.12,1.59,0.168,6.1
17HR-268,151.0,153.0,0.016,0.13,18.7,3.6,11.0,2.6,7.99,5.52,1.5,0.8,2.24,2.43,0.151,5.29
17HR-268,153.0,155.0,0.051,0.14,95.9,4.6,21.0,2.2,7.91,5.21,2.08,0.79,2.8,1.97,0.237,4.59
17HR-268,155.0,156.5,0.044,0.23,93.6,3.1,21.0,5.2,7.92,6.01,2.15,1.11,2.82,1.72,0.233,4.84
17HR-268,156.5,158.0,0.021,0.05,44.0,3.2,11.0,1.7,8.01,5.68,2.14,1.92,2.14,2.49,0.202,5.36
17HR-268,158.0,160.0,0.034,0.09,52.3,4.3,16.0,2.9,7.89,6.61,2.33,1.64,2.2,2.21,0.206,6.15
17HR-268,160.0,162.0,0.042,0.06,48.0,3.2,14.0,1.9,8.26,4.74,1.88,1.22,2.63,2.22,0.166,4.11
17HR-268,162.0,164.0,0.024,0.14,12.8,3.7,9.0,4.1,8.06,7.81,1.39,1.12,1.77,2.73,0.159,7.79
17HR-268,164.0,166.0,0.069,0.09,8.4,2.2,9.0,5.5,7.96,5.88,1.22,1.31,0.92,3.35,0.105,5.73
17HR-268,166.0,168.0,0.038,0.08,28.4,1.7,15.0,3.2,8.23,4.45,1.6,1.24,1.62,2.89,0.166,3.88
17HR-268,168.0,170.0,0.079,0.51,10.1,4.7,8.0,8.3,6.64,8.2,0.81,0.87,1.36,2.45,0.144,8.55
17HR-268,170.0,172.0,0.011,0.24,7.6,4.2,17.0,3.4,6.86,5.0,2.15,3.5,1.09,2.77,0.128,4.24
17HR-268,172.0,174.0,0.01,0.05,21.5,2.3,17.0,0.8,8.04,3.63,1.81,1.88,1.93,2.71,0.149,2.73
17HR-268,174.0,176.0,0.022,0.14,51.0,3.3,18.0,3.9,8.04,4.8,1.67,1.41,1.93,2.65,0.172,4.19
17HR-268,176.0,178.0,0.03,0.19,9.4,4.7,28.0,4.8,7.24,8.09,1.9,1.46,1.8,2.14,0.174,7.23
17HR-268,178.0,180.0,0.017,0.17,5.9,2.4,22.0,4.4,7.69,6.31,1.54,0.91,1.92,2.27,0.166,5.34
17HR-268,178.0,180.0,0.018,0.19,6.8,2.9,21.0,4.5,7.21,7.03,1.42,0.84,1.79,2.19,0.154,6.24
17HR-268,180.0,182.0,0.015,0.22,5.6,4.0,19.0,14.6,8.13,5.01,1.6,1.45,1.15,3.05,0.186,4.25
17HR-268,182.0,184.0,0.017,0.07,12.1,3.8,16.0,1.8,8.21,3.74,1.66,1.38,1.69,2.79,0.18,3.07
17HR-269,1.9,3.0,,0.75,28.7,15.2,61.0,15.3,7.38,3.53,0.47,2.71,0.28,5.69,0.262,0.29
17HR-269,3.0,5.0,,0.46,12.9,15.0,39.0,6.6,6.49,3.24,0.4,8.32,0.07,5.41,0.236,0.11
17HR-269,5.0,7.0,,0.33,10.6,12.1,41.0,3.4,5.93,3.47,0.35,5.83,0.06,5.07,0.236,0.02
17HR-269,7.0,9.0,,0.13,5.4,12.1,49.0,3.9,6.96,3.74,0.38,3.02,0.07,5.92,0.276,0.02
17HR-269,9.0,11.0,,0.11,4.4,17.8,50.0,3.2,6.41,3.29,0.45,5.49,0.07,5.56,0.261,0.01
17HR-269,11.0,13.0,,0.19,5.0,13.6,53.0,3.6,7.07,3.44,0.39,3.45,0.08,5.03,0.294,0.02
17HR-269,13.0,15.0,,0.9,27.9,14.2,46.0,3.3,6.54,2.39,0.44,9.69,0.07,4.68,0.234,0.06
17HR-269,15.0,17.0,,0.62,12.0,15.6,41.0,5.3,6.51,2.27,0.39,11.0,0.05,4.64,0.227,0.1
17HR-269,17.0,19.0,,0.76,17.5,14.1,50.0,10.9,6.76,2.91,0.34,3.65,0.07,6.04,0.3,0.04
17HR-269,19.0,21.0,0.005,0.34,4.4,14.8,50.0,332.0,8.37,4.36,0.55,1.68,0.07,5.89,0.309,0.38
17HR-269,21.0,23.0,,0.25,8.3,14.3,41.0,6.7,6.45,3.15,0.34,3.85,0.07,5.43,0.277,0.09
17HR-269,23.0,25.0,,0.21,6.5,12.1,41.0,16.4,6.36,3.4,0.37,4.78,0.07,5.4,0.265,0.24
17HR-269,25.0,27.0,,0.68,6.0,15.7,45.0,7.6,6.31,3.52,0.38,3.88,0.11,4.1,0.277,0.08
17HR-269,27.0,29.0,,0.37,4.4,13.2,47.0,3.5,6.41,3.6,0.35,3.17,0.13,4.2,0.269,0.01
17HR-269,29.0,31.0,,0.26,2.5,14.7,55.0,30.3,7.15,4.04,0.43,3.32,0.11,4.84,0.291,0.23
17HR-269,31.0,33.0,,0.16,3.1,14.5,47.0,156.5,7.75,4.08,0.46,3.07,0.09,5.01,0.304,0.98
17HR-269,33.0,35.0,,0.16,5.2,14.0,41.0,3.3,6.23,3.16,0.34,7.47,0.08,5.42,0.255,0.04
17HR-269,35.0,37.0,,0.2,6.4,12.7,39.0,4.9,6.66,2.94,0.36,9.16,0.06,4.47,0.239,0.05
17HR-269,37.0,39.0,,0.17,7.5,10.5,42.0,2.8,6.13,3.24,0.29,5.05,0.09,4.81,0.269,0.02
17HR-269,39.0,41.0,,0.1,7.0,9.4,40.0,2.5,6.22,3.41,0.27,4.49,0.09,4.63,0.265,0.01
17HR-269,41.0,43.0,,0.08,6.9,8.9,43.0,3.4,6.45,3.8,0.3,4.24,0.1,4.46,0.28,0.02
17HR-269,43.0,45.0,,0.09,6.0,7.7,37.0,7.1,5.85,3.15,0.28,4.13,0.08,5.09,0.236,0.04
17HR-269,45.0,47.0,,0.07,6.6,8.1,49.0,4.8,6.64,3.58,0.5,4.6,0.08,4.84,0.246,0.03
17HR-269,47.0,49.0,,0.08,8.6,9.3,61.0,2.0,6.99,3.71,0.8,4.21,0.08,5.14,0.259,0.01
17HR-269,49.0,51.0,,0.05,6.0,11.1,53.0,2.9,6.79,3.61,0.59,5.22,0.08,4.92,0.267,0.02
17HR-269,51.0,53.0,,0.08,7.1,10.0,51.0,25.7,7.06,3.66,0.65,4.15,0.07,5.09,0.264,0.17
17HR-269,53.0,55.0,,0.08,7.1,14.5,58.0,4.7,6.46,3.24,0.62,6.66,0.07,5.19,0.247,0.04
17HR-269,55.0,57.0,,0.08,6.2,10.9,54.0,23.5,6.37,3.26,0.53,5.73,0.08,4.57,0.245,0.22
17HR-269,57.0,59.0,,0.12,7.1,11.5,53.0,44.3,6.63,3.43,0.53,5.31,0.07,4.64,0.257,0.48
17HR-269,59.0,61.0,,0.07,5.3,9.2,57.0,7.0,7.16,3.58,0.52,4.25,0.08,4.65,0.256,0.1
17HR-269,61.0,63.0,,0.05,5.0,9.0,55.0,7.3,6.94,3.7,0.48,4.73,0.07,5.39,0.262,0.06
17HR-269,63.0,65.0,,0.1,6.7,9.3,64.0,19.5,7.61,3.64,0.58,4.68,0.07,5.28,0.269,0.18
17HR-269,65.0,67.0,,0.14,5.9,9.7,54.0,3.9,5.98,2.7,0.5,5.5,0.08,4.87,0.232,0.04
17HR-269,67.0,69.0,,0.08,6.6,8.5,55.0,3.7,6.89,3.55,0.44,3.94,0.08,4.75,0.264,0.04
17HR-269,69.0,71.0,,0.35,8.2,11.5,55.0,4.9,6.75,3.26,0.5,5.67,0.09,5.34,0.251,0.07
17HR-269,71.0,73.0,,0.18,7.7,14.3,64.0,3.5,6.26,3.34,0.53,6.4,0.08,4.98,0.243,0.04
17HR-269,73.0,75.0,,0.43,21.7,12.4,59.0,3.5,6.88,3.85,0.42,4.67,0.14,5.19,0.276,0.03
17HR-269,75.0,77.0,,0.54,14.8,14.3,56.0,9.7,6.19,3.2,0.42,7.41,0.08,5.07,0.243,0.11
17HR-269,77.0,79.0,,0.17,5.9,8.8,57.0,3.9,6.59,3.49,0.41,4.09,0.08,5.06,0.26,0.02
17HR-269,79.0,81.0,,0.19,5.6,10.2,48.0,16.5,6.09,3.47,0.36,4.74,0.07,4.3,0.257,0.16
17HR-269,81.0,83.0,,0.1,6.4,8.3,54.0,5.6,6.39,3.92,0.41,4.21,0.06,4.36,0.274,0.04
17HR-269,83.0,85.0,,0.69,11.2,9.6,46.0,3.8,6.06,2.93,0.4,4.92,0.05,4.71,0.251,0.09
17HR-269,83.0,85.0,,0.7,11.2,9.9,47.0,4.0,6.46,3.08,0.41,4.71,0.05,4.86,0.263,0.09
17HR-269,85.0,87.0,,0.32,6.6,9.1,58.0,5.5,7.15,3.25,0.6,3.56,0.07,5.17,0.272,0.05
17HR-269,87.0,89.0,,0.09,4.7,12.3,55.0,3.7,6.86,3.45,0.61,4.2,0.09,4.8,0.271,0.02
17HR-269,89.0,91.0,,0.2,5.6,11.9,50.0,4.1,6.55,3.26,0.49,3.81,0.07,4.52,0.265,0.02
17HR-269,91.0,93.0,,0.32,12.7,17.7,52.0,6.4,6.47,3.23,0.44,3.83,0.08,4.55,0.268,0.04
17HR-269,93.0,95.0,,0.17,11.2,16.9,61.0,8.3,6.3,2.95,0.36,4.74,0.1,4.67,0.279,0.05
17HR-269,95.0,97.0,,0.42,29.3,23.3,65.0,13.3,5.81,3.05,0.35,6.98,0.26,4.13,0.267,0.13
17HR-269,97.0,99.0,,0.37,30.2,24.7,68.0,10.3,6.54,3.14,0.35,5.88,0.55,4.8,0.289,0.08
17HR-269,99.0,101.0,,0.12,12.9,13.3,70.0,7.4,6.23,3.5,0.33,4.76,0.12,4.67,0.289,0.03
17HR-269,101.0,103.0,,0.08,6.1,11.5,59.0,7.6,6.56,3.53,0.35,5.03,0.07,4.92,0.283,0.03
17HR-269,103.0,105.0,,0.07,6.3,9.0,52.0,5.4,6.27,3.37,0.3,3.33,0.05,4.7,0.27,0.02
17HR-269,105.0,107.0,,0.12,6.2,12.7,53.0,6.1,6.57,3.41,0.31,3.59,0.05,4.53,0.292,0.04
17HR-269,107.0,109.0,,0.05,6.5,9.5,56.0,5.6,6.42,3.66,0.33,3.21,0.05,4.13,0.302,0.01
17HR-269,109.0,111.0,,0.09,15.3,8.3,52.0,6.9,6.4,3.24,0.33,3.39,0.05,5.01,0.283,0.03
17HR-269,111.0,113.0,,0.32,35.7,21.4,48.0,10.5,5.94,3.14,0.31,8.06,0.2,4.11,0.242,0.27
17HR-269,113.0,115.0,,0.15,10.8,10.8,55.0,8.2,6.64,3.71,0.35,3.95,0.31,4.43,0.29,0.08
17HR-269,115.0,117.0,,0.23,11.3,16.4,51.0,18.6,6.33,3.01,0.37,4.53,0.17,4.54,0.266,0.15
17HR-269,117.0,119.0,,0.32,11.8,13.5,58.0,18.0,6.48,3.65,0.38,4.38,0.32,4.43,0.282,0.24
17HR-269,119.0,121.0,,0.18,11.3,10.6,62.0,27.4,6.94,3.12,0.42,4.12,0.18,4.8,0.297,0.19
17HR-269,121.0,123.0,,0.33,13.2,19.3,58.0,49.9,6.45,2.5,0.51,4.9,0.24,4.19,0.257,0.36
17HR-269,123.0,125.0,,0.05,7.9,9.4,67.0,8.2,6.91,4.08,0.41,3.95,0.55,4.52,0.292,0.02
17HR-269,125.0,127.0,,0.16,23.7,15.0,62.0,25.4,6.62,3.42,0.43,3.63,0.31,4.17,0.277,0.04
17HR-269,127.0,129.0,,0.2,23.1,11.8,70.0,56.8,7.01,3.83,0.64,2.23,0.11,3.97,0.28,0.18
17HR-269,129.0,131.0,,0.09,10.3,9.1,52.0,8.0,5.82,3.01,0.43,3.98,0.13,3.62,0.243,0.02
17HR-269,131.0,133.0,,0.45,17.1,31.1,51.0,23.9,6.13,3.3,0.37,4.33,0.57,3.88,0.253,0.26
17HR-269,133.0,135.0,,0.03,6.1,8.0,60.0,5.8,6.83,4.01,0.41,3.07,0.76,4.18,0.276,0.01
17HR-269,135.0,137.0,,0.05,9.1,11.4,54.0,7.0,6.35,3.77,0.34,3.89,0.94,4.19,0.276,0.02
17HR-269,137.0,139.0,,0.13,15.3,20.4,58.0,22.1,6.56,3.79,0.38,3.53,0.92,4.27,0.274,0.12
17HR-269,139.0,141.0,,0.03,7.9,7.1,50.0,7.5,6.51,3.74,0.41,3.3,0.78,4.05,0.249,0.02
17HR-269,141.0,143.0,,0.1,10.7,7.8,42.0,46.5,6.48,3.33,0.41,3.14,0.59,3.97,0.242,0.14
17HR-269,143.0,145.0,,0.07,10.4,10.8,52.0,12.2,7.04,3.8,0.47,3.26,0.78,4.26,0.277,0.04
17HR-269,145.0,147.0,,0.06,8.5,10.3,59.0,9.9,7.29,3.94,0.5,2.83,1.0,4.2,0.272,0.03
17HR-269,147.0,149.0,,0.07,7.0,11.8,52.0,15.3,5.89,3.41,0.41,7.51,1.02,3.56,0.237,0.07
17HR-269,149.0,151.0,,0.06,7.9,13.5,65.0,8.3,6.04,3.54,0.43,5.7,0.97,3.85,0.26,0.02
17HR-269,151.0,153.0,,0.1,14.8,15.2,57.0,14.2,7.1,3.7,0.49,3.38,1.19,4.25,0.281,0.04
17HR-269,153.0,155.0,,0.09,11.3,13.5,52.0,10.6,7.44,3.46,0.48,3.19,1.55,3.88,0.265,0.05
17HR-269,155.0,157.0,,0.05,9.0,7.8,62.0,9.9,7.56,3.85,0.57,3.26,1.59,3.8,0.273,0.04
17HR-269,157.0,159.0,,0.02,5.9,6.9,62.0,5.4,7.55,4.01,0.56,3.41,1.42,4.03,0.279,0.01
17HR-269,159.0,161.0,,0.03,7.2,7.3,58.0,7.6,7.08,3.83,0.51,3.2,1.45,3.73,0.259,0.02
17HR-269,161.0,163.0,,0.06,10.0,10.3,58.0,9.7,7.69,3.9,0.54,3.01,1.46,3.97,0.274,0.02
17HR-269,163.0,165.0,,0.03,6.7,8.2,59.0,7.1,7.41,4.06,0.52,2.93,1.37,3.94,0.264,0.01
17HR-269,165.0,167.0,,0.09,10.6,11.6,55.0,7.6,6.77,3.73,0.51,4.1,1.3,3.77,0.275,0.03
17HR-269,167.0,169.0,,0.02,3.1,6.8,50.0,5.6,6.74,3.83,0.47,3.76,1.26,3.8,0.249,0.01
17HR-269,169.0,171.0,,0.12,15.7,8.3,59.0,12.5,7.33,3.8,0.52,3.43,1.39,3.67,0.274,0.03
17HR-269,171.0,173.0,,0.02,4.3,6.6,60.0,6.7,8.58,4.33,0.51,2.21,1.44,4.09,0.289,0.02
17HR-269,171.0,173.0,,0.03,3.7,6.2,62.0,6.3,8.44,4.16,0.51,2.3,1.4,3.95,0.276,0.02
17HR-269,173.0,175.0,,0.05,10.8,9.2,55.0,6.4,7.81,3.8,0.53,2.71,1.47,3.78,0.278,0.02
17HR-269,175.0,177.0,,0.07,14.9,9.6,53.0,7.7,7.8,3.93,0.52,2.75,1.47,3.86,0.285,0.03
17HR-269,177.0,179.0,,0.03,10.0,9.2,58.0,7.8,7.44,4.03,0.51,3.48,1.42,3.99,0.273,0.01
17HR-269,179.0,181.0,,0.03,8.8,6.8,58.0,7.3,7.77,4.21,0.5,2.72,1.51,4.04,0.271,
17HR-269,181.0,183.0,,0.03,4.3,6.3,56.0,5.7,7.8,3.93,0.49,2.77,1.64,3.77,0.282,0.02
17HR-269,183.0,185.0,,0.05,7.3,4.7,53.0,6.7,7.18,3.29,0.53,3.47,1.42,3.53,0.276,0.04
17HR-269,185.0,187.0,,0.05,9.3,3.8,51.0,8.2,7.89,3.74,0.47,2.97,1.24,4.1,0.291,0.02
17HR-269,187.0,189.0,,0.03,3.3,6.6,57.0,10.3,7.07,3.62,0.48,3.61,0.59,3.86,0.267,0.03
17HR-269,189.0,191.0,,0.19,7.6,7.8,63.0,50.5,7.05,3.42,0.6,3.91,0.56,3.94,0.277,0.13
17HR-269,191.0,193.0,0.384,1.48,39.2,13.4,68.0,121.0,7.36,3.63,0.49,3.96,0.32,4.16,0.294,0.7
17HR-269,193.0,195.0,0.142,0.55,11.9,16.3,63.0,49.2,6.3,3.64,0.5,7.89,0.31,3.36,0.245,0.18
17HR-269,195.0,197.0,0.006,0.44,15.8,8.1,69.0,10.4,7.19,4.15,0.52,3.26,1.14,3.97,0.271,0.02
17HR-269,197.0,199.0,,0.17,7.2,5.9,55.0,14.7,7.52,3.89,0.53,2.8,1.3,3.86,0.289,0.07
17HR-269,199.0,201.0,,0.05,2.3,10.0,58.0,7.9,7.08,3.76,0.51,4.14,1.04,3.69,0.276,0.01
17HR-269,201.0,203.0,,0.03,2.0,6.6,53.0,6.7,6.49,3.99,0.58,4.34,1.32,3.26,0.251,0.02
17HR-269,203.0,205.0,,0.02,1.6,10.8,59.0,6.7,6.51,3.88,0.66,5.09,1.39,3.38,0.252,0.02
17HR-269,205.0,207.0,0.205,0.44,15.3,19.1,53.0,62.5,6.84,3.63,0.47,3.93,0.5,4.29,0.264,0.34
17HR-269,207.0,209.0,,0.03,4.6,6.0,59.0,6.8,7.12,3.77,0.55,3.49,0.98,4.33,0.269,0.01
17HR-269,209.0,211.0,,0.04,5.5,5.1,50.0,7.8,7.57,3.78,0.51,2.49,1.09,4.35,0.277,0.01
17HR-269,211.0,213.0,0.009,0.32,19.4,13.8,49.0,127.0,6.92,3.38,0.53,2.96,0.92,4.31,0.251,0.47
17HR-269,213.0,215.0,,0.06,4.2,5.6,52.0,13.4,7.03,3.8,0.54,2.88,1.11,4.11,0.26,0.02
17HR-269,215.0,217.0,0.025,0.12,4.0,11.8,51.0,75.2,6.76,3.72,0.51,3.21,0.55,4.82,0.264,0.27
17HR-269,217.0,219.0,0.056,0.12,5.4,11.9,68.0,61.1,7.1,3.85,0.61,3.26,1.01,4.53,0.27,0.25
17HR-269,219.0,221.0,,,2.5,6.4,70.0,10.3,7.24,3.6,0.64,4.35,1.6,3.65,0.265,0.04
17HR-269,221.0,223.0,,,4.3,6.5,66.0,9.3,7.01,3.64,0.61,3.93,1.78,3.56,0.273,0.02
17HR-269,223.0,225.0,,,4.4,7.8,75.0,10.1,7.34,4.01,0.75,3.07,1.75,3.75,0.266,0.01
17HR-269,225.0,227.0,,0.02,5.4,9.1,85.0,9.3,7.36,4.05,0.8,2.78,1.8,3.8,0.269,0.01
17HR-269,227.0,229.0,0.005,0.01,5.5,8.4,77.0,10.2,7.27,3.98,0.76,2.66,1.92,3.61,0.266,0.01
17HR-269,229.0,231.0,,0.01,3.8,8.4,71.0,11.3,7.28,3.9,0.8,2.54,2.08,3.4,0.283,0.03
17HR-269,231.0,233.0,0.006,0.04,6.3,9.9,65.0,12.4,7.4,3.93,0.78,2.66,1.96,3.47,0.283,0.04
17HR-269,233.0,235.0,0.006,0.03,3.9,10.8,77.0,12.0,7.51,4.2,0.82,2.79,2.02,3.61,0.29,0.01
17HR-269,235.0,237.0,,,2.1,9.6,76.0,12.2,7.78,4.11,0.98,2.33,2.07,3.56,0.285,0.01
17HR-269,237.0,239.0,,0.07,9.3,8.8,74.0,12.5,7.75,4.16,1.04,2.37,2.17,3.4,0.289,0.02
17HR-269,239.0,241.0,,0.11,13.4,9.3,61.0,21.2,7.19,3.19,0.99,4.81,1.64,3.67,0.278,0.06
17HR-269,241.0,243.0,,0.31,46.1,9.6,71.0,54.4,8.47,3.92,1.13,1.85,1.81,3.82,0.326,0.45
17HR-269,243.0,245.0,0.011,0.18,2.9,10.3,70.0,231.0,8.27,4.49,1.18,2.88,1.37,3.84,0.329,1.42
17HR-269,245.0,247.0,,0.82,104.5,9.6,71.0,19.7,7.27,3.93,0.84,3.77,2.07,3.04,0.284,0.16
17HR-269,247.0,249.0,,0.01,3.5,9.2,69.0,15.5,7.89,4.17,0.88,2.54,2.35,3.28,0.294,0.03
17HR-269,249.0,251.0,,0.02,3.5,9.1,65.0,10.8,7.78,4.19,0.84,2.79,2.35,3.43,0.308,
17HR-269,251.0,253.0,,0.09,7.2,9.6,68.0,15.7,7.67,4.1,0.92,2.49,2.53,3.19,0.293,0.05
17HR-269,253.0,255.0,,0.15,14.6,8.9,80.0,10.7,7.37,4.16,1.03,3.64,2.49,2.91,0.303,0.02
17HR-269,255.0,257.0,,0.02,4.0,9.8,80.0,11.8,8.05,4.49,0.94,2.45,2.59,3.38,0.309,0.01
17HR-269,257.0,259.0,,0.32,51.8,9.7,86.0,12.8,8.3,4.37,1.11,1.85,2.41,3.55,0.304,0.01
17HR-269,259.0,261.0,0.008,0.02,4.9,9.5,80.0,11.7,7.41,4.25,0.89,3.82,2.81,3.03,0.301,0.02
17HR-269,259.0,261.0,,0.02,3.5,9.6,77.0,11.8,7.52,4.24,0.89,3.65,2.7,3.04,0.298,0.01
17HR-269,261.0,263.0,,0.04,4.0,10.2,80.0,12.6,7.64,4.41,0.92,2.93,2.73,3.15,0.306,0.01
17HR-269,263.0,265.0,,0.02,2.7,11.1,80.0,16.8,7.92,4.76,0.95,2.54,2.83,3.02,0.311,0.03
17HR-269,265.0,267.0,,0.06,7.3,9.6,92.0,11.2,8.53,4.87,1.28,1.35,2.96,2.82,0.305,0.01
17HR-269,267.0,269.0,,0.01,2.0,10.0,85.0,9.9,8.13,4.71,1.16,2.6,2.71,3.17,0.306,0.01
17HR-269,269.0,271.0,,0.02,2.7,10.7,82.0,10.0,8.52,4.77,1.09,2.07,2.66,3.4,0.324,
17HR-269,271.0,273.0,,0.15,26.5,8.1,103.0,9.8,7.83,4.63,1.3,2.34,2.45,2.79,0.299,0.04
17HR-269,273.0,275.0,,0.01,2.9,9.6,86.0,10.7,8.67,5.29,0.91,2.25,2.86,3.25,0.316,0.02
17HR-269,275.0,277.0,,0.01,2.8,9.8,95.0,10.1,8.27,4.84,0.99,2.26,3.0,3.04,0.308,0.02
17HR-269,277.0,279.0,,0.02,2.7,9.5,78.0,11.6,7.9,4.62,1.07,2.43,2.82,3.09,0.311,0.01
17HR-269,279.0,281.0,,0.07,15.9,9.9,96.0,10.7,8.45,4.81,1.32,2.1,3.09,3.09,0.309,0.01
17HR-269,281.0,283.0,,0.03,7.9,9.7,89.0,10.5,8.41,4.7,1.33,2.26,3.55,2.72,0.307,0.01
17HR-269,283.0,285.0,,0.03,4.3,9.5,83.0,10.5,8.23,4.56,1.21,2.73,3.06,3.24,0.306,0.01
17HR-269,285.0,287.0,,0.01,2.7,10.7,72.0,10.3,8.42,4.76,0.94,2.27,2.99,3.32,0.286,0.01
17HR-269,287.0,289.0,,0.02,3.0,9.1,68.0,8.7,8.62,4.77,0.91,2.12,3.08,3.18,0.299,0.02
17HR-269,289.0,291.0,,0.03,5.4,9.5,83.0,8.9,8.16,4.75,1.05,2.08,3.05,3.02,0.274,0.01
17HR-269,291.0,293.0,,0.02,5.8,10.6,80.0,8.7,8.19,4.75,1.0,2.26,3.1,3.1,0.283,
17HR-269,293.0,295.0,,0.02,4.3,9.1,72.0,8.7,7.71,4.25,1.01,2.43,3.02,2.8,0.28,
17HR-269,295.0,297.0,,0.02,2.9,11.2,79.0,10.5,8.03,4.56,1.14,2.73,3.19,3.05,0.317,
17HR-269,297.0,299.0,,0.05,13.7,10.3,82.0,8.1,7.89,4.51,1.09,2.72,2.89,3.06,0.295,0.01
17HR-269,299.0,301.0,,0.04,7.3,10.4,84.0,7.1,7.58,4.61,1.01,3.5,2.57,3.01,0.293,0.01
17HR-269,301.0,303.0,,0.26,13.7,11.6,104.0,11.5,7.96,4.75,1.11,2.58,2.34,3.0,0.298,0.02
17HR-269,303.0,305.0,,0.34,56.7,9.4,86.0,7.3,8.38,4.91,1.06,1.94,2.17,3.4,0.303,0.01
17HR-269,305.0,307.0,,0.06,7.7,9.3,73.0,8.1,8.74,4.8,1.02,1.74,2.04,3.63,0.304,
17HR-269,307.0,309.0,,0.04,7.8,10.6,75.0,7.3,7.96,4.53,1.06,2.07,1.74,3.56,0.292,0.01
17HR-269,309.0,311.0,,0.03,2.2,11.0,63.0,17.3,8.15,4.4,0.85,2.28,1.65,3.61,0.309,0.03
17HR-269,311.0,313.0,,0.01,1.4,11.9,71.0,13.3,7.5,4.36,0.92,2.59,1.31,3.61,0.306,0.01
17HR-269,313.0,315.0,,0.01,1.5,10.2,76.0,7.9,7.08,3.77,1.01,2.76,1.4,3.28,0.291,0.01
17HR-269,315.0,317.0,,0.02,3.4,9.4,69.0,8.0,7.33,3.94,1.0,3.08,1.56,3.28,0.302,
17HR-269,317.0,319.0,,0.01,1.5,10.7,72.0,8.5,7.93,4.41,0.98,2.42,1.68,3.32,0.307,
17HR-269,319.0,321.0,,0.01,1.8,11.4,69.0,8.0,7.73,4.29,0.83,2.66,1.44,3.41,0.304,0.02
17HR-269,321.0,323.0,,0.02,1.9,10.4,70.0,9.8,7.5,4.24,0.83,2.92,1.44,3.44,0.305,0.02
17HR-269,323.0,325.0,,0.01,1.4,11.2,67.0,6.9,7.24,4.14,0.84,3.01,1.0,3.64,0.304,0.01
17HR-269,325.0,327.0,,0.01,1.9,11.2,76.0,7.2,7.67,4.06,0.96,2.73,0.88,3.79,0.313,0.01
17HR-269,327.0,329.0,,0.01,3.7,9.3,69.0,6.9,7.58,3.8,0.81,2.79,1.21,3.55,0.315,0.02
17HR-269,329.0,331.0,,0.01,1.6,11.6,64.0,7.6,7.21,4.07,0.78,3.16,1.1,3.49,0.3,0.06
17HR-269,331.0,333.0,,0.01,1.7,11.9,59.0,7.9,7.34,4.14,0.77,3.17,1.35,3.33,0.301,0.04
17HR-269,333.0,335.0,,0.02,2.0,12.5,78.0,8.2,7.85,4.05,0.84,2.27,1.01,3.57,0.303,0.02
17HR-269,335.0,337.0,,0.01,1.7,12.3,67.0,8.0,8.13,4.25,0.89,2.49,1.23,3.56,0.317,0.01
17HR-269,337.0,339.0,,0.01,1.4,10.1,83.0,5.0,7.89,3.82,1.04,2.1,0.43,3.8,0.306,0.04
17HR-269,339.0,341.0,,0.02,4.2,9.6,77.0,4.8,6.99,3.49,0.9,3.44,0.24,3.61,0.288,0.05
17HR-269,341.0,343.0,,0.01,1.7,11.3,82.0,5.7,7.49,4.23,0.94,2.85,0.43,3.7,0.306,
17HR-269,343.0,345.0,,0.02,1.7,10.4,73.0,3.8,7.49,4.41,0.87,3.01,0.6,3.57,0.302,0.02
17HR-269,345.0,347.0,,0.03,3.9,6.3,85.0,1.9,6.84,3.41,1.11,4.71,0.58,3.18,0.281,0.01
17HR-269,347.0,349.0,,0.04,4.3,6.6,89.0,1.9,7.1,3.5,1.15,4.67,0.59,3.32,0.291,0.02
17HR-269,347.0,349.0,,1.4,220.0,5.3,92.0,2.3,7.02,3.48,1.25,4.61,0.64,3.08,0.289,0.03
17HR-269,349.0,351.0,,0.02,3.9,8.3,72.0,2.3,6.94,3.5,0.93,4.66,0.68,3.18,0.285,
17HR-269,351.0,353.0,,0.04,2.1,9.3,64.0,9.0,7.19,4.02,0.81,3.89,0.55,3.35,0.291,0.08
17HR-269,353.0,355.0,,0.01,1.7,12.3,59.0,3.3,7.2,4.08,0.66,3.66,0.49,3.53,0.294,
17HR-269,355.0,357.0,,0.01,1.4,11.3,59.0,2.9,7.93,4.52,0.74,2.78,0.6,3.54,0.297,0.01
17HR-269,357.0,359.0,,0.02,1.6,11.9,54.0,5.4,7.69,4.36,0.77,2.96,0.58,3.36,0.293,0.08
17HR-269,359.0,361.0,,0.02,2.3,6.7,109.0,2.4,7.61,3.26,1.51,3.31,0.4,3.2,0.298,0.01
17HR-269,361.0,363.0,,0.72,66.1,8.2,100.0,1.7,7.91,2.53,1.44,2.82,0.44,3.34,0.313,0.01
17HR-269,363.0,365.0,,0.62,42.7,8.2,84.0,3.3,7.81,3.73,1.32,3.55,0.6,3.12,0.298,0.06
17HR-269,365.0,367.0,,0.4,8.3,8.0,88.0,3.3,7.99,3.73,1.33,3.33,0.32,3.45,0.317,0.07
17HR-269,367.0,369.0,,0.14,9.4,8.4,67.0,2.2,7.65,3.23,1.03,3.5,0.58,3.25,0.296,0.01
17HR-269,369.0,371.0,,0.54,31.7,7.6,74.0,2.8,7.55,3.16,1.1,3.21,0.59,3.11,0.288,0.05
17HR-269,371.0,373.0,,0.56,34.5,10.5,86.0,2.0,7.29,3.22,1.2,3.44,0.66,2.91,0.291,0.03
17HR-269,373.0,375.0,,0.42,20.4,35.7,67.0,17.6,7.65,3.53,0.94,3.3,0.45,3.15,0.284,0.17
17HR-269,375.0,377.0,,0.13,12.7,13.0,54.0,7.5,7.39,3.36,0.76,4.09,0.68,3.01,0.276,0.1
17HR-269,377.0,379.0,,0.05,3.4,9.2,48.0,2.0,7.11,3.64,0.7,4.03,0.82,3.19,0.287,0.03
17HR-269,379.0,381.0,,0.06,3.2,9.9,67.0,2.4,7.43,4.01,0.91,4.86,0.79,3.37,0.303,0.03
17HR-269,381.0,383.0,,0.24,10.4,9.9,73.0,1.6,7.77,3.86,0.98,4.17,0.57,3.35,0.297,0.01
17HR-269,383.0,385.0,,0.33,18.1,9.8,70.0,1.0,7.58,3.32,1.0,4.37,0.46,3.42,0.3,0.01
17HR-269,385.0,387.0,0.006,0.88,40.1,8.4,79.0,1.2,7.29,3.39,1.05,4.75,0.54,3.16,0.288,0.03
17HR-269,387.0,389.0,,0.08,4.4,9.3,66.0,2.8,7.56,3.97,0.87,4.23,0.59,3.51,0.304,0.05
17HR-269,389.0,391.0,,0.59,17.6,8.5,95.0,1.9,7.47,4.08,1.14,3.7,0.82,3.12,0.297,0.03
17HR-269,391.0,393.0,,0.23,9.5,9.0,72.0,2.4,6.92,3.33,1.0,4.08,0.65,3.24,0.283,0.07
17HR-269,393.0,395.0,,0.86,22.6,8.9,85.0,10.6,7.94,3.76,1.15,3.41,0.67,3.49,0.308,0.1
17HR-269,395.0,397.0,,0.17,5.8,10.0,80.0,2.5,6.96,3.97,1.0,4.1,0.91,3.09,0.287,0.01
17HR-269,397.0,399.0,,0.47,1.6,8.7,83.0,2.2,7.36,4.26,1.08,3.72,0.93,3.12,0.3,0.02
17HR-269,399.0,401.0,,0.25,1.3,9.2,93.0,3.0,7.49,4.16,1.2,4.46,0.59,3.02,0.293,0.1
17HR-269,401.0,403.0,,0.2,15.8,7.0,106.0,3.5,8.17,4.48,1.06,2.88,0.37,3.36,0.326,0.22
17HR-269,403.0,404.0,,0.24,5.3,6.9,115.0,3.3,7.92,4.58,1.05,3.82,0.62,3.33,0.329,0.15
17HR-269,405.0,407.0,0.006,1.29,11.5,13.0,116.0,5.0,7.84,4.51,1.04,3.26,0.29,3.31,0.297,0.67
17HR-269,407.0,409.0,0.01,1.75,21.2,19.7,75.0,10.0,7.05,4.38,0.67,5.01,0.47,3.34,0.314,1.98
17HR-269,409.0,411.0,,1.51,16.1,13.4,135.0,5.2,7.93,5.06,1.14,4.71,0.59,3.16,0.331,1.11
17HR-269,411.0,413.0,0.28,70.5,35.0,946.0,641.0,23.0,7.87,4.4,1.11,4.72,0.31,3.31,0.321,0.87
17HR-269,413.0,415.0,0.211,4.78,184.5,70.3,101.0,64.1,7.13,3.59,0.97,4.08,0.24,3.09,0.27,0.94
17HR-269,415.0,417.0,,0.08,9.0,6.6,84.0,2.7,7.79,4.16,1.16,4.29,0.39,3.16,0.288,0.09
17HR-269,417.0,419.0,,0.06,0.9,8.4,67.0,2.9,7.16,3.76,0.99,4.72,0.41,3.15,0.278,0.06
17HR-269,419.0,421.0,,0.18,1.0,8.0,68.0,2.6,7.09,3.92,0.94,4.73,0.52,3.29,0.282,0.05
17HR-269,421.0,423.0,,0.17,9.3,8.3,91.0,4.4,7.43,3.79,1.14,4.54,0.44,2.92,0.266,0.28
17HR-269,423.0,425.0,,0.07,16.6,8.2,117.0,1.2,7.74,4.06,1.33,3.59,0.73,2.9,0.286,0.02
17HR-269,425.0,427.0,,0.15,7.6,6.7,118.0,2.6,8.02,4.48,1.19,2.4,0.64,3.31,0.319,0.05
17HR-269,427.0,429.0,,0.1,1.5,6.8,105.0,2.8,8.13,4.53,1.13,2.49,0.98,3.24,0.314,0.06
17HR-269,429.0,431.0,,0.06,1.0,7.6,87.0,2.2,7.97,4.45,0.93,3.1,1.17,3.19,0.303,0.06
17HR-269,431.0,433.0,,0.06,1.2,7.8,106.0,2.7,7.98,4.86,0.98,3.4,1.22,3.41,0.333,0.04
17HR-269,433.0,435.0,,0.2,20.5,9.0,111.0,16.3,7.73,4.17,1.19,3.4,0.87,3.12,0.303,0.17
17HR-269,435.0,437.0,,0.36,43.6,9.0,122.0,3.2,7.68,3.95,1.37,3.82,1.18,2.67,0.283,0.09
17HR-269,435.0,437.0,,0.36,33.9,9.0,122.0,4.3,7.53,3.95,1.37,3.85,1.14,2.67,0.282,0.08
17HR-269,437.0,439.0,,0.83,14.4,22.6,145.0,5.5,7.93,4.74,1.74,3.62,1.24,2.34,0.278,0.44
17HR-269,439.0,441.0,,0.27,12.1,9.0,122.0,2.4,8.15,4.16,1.42,3.43,1.18,2.68,0.289,0.09
17HR-269,441.0,443.0,,0.29,8.5,12.5,114.0,2.5,7.29,4.1,1.12,4.2,1.07,2.76,0.287,0.11
17HR-269,443.0,445.0,,0.28,13.2,14.0,111.0,3.0,7.62,4.15,1.12,3.94,1.11,2.73,0.275,0.16
17HR-269,445.0,447.0,,0.45,12.7,34.6,109.0,3.1,8.2,4.1,1.13,4.28,1.17,2.84,0.28,0.23
17HR-269,447.0,449.0,,0.68,14.2,33.4,112.0,4.8,8.48,4.08,1.18,3.74,0.89,3.12,0.288,0.37
17HR-269,449.0,451.0,0.006,0.88,7.7,31.9,105.0,6.8,7.87,3.95,1.15,4.74,0.99,2.8,0.274,0.49
17HR-269,451.0,453.0,,0.92,8.9,47.3,109.0,7.0,7.87,4.03,1.21,3.85,0.91,2.9,0.28,0.48
17HR-269,453.0,455.0,,0.88,9.8,25.6,103.0,4.8,7.98,3.93,1.24,4.06,1.03,2.73,0.277,0.39
17HR-269,455.0,457.0,,0.69,9.5,19.1,97.0,4.6,7.56,3.82,1.14,5.4,0.99,2.61,0.26,0.27
17HR-269,457.0,459.0,0.005,0.73,9.3,20.6,110.0,3.4,6.96,3.91,1.08,4.31,0.94,2.75,0.271,0.21
17HR-269,459.0,461.0,0.007,1.69,10.3,35.0,110.0,4.1,7.41,3.86,1.05,4.37,1.1,2.77,0.268,0.45
17HR-269,461.0,463.0,0.21,4.74,31.4,413.0,246.0,21.8,7.22,3.68,1.06,5.37,0.75,2.89,0.264,0.66
17HR-269,463.0,465.0,0.863,2.59,16.5,102.5,159.0,43.0,7.25,4.02,1.13,3.63,0.12,3.38,0.281,1.73
17HR-269,465.0,467.0,0.017,1.17,16.2,45.7,112.0,13.1,7.15,3.72,1.18,5.25,0.27,3.22,0.28,0.61
17HR-269,467.0,469.0,,0.85,87.4,8.6,114.0,3.2,7.54,4.25,1.51,4.06,1.01,2.8,0.332,0.18
17HR-269,469.0,471.0,,1.2,108.5,9.1,108.0,4.3,7.49,4.12,1.4,5.07,0.89,2.84,0.295,0.28
17HR-269,471.0,473.0,,0.08,3.2,6.3,91.0,2.3,7.3,3.97,1.14,4.94,0.8,3.2,0.301,0.06
17HR-269,473.0,475.0,,0.06,2.5,7.1,99.0,2.4,7.93,4.42,1.78,3.83,1.75,2.6,0.321,0.05
17HR-269,475.0,477.0,,0.13,12.5,9.4,88.0,2.1,7.32,4.02,1.42,4.13,1.64,2.58,0.289,0.07
17HR-269,477.0,479.0,,0.12,4.2,11.4,76.0,4.6,7.19,3.93,1.07,4.44,1.62,2.64,0.284,0.09
17HR-269,479.0,481.0,,0.2,15.1,10.9,99.0,6.7,7.86,4.31,1.31,4.1,1.49,3.06,0.316,0.06
17HR-269,481.0,483.0,0.006,1.03,26.6,830.0,85.0,10.3,6.98,3.72,1.12,4.77,1.01,2.93,0.274,0.2
17HR-269,483.0,485.0,,0.06,1.5,11.4,83.0,3.6,7.48,3.88,1.21,3.36,1.2,3.23,0.284,0.07
17HR-269,485.0,487.0,,0.02,0.8,8.7,64.0,7.4,7.23,3.63,1.3,3.01,1.67,3.14,0.259,0.1
17HR-269,487.0,489.0,,0.03,1.0,9.9,77.0,7.7,6.93,3.64,1.41,2.66,1.7,3.18,0.258,0.02
17HR-269,489.0,491.0,,0.03,0.8,8.7,57.0,11.1,7.11,3.88,0.93,3.95,1.6,3.15,0.269,0.07
17HR-269,491.0,493.0,,0.06,1.9,6.8,63.0,15.0,6.72,3.74,0.99,4.91,0.94,3.23,0.256,0.11
17HR-269,493.0,495.0,,0.18,13.6,5.8,79.0,2.4,7.04,3.89,1.05,4.08,0.75,3.48,0.289,0.05
17HR-269,495.0,497.0,,0.11,14.7,4.8,88.0,3.9,7.44,3.77,1.29,4.83,0.65,3.28,0.28,0.09
17HR-269,497.0,499.0,0.005,1.31,19.4,54.1,60.0,6.4,7.78,4.03,1.03,3.62,0.75,3.54,0.278,2.81
17HR-269,499.0,501.0,0.008,1.25,14.6,115.5,52.0,9.4,6.48,3.76,0.85,9.26,0.17,3.31,0.227,2.92
17HR-269,501.0,503.0,0.012,0.75,12.6,101.5,86.0,8.2,7.46,3.38,1.0,3.46,0.31,3.95,0.292,1.13
17HR-269,503.0,505.0,0.005,0.3,16.7,11.5,105.0,3.2,7.64,3.6,1.4,3.39,0.26,3.43,0.265,0.32
17HR-269,505.0,507.0,,0.08,4.1,3.6,81.0,1.7,7.44,3.98,1.01,4.21,0.52,3.77,0.282,0.06
17HR-269,507.0,509.0,0.021,0.16,3.8,6.3,81.0,26.1,7.82,4.14,1.14,4.36,0.5,3.7,0.293,0.27
17HR-269,509.0,511.0,0.012,0.41,35.9,12.2,113.0,16.4,7.68,3.75,1.68,4.04,0.55,3.27,0.27,0.5
17HR-269,511.0,513.0,,0.15,18.0,4.5,84.0,3.7,7.29,4.01,1.17,3.66,0.78,3.46,0.276,0.03
17HR-269,513.0,515.0,,0.31,11.3,8.1,77.0,3.7,7.75,4.1,1.04,4.19,1.2,3.46,0.289,0.02
17HR-269,515.0,517.0,,0.05,2.0,5.9,68.0,2.8,7.61,4.04,1.0,4.02,1.34,3.41,0.276,0.04
17HR-269,517.0,519.0,,0.03,1.5,6.1,63.0,2.0,7.74,4.04,1.0,3.59,1.59,3.39,0.271,0.03
17HR-269,519.0,521.0,,0.05,1.8,5.3,66.0,3.5,7.78,3.88,1.15,3.39,0.97,3.74,0.277,0.03
17HR-269,521.0,523.0,,0.03,1.2,5.7,74.0,1.2,7.25,3.97,1.25,3.09,1.14,3.68,0.305,0.01
17HR-269,523.0,525.0,,0.79,58.1,5.2,82.0,0.7,6.89,3.81,1.66,3.45,1.68,2.99,0.277,0.01
17HR-269,523.0,525.0,,0.86,62.0,5.6,83.0,0.7,7.68,3.99,1.76,3.25,1.71,3.06,0.282,0.01
17HR-269,525.0,527.0,,0.77,74.7,5.6,89.0,1.6,6.99,3.77,1.74,3.36,1.89,2.73,0.277,0.01
17HR-269,527.0,529.0,,0.41,38.2,5.9,83.0,9.9,6.96,3.83,1.44,3.32,2.05,2.96,0.288,0.01
17HR-269,529.0,531.0,,0.01,1.5,7.4,63.0,1.7,7.21,4.03,1.24,3.12,2.28,3.14,0.285,0.02
17HR-269,531.0,533.0,,0.01,1.3,8.0,75.0,3.4,6.91,3.89,1.33,2.63,1.78,3.48,0.283,0.01
17HR-269,533.0,535.0,,0.01,1.3,7.3,62.0,2.9,6.8,3.93,1.12,4.01,1.83,3.52,0.286,0.01
17HR-269,535.0,537.0,,0.01,0.9,6.8,62.0,1.3,6.82,4.04,1.09,3.31,1.55,3.73,0.296,0.01
17HR-269,537.0,539.0,,0.02,1.0,7.2,60.0,1.9,7.07,4.03,0.97,3.63,1.67,3.71,0.296,0.04
17HR-269,539.0,541.0,,0.09,48.7,12.2,75.0,7.1,7.1,3.67,1.3,4.39,1.32,3.36,0.294,0.14
17HR-269,541.0,543.0,,0.02,1.7,5.0,75.0,2.3,7.72,4.09,1.39,2.83,1.63,3.38,0.291,0.04
17HR-269,543.0,545.0,,0.03,1.7,5.5,84.0,2.1,7.29,4.05,1.5,2.62,1.5,3.43,0.291,0.05
17HR-269,545.0,547.0,,0.04,1.5,5.4,84.0,1.8,7.7,4.18,1.64,3.09,1.7,3.28,0.296,0.06
17HR-269,547.0,549.0,0.005,0.05,1.5,5.7,79.0,1.9,7.41,4.18,1.49,2.9,1.39,3.36,0.288,0.04
17HR-269,549.0,551.0,,0.39,35.8,100.5,78.0,20.3,7.87,3.44,1.38,1.88,1.81,3.17,0.291,0.21
17HR-269,551.0,553.0,,0.25,27.9,29.0,98.0,2.4,6.81,3.5,1.47,3.51,1.25,3.11,0.29,0.01
17HR-269,553.0,555.0,,0.08,4.9,6.0,72.0,1.4,7.56,3.91,1.28,3.36,1.4,3.6,0.312,0.02
17HR-269,555.0,557.0,,0.1,5.4,8.1,74.0,1.4,7.2,4.19,1.16,3.61,1.81,3.27,0.313,0.01
17HR-269,557.0,559.0,,0.05,4.1,7.4,63.0,1.3,6.93,3.98,1.01,3.94,1.81,3.25,0.288,0.08
17HR-269,559.0,561.0,,0.06,4.8,9.5,67.0,0.9,6.93,3.81,0.98,3.63,1.45,3.36,0.287,0.01
17HR-269,561.0,563.0,,0.12,12.4,21.1,72.0,1.2,7.04,3.56,1.24,4.21,0.82,3.43,0.276,0.01
17HR-269,563.0,565.0,,0.21,9.0,41.9,68.0,5.0,7.04,3.8,1.18,3.57,1.18,3.53,0.286,0.07
17HR-269,565.0,567.0,0.009,0.93,106.0,332.0,68.0,3.5,6.87,3.52,1.13,3.73,1.2,3.33,0.271,0.08
17HR-269,567.0,569.0,0.014,1.03,167.5,355.0,92.0,3.0,6.86,3.35,1.35,3.2,1.28,3.08,0.283,0.1
17HR-269,569.0,571.0,,0.33,52.6,7.3,85.0,0.9,6.68,3.73,1.33,3.37,1.3,2.97,0.268,0.03
17HR-269,571.0,573.0,,0.24,26.7,5.4,80.0,1.7,7.71,4.05,1.32,3.37,1.4,3.17,0.29,0.06
17HR-269,573.0,575.0,,0.12,5.3,5.1,84.0,1.5,6.84,3.72,1.25,4.23,1.11,3.06,0.275,0.04
17HR-269,575.0,577.0,,0.16,15.9,4.6,90.0,0.8,7.4,3.84,1.33,3.92,1.07,3.1,0.272,0.04
17HR-269,577.0,579.0,0.007,0.56,85.7,7.1,94.0,2.7,6.86,3.5,1.3,4.01,1.05,2.89,0.262,0.12
17HR-269,579.0,581.0,,0.2,12.3,4.9,102.0,0.5,7.62,3.89,1.37,4.49,0.8,3.21,0.271,0.14
17HR-269,581.0,583.0,,0.31,18.5,5.0,109.0,1.8,7.18,3.61,1.14,4.98,0.52,3.38,0.266,0.48
17HR-269,583.0,585.0,0.008,0.79,12.5,26.8,151.0,7.5,7.03,3.46,0.85,5.08,0.38,3.45,0.25,1.76
17HR-269,585.0,587.0,0.011,1.4,20.3,106.5,147.0,13.5,7.2,3.54,0.89,3.93,0.48,3.5,0.264,1.82
17HR-269,587.0,589.0,0.013,0.14,6.8,4.1,113.0,2.3,7.07,3.75,1.16,4.42,0.52,3.28,0.258,0.09
17HR-269,589.0,591.0,,0.5,46.4,5.7,121.0,2.3,7.23,4.09,1.27,4.53,0.7,3.27,0.304,0.16
17HR-269,591.0,593.0,,0.14,5.7,5.5,102.0,2.0,7.25,3.89,1.13,4.46,0.85,3.35,0.272,0.2
17HR-269,593.0,595.0,,0.06,0.8,4.2,73.0,2.1,7.11,3.7,0.95,7.19,0.81,3.37,0.269,0.05
17HR-269,595.0,597.0,,0.03,0.6,4.0,76.0,2.2,7.15,3.9,0.96,5.36,0.96,3.48,0.295,0.06
17HR-269,597.0,599.0,,0.03,0.7,4.1,87.0,2.1,6.74,3.87,1.14,5.26,1.05,3.24,0.272,0.05
17HR-269,599.0,601.0,,0.03,0.6,4.5,91.0,2.0,7.4,3.77,1.26,5.57,1.09,3.03,0.263,0.04
17HR-269,601.0,603.0,,0.09,0.9,4.8,95.0,2.2,6.84,3.78,1.25,5.34,1.18,2.92,0.277,0.05
17HR-269,603.0,605.0,,0.04,1.3,4.1,109.0,1.9,7.38,3.97,1.47,5.21,1.53,2.68,0.28,0.06
17HR-269,605.0,607.0,,0.41,25.1,9.5,127.0,4.9,7.66,3.89,1.76,6.68,1.29,2.51,0.257,0.69
17HR-269,607.0,609.0,0.006,1.06,21.3,167.0,52.0,33.4,7.18,4.0,0.97,5.8,1.18,3.21,0.283,3.36
17HR-269,609.0,611.0,,0.88,51.4,63.3,91.0,27.3,7.18,3.88,1.33,5.15,1.39,2.9,0.277,1.52
17HR-269,611.0,613.0,,0.24,26.0,5.9,87.0,3.0,7.12,3.88,1.28,4.05,1.29,3.2,0.266,0.03
17HR-269,611.0,613.0,,0.22,24.0,5.9,88.0,3.3,7.31,3.99,1.3,4.11,1.33,3.29,0.278,0.04
17HR-269,613.0,615.0,,0.05,11.2,5.9,75.0,2.4,7.44,3.86,1.18,3.89,1.66,3.27,0.281,0.05
17HR-269,615.0,617.0,0.013,1.63,14.9,15.6,81.0,67.7,6.96,4.53,1.49,4.66,0.82,3.23,0.293,1.02
17HR-269,617.0,619.0,0.006,0.79,18.5,14.9,81.0,19.4,7.74,4.07,1.56,4.79,0.49,3.86,0.305,0.4
17HR-269,619.0,621.0,,0.2,5.5,13.8,89.0,5.7,7.98,4.46,1.85,4.12,1.32,3.24,0.319,0.11
17HR-269,621.0,623.0,,0.02,1.0,6.4,86.0,1.5,7.76,4.25,1.86,4.13,1.64,2.82,0.315,
17HR-269,623.0,625.0,,0.01,0.8,6.7,94.0,1.9,7.71,4.31,1.86,4.18,1.62,2.77,0.323,
17HR-269,625.0,627.0,,0.03,0.8,7.6,115.0,2.5,8.01,4.95,2.37,4.06,2.02,2.45,0.389,0.04
17HR-269,627.0,629.0,,0.01,1.2,8.2,88.0,2.4,7.81,4.35,1.71,4.18,2.0,2.65,0.314,0.01
17HR-269,629.0,631.0,,0.02,0.7,7.5,83.0,2.0,7.59,3.98,1.41,3.98,1.86,2.71,0.296,0.02
17HR-269,631.0,632.0,,0.02,0.7,6.9,68.0,2.9,7.46,4.58,1.19,4.35,1.79,3.05,0.334,0.03
17HR-270,1.45,3.0,,0.28,6.7,9.3,95.0,5.9,7.83,5.17,1.67,2.56,1.77,2.74,0.326,1.8
17HR-270,3.0,5.0,0.006,0.31,5.2,10.0,76.0,7.9,8.0,5.11,1.24,2.8,1.85,2.68,0.321,2.14
17HR-270,5.0,7.0,0.008,0.37,5.9,13.1,52.0,5.7,7.98,5.08,1.19,2.92,1.66,3.04,0.32,3.34
17HR-270,7.0,9.0,0.032,0.25,13.8,9.0,76.0,17.5,7.48,5.1,1.36,2.88,1.24,2.99,0.305,2.64
17HR-270,9.0,11.0,0.006,0.17,31.6,6.2,85.0,4.6,8.71,4.93,1.44,2.07,1.21,3.16,0.329,1.46
17HR-270,11.0,13.0,0.018,1.05,7.5,11.5,74.0,8.0,8.45,5.46,1.34,2.36,0.91,3.43,0.337,3.24
17HR-270,13.0,15.0,0.009,0.23,22.4,9.1,77.0,6.0,7.33,4.97,1.4,3.47,1.5,2.71,0.319,3.27
17HR-270,15.0,17.0,0.007,0.11,5.8,6.2,106.0,3.4,7.64,5.74,1.93,3.9,1.91,2.24,0.313,2.75
17HR-270,17.0,19.0,,0.16,9.5,6.7,123.0,6.4,7.78,5.77,2.11,3.64,1.76,2.14,0.301,1.22
17HR-270,19.0,21.0,0.012,0.19,11.2,8.1,114.0,14.8,7.77,6.14,2.09,2.51,1.99,2.11,0.311,2.24
17HR-270,21.0,23.0,0.012,0.18,3.6,6.0,100.0,19.5,7.79,5.96,1.8,2.41,1.75,2.38,0.294,2.23
17HR-270,23.0,25.0,0.017,0.26,36.1,6.5,95.0,19.2,7.99,5.81,1.65,1.84,1.74,2.3,0.295,1.83
17HR-270,25.0,27.0,0.015,0.16,22.2,4.3,106.0,36.8,7.17,5.69,1.6,2.97,1.37,2.01,0.278,1.11
17HR-270,27.0,29.0,0.015,0.23,14.8,6.5,94.0,21.5,8.08,6.11,1.57,1.91,1.75,2.44,0.3,2.24
17HR-270,29.0,31.0,,0.2,5.6,5.8,80.0,8.0,7.9,5.02,1.33,3.0,1.65,2.76,0.32,2.37
17HR-270,31.0,33.0,,0.25,14.6,7.6,114.0,6.6,8.52,5.15,1.97,1.31,0.97,3.17,0.364,1.53
17HR-270,33.0,35.0,,0.23,30.0,14.0,92.0,9.1,8.15,4.87,1.47,1.2,1.3,2.89,0.326,2.08
17HR-270,35.0,36.6,0.01,0.48,19.2,24.2,120.0,18.1,8.44,5.85,1.85,1.37,1.15,2.88,0.309,2.33
17HR-270,36.6,38.6,0.999,4.11,437.0,3920.0,1790.0,61.2,5.06,8.06,3.01,4.94,0.52,1.27,0.175,4.64
17HR-270,38.6,40.6,0.781,5.05,372.0,315.0,152.0,95.7,6.38,9.82,2.74,3.99,0.56,1.98,0.232,6.37
17HR-270,40.6,42.6,0.605,8.06,1640.0,20.3,90.0,61.4,6.47,7.06,2.73,4.95,0.95,1.96,0.264,4.35
17HR-270,42.6,44.0,,0.26,28.8,7.5,85.0,4.3,7.88,5.02,1.53,4.19,2.32,2.27,0.345,2.48
17HR-270,44.0,46.0,0.007,0.29,21.2,8.7,93.0,8.1,7.83,5.22,1.72,3.26,2.44,2.36,0.338,2.53
17HR-270,46.0,48.0,,0.08,19.1,2.9,112.0,3.5,8.13,5.13,1.94,1.29,2.79,1.97,0.362,0.34
17HR-270,48.0,50.0,,0.03,5.9,3.0,113.0,2.3,8.2,5.34,1.95,2.27,2.63,2.05,0.388,0.1
17HR-270,50.0,52.0,,0.07,13.4,4.1,108.0,3.7,8.25,5.13,2.13,1.31,2.15,2.33,0.37,0.5
17HR-270,52.0,54.0,0.013,0.24,5.0,9.3,107.0,5.6,8.37,5.6,2.42,1.38,2.48,2.33,0.36,1.92
17HR-270,54.0,56.0,,0.2,9.6,7.9,122.0,4.3,8.43,5.57,2.47,1.81,2.13,2.6,0.383,1.27
17HR-270,56.0,58.0,0.009,1.51,14.0,11.0,101.0,5.0,7.52,4.96,2.69,2.97,1.67,2.47,0.339,1.91
17HR-270,58.0,60.0,0.317,10.75,48.8,569.0,559.0,19.7,7.87,5.33,3.34,4.85,1.17,2.86,0.328,3.35
17HR-270,60.0,62.0,0.032,4.51,9.8,10.2,100.0,8.4,8.01,5.34,2.97,3.51,1.55,2.77,0.336,2.8
17HR-270,62.0,64.0,0.005,0.32,13.7,5.7,115.0,5.8,7.97,5.07,2.35,1.98,1.73,2.38,0.352,1.33
17HR-270,64.0,66.0,0.015,0.28,16.9,6.0,103.0,22.0,7.81,5.97,2.03,1.89,1.7,2.37,0.303,2.93
17HR-270,66.0,68.0,0.486,1.19,105.5,33.5,129.0,44.2,7.0,8.54,2.8,2.37,0.62,2.11,0.267,5.03
17HR-270,68.0,70.0,0.748,3.23,847.0,2920.0,1060.0,32.9,6.83,7.15,2.39,2.77,1.05,2.22,0.234,4.78
17HR-270,70.0,72.0,0.045,0.55,19.5,10.8,79.0,12.2,8.02,4.89,2.41,3.08,1.6,2.94,0.29,2.95
17HR-270,72.0,74.0,0.006,0.28,10.7,6.7,89.0,5.0,8.12,4.82,2.26,2.18,1.96,2.58,0.298,2.08
17HR-270,74.0,76.0,,0.12,23.3,3.6,88.0,3.3,7.59,4.49,2.26,2.65,1.58,2.45,0.293,0.81
17HR-270,76.0,78.0,,0.12,28.3,5.0,94.0,3.5,8.01,4.68,2.19,2.51,1.76,2.52,0.296,1.17
17HR-270,78.0,80.0,0.039,0.25,6.5,12.8,75.0,12.0,7.69,4.98,2.51,3.81,1.63,2.57,0.281,3.02
17HR-270,80.0,82.0,3.22,4.91,4040.0,11.9,71.0,11.8,6.74,6.45,2.85,5.0,1.16,2.31,0.239,4.28
17HR-270,82.0,84.0,0.044,0.17,12.7,6.6,85.0,10.0,7.81,5.13,1.6,2.48,1.95,2.82,0.303,3.03
17HR-270,84.0,86.0,0.063,0.28,12.5,14.9,115.0,13.2,7.58,4.92,1.65,4.0,1.66,2.9,0.298,3.18
17HR-270,86.0,88.0,0.046,0.29,6.2,8.4,78.0,17.6,7.77,5.64,2.28,3.03,1.58,2.72,0.273,3.49
17HR-270,86.0,88.0,0.049,0.31,6.6,10.0,75.0,19.3,7.33,5.57,2.3,3.22,1.45,2.67,0.263,3.44
17HR-270,88.0,90.0,0.362,0.87,14.4,14.5,121.0,30.6,7.32,7.92,2.26,2.19,1.97,1.83,0.252,4.09
17HR-270,90.0,92.0,0.031,0.49,9.8,7.6,93.0,17.1,7.96,5.0,1.82,3.61,1.97,2.84,0.316,1.49
17HR-270,92.0,94.0,0.021,0.16,21.5,5.3,97.0,5.7,8.2,5.22,2.09,3.91,1.97,2.89,0.307,1.48
17HR-270,94.0,96.0,0.026,0.11,6.8,5.4,102.0,5.7,8.12,5.27,1.81,3.53,2.4,2.66,0.325,1.15
17HR-270,96.0,98.0,0.038,0.19,6.2,7.9,84.0,18.6,7.5,5.65,2.01,2.08,2.29,2.78,0.301,3.23
17HR-270,98.0,100.0,0.038,0.4,4.9,4.9,80.0,11.7,7.77,5.48,2.01,2.02,2.2,2.83,0.299,3.06
17HR-270,100.0,102.0,0.107,1.23,7.7,12.0,88.0,32.6,7.79,7.08,2.08,1.55,1.66,2.69,0.276,4.57
17HR-270,102.0,104.0,0.033,0.33,11.2,5.1,79.0,27.0,7.67,5.5,1.94,2.79,2.26,2.58,0.297,2.93
17HR-270,104.0,106.0,0.052,1.13,6.7,12.5,72.0,70.4,7.03,5.09,2.02,3.99,1.57,2.78,0.281,2.52
17HR-270,106.0,108.0,,0.07,10.7,2.6,92.0,3.8,7.86,4.86,2.34,2.13,2.28,2.59,0.328,0.29
17HR-270,108.0,110.0,0.028,0.14,2.3,4.5,92.0,8.4,8.2,5.28,2.34,2.33,2.61,2.37,0.309,1.61
17HR-270,110.0,112.0,0.017,0.05,1.5,2.9,118.0,4.5,8.12,5.02,2.72,1.71,2.3,2.4,0.324,0.31
17HR-270,112.0,114.0,,0.02,1.3,2.1,107.0,6.4,8.13,5.05,2.77,1.71,2.51,2.37,0.322,0.17
17HR-270,114.0,116.0,,0.07,14.9,5.4,92.0,3.6,7.62,4.61,2.5,3.87,1.91,2.5,0.307,0.35
17HR-270,116.0,118.0,0.005,0.09,6.0,3.8,90.0,11.9,8.05,5.14,1.97,2.87,2.24,2.57,0.332,1.08
17HR-270,118.0,120.0,,0.12,44.0,3.2,79.0,10.2,7.94,5.09,2.1,2.72,1.8,2.67,0.3,1.87
17HR-270,120.0,122.0,0.035,0.17,8.3,5.3,94.0,29.9,8.07,6.87,2.64,2.48,1.71,2.51,0.31,2.75
17HR-270,122.0,124.0,,0.02,3.0,2.6,99.0,3.0,8.03,5.07,1.96,3.34,2.05,2.61,0.337,0.06
17HR-270,124.0,126.0,,0.48,2.1,5.5,103.0,3.0,8.02,5.38,1.93,3.24,1.94,2.84,0.358,0.17
17HR-270,126.0,128.0,,0.11,32.9,4.6,98.0,3.6,8.36,5.38,1.88,3.19,1.89,2.92,0.356,0.18
17HR-270,128.0,130.0,,0.05,8.2,4.4,107.0,4.3,8.08,5.37,1.99,3.45,1.6,2.86,0.349,0.58
17HR-270,130.0,132.0,0.012,0.24,16.5,11.9,106.0,4.6,7.85,5.42,2.09,3.19,1.57,3.05,0.35,1.68
17HR-270,132.0,134.0,0.07,0.95,555.0,22.1,74.0,23.2,5.82,4.63,3.49,7.4,0.87,2.28,0.222,3.31
17HR-270,134.0,136.0,0.018,0.21,20.2,8.8,110.0,23.8,7.85,4.9,1.88,3.23,2.13,2.51,0.324,0.53
17HR-270,136.0,138.0,,0.04,7.4,3.1,108.0,1.9,8.16,4.95,1.6,3.67,2.3,2.63,0.323,0.15
17HR-270,138.0,140.0,,0.01,2.6,2.8,112.0,2.0,8.06,4.88,1.73,3.6,2.16,2.61,0.324,0.07
17HR-270,140.0,142.0,,0.03,2.3,2.6,113.0,2.3,8.24,4.87,2.0,2.32,2.07,2.67,0.327,0.22
17HR-270,142.0,144.0,,0.09,23.5,6.4,88.0,7.9,7.95,5.13,1.77,2.59,1.91,2.64,0.331,1.83
17HR-270,144.0,146.0,,0.09,15.3,5.4,89.0,6.8,7.46,5.09,1.88,2.9,1.48,2.57,0.343,1.6
17HR-270,146.0,148.0,0.04,0.23,12.3,11.7,78.0,38.4,7.66,6.48,2.05,2.1,1.16,2.98,0.337,4.05
17HR-270,148.0,150.0,0.219,0.37,41.0,23.1,70.0,44.6,7.43,5.97,2.45,4.43,1.18,2.8,0.293,4.05
17HR-270,150.0,152.0,0.012,0.11,12.7,7.4,79.0,23.9,8.05,5.74,2.01,2.07,1.46,3.22,0.34,3.64
17HR-270,152.0,154.0,0.005,0.15,21.8,9.8,67.0,20.4,7.19,5.2,1.53,2.97,1.41,3.19,0.325,3.36
17HR-270,154.0,156.0,0.005,0.14,16.2,12.1,68.0,21.4,7.79,5.23,1.89,2.95,1.56,3.34,0.335,3.11
17HR-270,156.0,158.0,,0.2,17.3,12.3,81.0,30.9,8.14,5.28,2.15,2.44,1.39,3.43,0.338,3.15
17HR-270,158.0,160.0,0.015,0.27,33.3,11.7,73.0,31.9,7.3,5.03,2.16,2.7,1.21,3.17,0.314,3.37
17HR-270,160.0,162.0,0.01,0.21,21.5,8.4,105.0,38.7,7.67,5.24,2.1,1.99,1.57,3.37,0.349,2.83
17HR-270,162.0,164.0,0.008,0.18,26.0,9.2,78.0,23.6,7.32,5.02,2.43,3.92,1.1,3.08,0.303,2.76
17HR-270,164.0,166.0,0.011,0.28,8.9,11.1,69.0,19.3,7.29,5.74,2.05,2.81,1.42,3.3,0.318,3.81
17HR-270,166.0,167.4,0.012,0.28,46.3,10.6,81.0,30.2,8.25,5.84,1.84,2.59,1.15,3.68,0.34,3.23
17HR-270,167.4,168.0,,0.07,15.0,9.2,100.0,15.5,7.67,4.93,2.14,4.19,2.19,1.87,0.512,0.18
17HR-270,168.0,170.0,0.042,0.51,11.6,11.9,113.0,28.1,6.8,5.6,2.36,5.63,1.47,2.5,0.246,3.05
17HR-270,170.0,172.0,0.032,0.33,6.5,10.5,72.0,46.0,7.16,6.11,2.23,3.74,1.72,2.66,0.265,3.94
17HR-270,172.0,174.0,0.031,0.65,9.3,12.2,68.0,10.5,7.35,5.13,1.47,2.98,2.7,2.72,0.302,3.05
17HR-270,172.0,174.0,0.029,0.64,9.1,11.9,69.0,11.7,7.41,5.15,1.49,3.06,2.72,2.69,0.305,3.08
17HR-270,174.0,176.0,0.034,0.95,11.4,15.5,56.0,9.0,7.78,5.08,1.25,4.03,2.8,2.75,0.306,3.28
17HR-270,176.0,178.0,0.014,0.49,9.2,8.5,83.0,5.9,7.36,4.87,1.42,3.34,2.65,2.48,0.305,2.01
17HR-270,178.0,180.0,0.012,0.39,7.7,7.4,91.0,5.1,7.88,4.74,1.44,3.4,2.87,2.36,0.297,1.26
17HR-270,180.0,182.0,0.014,0.55,9.4,9.4,74.0,6.0,7.57,4.68,1.29,3.19,2.72,2.46,0.287,1.89
17HR-270,182.0,184.0,0.011,0.57,9.7,12.4,67.0,6.6,7.73,4.72,1.26,3.27,2.93,2.73,0.315,2.5
17HR-270,184.0,186.0,0.016,0.53,8.7,10.8,72.0,6.1,7.55,4.78,1.32,3.85,2.94,2.51,0.293,2.64
17HR-270,186.0,187.4,0.083,0.8,40.9,19.2,71.0,7.9,7.9,5.28,1.73,3.37,2.61,2.77,0.299,3.26
17HR-270,187.4,189.0,0.126,0.51,7.5,10.9,75.0,6.8,5.69,6.03,3.17,7.1,1.11,2.0,0.193,3.1
17HR-270,189.0,191.0,0.005,0.16,4.6,3.8,102.0,3.7,8.02,4.98,1.78,3.36,3.09,2.17,0.314,0.95
17HR-270,191.0,193.0,,0.04,3.4,1.8,100.0,2.7,8.23,4.9,1.6,3.42,3.15,2.03,0.318,0.38
17HR-270,193.0,195.0,,0.03,2.3,1.7,97.0,1.7,7.85,4.53,1.59,3.74,3.21,1.82,0.304,0.26
17HR-270,195.0,197.0,0.007,0.13,5.2,3.6,89.0,3.2,7.81,4.79,2.76,3.08,2.32,2.15,0.281,1.27
17HR-270,197.0,199.0,0.015,0.13,4.4,2.9,63.0,4.4,7.02,4.17,3.36,5.37,1.19,2.54,0.235,1.45
17HR-270,199.0,201.0,0.053,0.9,13.2,16.1,62.0,17.0,7.59,6.31,2.1,2.49,2.7,2.06,0.294,4.24
17HR-270,201.0,203.0,0.015,0.68,10.4,12.3,65.0,6.5,7.98,5.32,1.59,3.46,3.05,2.36,0.322,3.2
17HR-270,203.0,205.0,0.01,0.68,11.0,13.3,61.0,6.0,7.84,4.95,1.29,2.97,3.32,2.32,0.304,3.11
17HR-270,205.0,207.0,0.012,0.88,14.2,18.6,56.0,7.3,7.63,4.84,1.27,3.37,3.22,2.25,0.31,3.42
17HR-270,207.0,209.0,0.112,0.44,7.9,12.1,83.0,8.7,7.8,5.17,1.54,3.5,3.3,2.05,0.29,2.96
17HR-270,209.0,211.0,0.199,0.23,29.1,5.8,89.0,5.6,8.1,4.76,1.68,4.13,3.5,1.93,0.297,1.62
17HR-270,211.0,213.0,0.072,0.45,11.9,13.6,70.0,18.3,8.35,5.51,1.58,1.96,3.46,1.95,0.312,3.26
17HR-270,213.0,215.0,0.012,0.26,8.3,7.4,50.0,27.1,7.86,4.97,1.43,2.53,2.88,2.61,0.305,3.65
17HR-270,215.0,217.0,0.006,0.17,8.1,4.5,70.0,8.2,7.77,5.06,1.56,3.51,3.26,2.28,0.317,2.77
17HR-270,217.0,219.0,0.026,0.15,4.7,5.0,77.0,6.8,7.75,5.24,1.89,2.24,2.95,2.21,0.306,2.47
17HR-270,219.0,221.0,,0.05,3.2,2.1,98.0,3.4,8.19,4.92,2.14,2.44,3.27,1.78,0.309,0.53
17HR-270,221.0,223.0,,0.01,2.0,1.8,111.0,2.0,8.01,4.96,2.01,3.11,2.98,2.02,0.313,0.1
17HR-270,223.0,225.0,,0.03,2.6,2.8,108.0,2.9,8.23,4.84,1.79,3.05,2.85,2.22,0.307,0.49
17HR-270,225.0,227.0,0.005,0.19,3.9,5.5,85.0,11.3,7.74,4.74,1.55,3.17,2.53,2.21,0.284,1.42
17HR-270,227.0,229.0,0.37,0.53,12.1,4.6,76.0,20.6,7.57,6.05,1.72,2.52,2.54,2.1,0.27,2.88
17HR-270,229.0,231.0,0.054,0.81,4.1,4.6,85.0,20.6,7.64,7.53,2.0,1.11,2.66,1.73,0.234,3.07
17HR-270,231.0,233.0,,0.38,19.6,6.7,100.0,14.0,7.56,5.2,1.7,2.57,3.1,2.11,0.276,1.46
17HR-270,233.0,235.0,,0.1,6.4,4.5,91.0,10.0,7.89,4.62,1.58,3.19,3.24,2.13,0.287,1.0
17HR-270,235.0,237.0,0.005,0.14,24.2,5.3,62.0,32.4,7.54,4.65,1.42,3.13,2.96,2.41,0.264,2.98
17HR-270,237.0,238.0,0.01,0.24,10.2,5.3,50.0,26.4,6.99,4.68,2.43,4.22,2.54,2.08,0.225,3.58
17HR-270,238.0,240.0,0.008,0.29,15.1,7.2,57.0,46.2,7.52,4.95,1.7,2.56,3.16,2.3,0.259,4.08
17HR-270,240.0,242.0,0.006,0.09,6.7,4.3,82.0,23.2,7.9,4.98,1.75,2.5,3.38,1.98,0.267,1.57
17HR-270,242.0,244.0,0.023,0.11,3.6,5.8,103.0,19.0,8.11,6.74,2.1,1.76,3.43,1.43,0.246,2.03
17HR-270,244.0,248.0,,0.05,2.7,2.7,93.0,8.0,7.51,4.77,1.53,3.18,3.53,1.78,0.276,0.72
17HR-270,248.0,250.0,0.006,0.08,2.7,2.7,109.0,6.2,7.68,6.19,1.81,2.0,3.5,1.53,0.248,1.51
17HR-270,250.0,252.0,0.009,0.15,3.5,5.0,92.0,23.0,8.39,6.99,1.77,1.87,3.34,2.22,0.293,3.32
17HR-270,252.0,254.0,0.007,0.17,4.1,6.3,58.0,26.6,8.06,4.94,1.24,2.69,3.42,2.32,0.286,3.56
17HR-270,254.0,256.0,,0.1,3.0,5.2,63.0,12.7,8.29,5.07,1.42,2.59,3.37,2.19,0.279,2.69
17HR-270,256.0,258.0,0.019,0.2,19.4,6.4,77.0,23.1,8.2,5.64,1.67,1.61,2.84,2.46,0.275,2.83
17HR-270,258.0,260.0,0.021,0.27,20.6,6.2,38.0,32.7,8.5,5.21,1.24,2.83,2.24,3.64,0.291,4.56
17HR-270,260.0,262.0,,0.04,2.6,2.3,88.0,3.5,8.55,4.85,1.71,3.5,2.72,2.43,0.299,0.55
17HR-270,260.0,262.0,0.005,0.04,2.6,2.3,90.0,3.0,8.79,4.98,1.75,3.77,2.8,2.52,0.307,0.56
17HR-270,262.0,264.0,0.008,0.02,3.7,2.4,88.0,2.4,8.31,4.88,1.69,3.75,2.22,2.81,0.314,0.13
17HR-270,264.0,266.0,,0.02,1.6,2.3,91.0,2.8,7.99,5.03,1.69,3.46,2.73,2.71,0.31,0.14
17HR-270,266.0,268.0,,0.03,2.3,2.3,89.0,3.6,8.14,4.67,1.79,3.55,3.07,2.42,0.299,0.25
17HR-270,268.0,270.0,,0.09,6.3,6.3,90.0,8.9,8.0,5.29,1.79,2.9,3.18,2.41,0.287,1.27
17HR-270,270.0,272.0,0.011,0.1,7.3,5.7,77.0,18.7,8.19,5.4,1.85,2.06,3.33,2.65,0.27,2.03
17HR-270,272.0,274.0,0.026,0.13,10.5,7.7,80.0,30.0,8.34,6.15,2.09,1.31,3.08,2.83,0.25,2.67
17HR-270,274.0,276.0,0.013,0.13,14.4,8.5,59.0,21.8,8.09,5.18,1.73,1.55,3.21,2.89,0.254,3.12
17HR-270,276.0,278.0,0.015,0.18,12.9,10.6,62.0,24.3,7.92,5.26,1.64,1.45,2.99,2.98,0.248,3.39
17HR-270,278.0,280.0,0.009,0.16,5.5,10.6,63.0,19.0,8.04,5.58,1.55,1.51,3.25,2.76,0.279,4.13
17HR-270,280.0,282.0,0.017,0.28,7.8,13.8,52.0,19.9,7.64,6.11,1.88,2.7,2.57,3.14,0.276,4.77
17HR-270,282.0,284.0,0.016,0.23,10.0,13.2,60.0,22.1,7.91,5.08,1.8,1.87,3.13,2.88,0.28,3.15
17HR-270,284.0,286.0,0.016,0.19,14.9,10.9,72.0,25.4,8.49,5.33,1.87,1.31,3.43,2.73,0.311,2.54
17HR-270,286.0,288.0,0.011,0.16,9.5,9.3,80.0,16.7,8.52,5.13,1.93,1.5,3.49,2.59,0.312,1.88
17HR-270,288.0,290.0,0.014,0.17,10.5,10.5,73.0,15.4,8.16,5.04,1.68,2.18,3.57,2.21,0.301,2.11
17HR-270,290.0,292.0,0.01,0.24,23.7,13.0,69.0,21.2,8.32,5.2,1.68,2.41,3.69,2.24,0.3,2.39
17HR-270,292.0,294.0,0.008,0.25,12.9,10.7,68.0,14.9,8.29,5.79,1.89,1.87,3.2,2.61,0.297,3.26
17HR-270,294.0,296.0,0.008,0.09,7.6,6.2,71.0,10.7,8.04,4.99,1.76,3.51,3.25,2.52,0.298,1.69
17HR-270,296.0,298.0,0.008,0.12,7.3,9.5,72.0,18.0,8.59,6.01,1.86,1.68,3.55,2.52,0.31,2.84
17HR-270,298.0,300.0,0.007,0.11,7.7,8.5,77.0,10.4,8.35,5.47,1.84,2.38,3.22,2.64,0.302,2.02
17HR-270,300.0,302.0,,0.1,4.5,8.0,74.0,6.1,8.05,4.93,1.78,3.04,3.21,2.42,0.286,1.33
17HR-270,302.0,304.0,0.008,0.34,13.2,11.2,77.0,9.5,7.73,4.85,1.57,2.8,3.28,2.21,0.268,2.02
17HR-270,304.0,306.0,0.007,0.18,15.0,7.7,84.0,14.6,7.99,5.14,1.92,2.25,3.34,2.03,0.274,1.9
17HR-270,306.0,308.0,0.012,0.2,12.1,8.5,80.0,18.8,7.62,5.72,2.17,2.23,3.32,1.47,0.241,2.5
17HR-270,308.0,310.0,0.013,0.15,21.3,13.2,79.0,16.8,8.15,5.99,2.08,1.6,3.32,2.03,0.252,2.82
17HR-270,310.0,312.0,0.006,0.12,10.1,15.6,78.0,14.6,7.86,4.87,1.8,2.59,3.72,1.89,0.272,2.17
17HR-270,312.0,314.0,0.013,0.15,6.3,14.4,67.0,16.9,8.19,4.99,1.68,2.59,3.77,2.07,0.278,2.26
17HR-270,314.0,316.0,0.014,0.14,6.5,16.0,70.0,12.6,8.12,4.93,1.67,3.04,3.66,2.12,0.277,2.08
17HR-270,316.0,318.0,0.011,0.1,11.2,13.6,83.0,7.3,7.81,5.07,1.61,2.91,3.46,2.05,0.27,1.96
17HR-270,318.0,320.0,0.01,0.13,15.8,13.3,78.0,7.9,7.84,5.15,1.68,2.81,3.53,1.99,0.251,2.31
17HR-270,320.0,322.0,0.013,0.22,17.1,14.9,77.0,8.9,7.68,5.18,1.54,2.46,3.43,1.81,0.233,3.04
17HR-270,322.0,324.0,0.012,0.2,17.1,12.7,89.0,9.9,7.78,5.28,1.74,2.97,3.56,1.93,0.225,2.53
17HR-270,324.0,326.0,0.081,0.42,12.5,19.1,113.0,106.0,7.14,8.62,2.13,1.29,2.85,1.58,0.247,5.24
17HR-270,326.0,328.0,0.143,0.36,13.4,16.7,105.0,90.5,8.33,6.96,1.83,0.81,2.58,2.96,0.256,3.98
17HR-270,328.0,330.0,0.241,0.88,60.9,22.5,69.0,95.8,7.36,6.22,2.02,2.81,1.89,2.86,0.229,4.56
17HR-270,330.0,332.0,0.096,0.47,183.5,47.2,187.0,58.4,7.99,7.24,2.37,1.67,2.67,2.4,0.266,4.24
17HR-270,332.0,334.0,0.229,1.31,35.6,56.2,154.0,83.6,4.96,4.78,2.36,5.13,0.07,2.86,0.11,4.37
17HR-270,334.0,335.5,0.063,0.42,15.5,20.5,31.0,47.4,6.71,2.79,1.26,2.04,0.25,3.63,0.152,1.95
17HR-270,335.5,336.8,0.36,0.51,13.7,46.3,357.0,68.6,7.9,8.18,1.99,1.29,2.17,2.38,0.301,5.53
17HR-270,336.8,338.9,0.154,3.46,467.0,28.7,543.0,87.1,6.49,6.15,1.88,2.56,1.01,2.46,0.225,4.19
17HR-270,338.9,341.0,,0.02,7.7,8.1,101.0,8.0,8.21,5.11,2.27,4.81,2.07,2.11,0.551,0.09
17HR-270,341.0,343.15,0.006,0.02,5.2,10.5,124.0,9.2,7.53,4.81,2.08,4.52,1.71,2.95,0.512,0.17
17HR-270,343.15,345.0,0.173,1.14,251.0,26.9,444.0,41.6,6.6,3.69,1.73,3.77,0.38,3.49,0.197,2.32
17HR-270,345.0,347.0,0.127,0.79,97.1,30.8,1320.0,58.7,7.64,3.32,1.66,3.03,0.18,4.71,0.181,2.47
17HR-270,347.0,348.4,0.042,0.24,12.3,18.1,103.0,70.4,8.89,3.79,1.33,1.82,0.35,4.7,0.258,2.65
17HR-270,347.0,348.4,0.011,0.17,15.2,12.6,88.0,7.0,7.99,4.99,1.69,2.96,3.51,1.93,0.227,2.18
17HR-270,348.4,350.2,0.024,0.03,6.6,14.3,92.0,8.3,7.78,4.84,2.17,4.35,1.89,2.09,0.516,0.07
17HR-270,350.2,352.2,0.006,0.05,9.3,6.4,67.0,22.3,7.47,4.2,1.89,3.75,1.36,2.97,0.421,0.4
17HR-270,352.2,354.0,0.077,0.25,7.9,11.8,167.0,44.7,7.97,6.57,2.5,3.16,2.3,2.25,0.297,2.87
17HR-270,354.0,356.0,0.036,0.16,4.8,11.3,135.0,38.3,8.39,7.32,2.35,1.77,2.6,2.28,0.285,2.73
17HR-270,356.0,358.0,0.017,0.1,2.6,6.8,123.0,18.5,7.69,8.2,2.58,1.79,2.31,1.7,0.276,2.24
17HR-270,358.0,360.0,0.038,0.17,3.0,9.7,121.0,28.6,7.4,9.0,2.64,1.76,1.64,2.2,0.281,2.98
17HR-270,360.0,362.0,0.18,0.4,5.0,12.2,97.0,41.9,6.81,10.4,2.29,1.37,0.83,2.34,0.262,6.27
17HR-270,362.0,364.0,0.516,1.47,18.1,29.3,41.0,71.8,6.2,11.25,1.21,1.34,0.04,2.99,0.224,
17HR-270,364.0,366.0,0.026,0.2,4.3,6.5,56.0,21.5,7.58,4.05,1.43,1.83,0.27,3.84,0.183,2.14
17HR-270,366.0,368.0,0.008,0.38,4.2,7.4,24.0,10.3,7.64,1.88,1.26,2.02,0.1,4.38,0.146,0.57
17HR-270,368.0,370.0,0.134,0.95,7.8,22.2,85.0,62.5,6.61,10.8,1.98,2.08,0.53,2.6,0.237,7.25
17HR-270,370.0,372.0,0.124,0.5,5.1,24.6,111.0,81.6,7.34,11.65,1.96,0.64,0.84,2.72,0.294,6.05
17HR-270,372.0,374.0,0.306,2.25,23.1,19.4,65.0,106.5,7.18,11.1,1.65,0.83,1.11,2.74,0.293,7.12
17HR-270,374.0,376.0,0.096,0.64,10.8,9.5,71.0,62.1,7.38,8.9,2.08,1.2,1.48,2.5,0.301,3.92
17HR-270,376.0,378.0,0.052,0.33,9.1,8.2,77.0,68.4,7.98,7.22,2.27,1.47,2.23,2.18,0.319,2.38
17HR-270,378.0,380.0,1.09,0.97,74.4,8.4,95.0,110.0,7.22,11.5,2.64,0.74,1.26,1.68,0.292,4.3
17HR-270,380.0,382.0,0.056,0.58,7.9,10.7,67.0,98.3,8.07,6.58,1.73,2.07,1.66,2.7,0.329,2.97
17HR-270,382.0,384.0,0.079,0.32,4.9,12.8,89.0,269.0,8.17,9.2,2.25,0.89,3.39,0.96,0.305,3.93
17HR-270,384.0,386.0,0.034,0.21,4.0,8.0,84.0,51.6,8.3,8.81,2.17,0.9,3.83,0.87,0.309,3.65
17HR-270,386.0,388.0,0.069,0.46,5.5,10.5,93.0,232.0,7.91,8.47,2.08,1.02,3.62,1.11,0.293,3.54
17HR-270,388.0,390.0,0.145,1.07,10.9,34.0,52.0,99.5,7.12,5.59,1.78,3.72,0.47,3.54,0.22,3.98
17HR-270,390.0,392.0,0.121,1.99,32.1,31.8,97.0,205.0,6.98,6.77,1.65,2.56,1.47,2.61,0.259,3.56
17HR-270,392.0,394.0,0.044,0.94,21.0,17.5,80.0,66.3,7.75,4.49,1.36,2.9,0.9,3.44,0.266,1.22
17HR-270,394.0,396.0,0.007,0.05,3.3,6.3,63.0,16.6,7.5,4.34,1.25,3.54,0.69,3.72,0.276,0.11
17HR-270,396.0,398.0,,0.09,5.1,7.2,79.0,14.3,6.36,3.86,1.3,4.52,0.53,3.35,0.247,0.15
17HR-270,398.0,400.0,,0.04,2.7,10.1,78.0,4.9,7.28,4.19,1.13,3.34,1.27,3.46,0.286,0.05
17HR-270,400.0,402.0,,0.11,22.2,8.1,72.0,4.7,7.12,4.18,1.31,3.79,1.39,3.32,0.287,0.04
17HR-270,402.0,404.0,,0.07,16.2,8.2,75.0,22.2,7.77,4.4,1.33,3.6,0.63,3.52,0.301,0.14
17HR-270,404.0,406.0,,0.03,1.5,8.6,78.0,12.3,6.66,4.4,1.27,3.82,1.14,3.13,0.276,0.07
17HR-270,406.0,408.0,,0.14,10.2,10.1,96.0,13.2,7.64,4.24,1.71,4.26,0.23,3.45,0.27,0.11
17HR-270,408.0,410.0,,0.13,36.6,9.3,74.0,13.3,7.81,4.05,1.45,3.1,0.1,3.77,0.283,0.06
17HR-270,410.0,412.0,,0.62,13.8,24.6,71.0,12.2,7.52,3.42,0.85,2.56,0.51,3.51,0.268,0.69
17HR-270,412.0,414.0,,0.45,9.2,12.0,75.0,4.3,7.75,3.72,0.97,3.22,0.89,3.35,0.28,0.55
17HR-270,414.0,416.0,,0.36,8.6,12.6,90.0,4.0,7.71,3.62,0.88,3.15,0.54,3.62,0.266,0.55
17HR-270,416.0,418.0,,0.58,11.0,14.9,71.0,4.8,6.97,3.76,0.89,4.51,0.99,3.18,0.253,1.19
17HR-270,418.0,420.0,,0.34,7.9,9.6,83.0,6.2,8.45,4.32,1.1,3.23,0.46,3.87,0.299,0.5
17HR-271,1.84,4.0,0.006,0.27,10.4,8.3,69.0,4.7,7.98,5.04,1.43,1.9,1.58,2.76,0.311,1.56
17HR-271,4.0,6.0,0.005,0.32,6.6,8.3,63.0,3.9,8.21,4.8,1.18,2.56,1.76,2.9,0.303,1.31
17HR-271,6.0,8.0,0.041,0.82,496.0,15.8,82.0,8.4,7.88,5.08,1.72,2.9,1.51,2.59,0.292,1.48
17HR-271,8.0,10.0,0.007,0.2,25.4,5.6,70.0,3.7,8.36,4.72,1.53,2.82,1.27,3.08,0.321,0.56
17HR-271,10.0,12.0,0.014,0.31,10.8,9.3,66.0,7.4,8.4,5.16,1.45,2.69,1.53,2.95,0.317,2.05
17HR-271,12.0,14.0,0.008,0.18,17.3,4.9,78.0,7.2,7.49,4.65,1.45,4.11,1.45,2.53,0.31,1.16
17HR-271,14.0,16.0,,0.16,3.6,5.5,62.0,4.4,7.66,5.13,1.5,3.78,1.7,2.67,0.319,3.28
17HR-271,16.0,18.0,,0.23,6.5,9.4,62.0,4.8,8.25,5.37,1.62,3.64,1.81,2.76,0.309,3.65
17HR-271,16.0,18.0,0.005,0.25,6.9,9.9,59.0,4.5,7.86,5.28,1.53,3.77,1.76,2.81,0.307,3.69
17HR-271,18.0,20.0,,0.15,4.1,4.7,74.0,6.7,7.49,5.59,1.94,3.32,1.91,2.42,0.291,3.15
17HR-271,20.0,22.0,0.013,0.27,6.1,9.3,66.0,39.0,7.61,6.38,1.72,2.57,1.7,2.36,0.284,3.57
17HR-271,22.0,24.0,0.009,0.29,8.3,6.8,54.0,21.7,7.47,5.73,1.8,3.35,1.44,2.55,0.271,3.06
17HR-271,24.0,26.0,0.006,0.23,5.5,6.8,65.0,12.0,8.44,6.71,1.76,2.18,2.0,2.46,0.308,3.78
17HR-271,26.0,28.0,0.006,0.14,2.3,3.8,93.0,4.9,8.68,6.1,1.79,1.8,1.81,2.44,0.331,0.95
17HR-271,28.0,30.0,,0.35,100.5,8.9,76.0,7.8,8.31,5.19,1.5,3.15,1.47,2.75,0.286,1.74
17HR-271,30.0,32.0,0.007,0.25,4.8,7.2,106.0,15.6,8.28,6.72,1.84,1.55,1.76,2.41,0.254,2.68
17HR-271,32.0,34.0,0.081,0.26,16.5,31.6,133.0,18.5,8.53,7.26,1.85,1.05,1.74,2.28,0.269,2.4
17HR-271,34.0,36.0,1.22,1.62,149.5,1240.0,535.0,21.2,7.95,5.98,2.18,2.44,1.37,2.36,0.255,1.37
17HR-271,36.0,38.0,0.423,0.9,45.5,37.3,215.0,55.3,8.54,9.44,2.86,1.21,1.24,2.15,0.33,3.35
17HR-271,38.0,40.0,0.592,0.78,127.0,38.7,126.0,32.1,7.94,7.63,2.11,2.2,1.72,2.21,0.313,4.3
17HR-271,40.0,42.0,0.01,0.25,25.6,15.6,103.0,14.5,8.46,5.73,1.78,3.78,2.35,2.5,0.371,3.28
17HR-271,42.0,44.0,0.008,0.15,33.4,7.4,112.0,8.5,8.51,5.38,2.02,2.58,2.22,2.35,0.353,2.0
17HR-271,44.0,46.0,0.007,0.71,38.1,5.8,121.0,6.1,8.54,5.19,2.03,2.48,2.35,2.24,0.351,1.26
17HR-271,46.0,48.0,,0.38,29.5,15.0,88.0,11.2,8.13,5.02,1.56,2.19,1.58,2.94,0.33,3.04
17HR-271,48.0,50.0,0.014,1.44,16.9,28.6,112.0,10.3,8.36,5.32,1.98,2.18,2.34,2.51,0.348,3.33
17HR-271,50.0,52.0,0.007,1.44,14.2,27.1,107.0,9.7,8.19,5.28,2.21,2.61,2.19,2.35,0.342,2.93
17HR-271,52.0,54.0,0.018,3.2,14.0,27.1,104.0,9.6,8.1,5.15,2.34,2.66,2.24,2.26,0.336,2.91
17HR-271,54.0,56.0,0.025,1.85,26.2,14.9,89.0,8.2,8.53,5.53,2.32,2.78,1.8,2.84,0.356,3.51
17HR-271,56.0,58.0,0.061,1.01,5.5,12.3,71.0,10.3,8.35,5.47,2.28,3.21,1.57,2.92,0.335,3.9
17HR-271,58.0,60.0,0.011,0.48,32.1,7.7,90.0,5.4,8.76,4.77,2.29,2.55,1.48,2.92,0.353,2.03
17HR-271,60.0,62.0,0.017,0.52,26.9,8.9,88.0,12.6,8.77,5.09,2.07,2.28,1.0,3.36,0.346,2.76
17HR-271,62.0,64.0,0.113,1.49,31.4,14.1,50.0,90.6,8.29,5.64,1.4,1.4,0.32,3.33,0.308,4.61
17HR-271,64.0,66.0,0.374,6.7,399.0,8730.0,13400.0,88.4,3.84,5.54,2.96,6.71,0.03,1.72,0.132,6.01
17HR-271,66.0,68.0,1.92,3.25,543.0,241.0,280.0,149.5,3.94,9.7,2.95,4.22,0.18,1.02,0.129,6.89
17HR-271,68.0,70.0,0.209,0.56,22.3,17.7,140.0,111.5,7.13,10.2,2.96,1.76,1.02,1.54,0.25,5.26
17HR-271,70.0,72.0,0.131,0.85,32.4,17.9,60.0,86.8,6.88,6.61,1.97,3.4,0.57,2.86,0.24,5.12
17HR-271,72.0,74.0,0.163,0.26,15.7,9.6,105.0,15.1,8.47,6.74,2.07,1.17,2.13,2.54,0.269,3.63
17HR-271,74.0,76.0,0.216,0.52,5.3,6.7,102.0,12.5,8.8,5.66,2.24,1.61,2.04,2.85,0.294,2.65
17HR-271,76.0,78.0,0.502,0.45,45.4,15.9,112.0,35.3,8.32,7.53,2.41,1.81,1.28,2.85,0.291,4.42
17HR-271,78.0,80.0,0.073,0.24,6.1,15.5,88.0,29.8,7.53,5.99,2.26,2.91,1.21,3.1,0.276,3.79
17HR-271,80.0,82.0,0.693,0.49,120.5,15.8,77.0,22.4,7.7,5.85,2.81,4.51,1.11,3.16,0.263,3.75
17HR-271,82.0,84.0,0.063,0.22,14.6,13.9,56.0,17.1,7.64,4.92,2.16,3.18,1.25,3.02,0.264,3.55
17HR-271,84.0,86.0,,0.07,8.2,6.8,84.0,12.5,7.9,4.79,2.2,2.07,1.81,2.76,0.289,2.23
17HR-271,86.0,88.0,0.028,0.17,8.2,21.5,74.0,22.6,7.04,5.35,2.01,2.33,1.55,2.81,0.276,3.94
17HR-271,88.0,90.0,0.05,0.13,11.4,13.9,74.0,16.3,7.34,4.81,1.91,2.52,1.73,2.81,0.271,3.6
17HR-271,90.0,92.0,0.023,0.13,6.7,7.9,84.0,13.7,7.76,4.73,1.86,2.35,2.06,2.93,0.29,2.73
17HR-271,92.0,94.0,0.128,0.6,59.1,14.4,65.0,23.9,7.73,5.6,1.93,2.81,1.67,3.02,0.275,4.38
17HR-271,94.0,96.0,0.22,0.69,9.6,14.0,78.0,39.5,7.92,6.64,2.06,1.82,1.44,2.91,0.282,4.51
17HR-271,96.0,98.0,0.029,0.54,13.2,10.5,118.0,33.4,8.86,5.92,2.15,1.47,1.91,3.0,0.304,3.27
17HR-271,98.0,100.0,0.009,0.3,14.2,9.4,156.0,25.1,8.67,5.48,2.22,1.7,2.36,2.9,0.299,3.2
17HR-271,100.0,102.0,0.015,0.61,9.7,6.5,76.0,35.3,7.67,4.94,2.55,3.86,1.56,2.91,0.279,3.26
17HR-271,102.0,104.0,0.012,0.27,8.9,9.9,68.0,27.2,8.34,4.92,1.83,2.37,1.47,3.39,0.306,3.63
17HR-271,104.0,106.0,,0.3,8.3,11.6,85.0,25.5,8.02,5.4,1.85,2.6,1.78,3.31,0.283,4.0
17HR-271,104.0,106.0,0.006,0.26,6.9,11.2,72.0,23.6,8.1,5.28,1.91,2.77,1.61,3.33,0.284,3.88
17HR-271,106.0,108.0,0.062,0.34,6.6,6.8,92.0,25.2,7.62,6.25,2.21,2.54,1.96,2.52,0.262,3.69
17HR-271,108.0,110.0,0.019,0.38,10.8,7.3,84.0,27.0,7.91,5.38,2.07,2.69,2.09,2.97,0.297,3.47
17HR-271,110.0,112.0,0.01,0.27,12.7,4.7,78.0,27.5,8.47,5.35,2.03,2.24,2.26,2.96,0.319,3.44
17HR-271,112.0,114.0,,0.14,16.6,5.3,75.0,16.4,7.7,4.61,2.25,3.23,2.22,2.75,0.289,2.7
17HR-271,114.0,116.0,0.011,0.13,16.5,6.7,77.0,17.1,8.15,5.08,2.22,3.2,2.09,3.17,0.304,2.88
17HR-271,116.0,118.0,,0.06,16.1,4.7,100.0,7.6,8.36,4.83,1.9,3.53,2.22,2.87,0.326,0.7
17HR-271,118.0,120.0,,0.05,2.8,3.4,93.0,5.1,8.09,4.6,1.66,3.63,2.49,2.33,0.317,0.86
17HR-271,120.0,122.0,0.007,0.16,4.6,5.7,88.0,9.3,8.18,4.83,1.68,3.76,2.71,2.44,0.313,1.98
17HR-271,122.0,124.0,0.252,0.19,10.1,7.4,87.0,17.0,7.88,5.66,2.1,2.9,1.77,3.07,0.311,2.88
17HR-271,124.0,126.0,0.26,0.16,4.6,7.6,86.0,15.2,8.03,5.42,2.1,2.33,2.65,2.55,0.303,3.23
17HR-271,126.0,128.0,0.068,0.22,6.6,7.7,57.0,21.6,7.85,5.18,1.86,3.05,1.93,3.25,0.305,3.95
17HR-271,128.0,130.0,0.014,0.1,10.5,5.5,99.0,12.7,7.91,5.37,2.18,2.46,2.29,2.82,0.319,2.58
17HR-271,130.0,132.0,0.009,0.17,7.1,5.9,79.0,21.6,8.16,4.98,2.25,2.88,1.67,3.51,0.311,2.47
17HR-271,132.0,134.0,0.013,0.22,14.7,8.0,59.0,28.3,7.49,4.77,2.43,4.55,1.27,3.47,0.283,3.38
17HR-271,134.0,136.0,0.034,1.14,318.0,21.2,88.0,24.2,2.89,4.13,5.21,11.4,0.65,1.02,0.11,2.29
17HR-271,136.0,138.0,0.022,0.3,13.8,10.8,89.0,22.5,8.21,5.0,2.09,4.13,1.84,2.53,0.424,1.5
17HR-271,138.0,140.0,0.012,0.14,7.1,7.5,71.0,15.9,7.61,4.71,1.61,3.48,1.99,3.04,0.298,3.16
17HR-271,140.0,142.0,0.58,0.37,39.7,10.8,246.0,13.0,8.2,4.86,1.61,2.51,1.93,3.33,0.315,3.63
17HR-271,142.0,144.0,0.119,0.38,15.0,12.0,83.0,20.2,7.93,5.24,1.6,2.94,2.03,3.27,0.301,4.2
17HR-271,144.0,146.0,0.046,0.9,4.2,7.8,64.0,11.9,8.07,4.94,2.04,2.56,1.9,3.11,0.296,3.88
17HR-271,146.0,148.0,0.03,1.27,12.0,6.1,65.0,11.5,7.78,4.78,2.32,3.47,1.97,2.96,0.291,3.49
17HR-271,148.0,150.0,0.008,0.14,19.8,8.1,72.0,13.2,7.74,4.65,1.81,3.11,2.28,2.98,0.272,2.87
17HR-271,150.0,152.0,0.009,0.15,11.9,5.0,86.0,15.4,8.18,4.87,1.67,3.52,2.54,3.07,0.319,2.62
17HR-271,152.0,154.0,0.008,0.14,4.2,4.3,80.0,13.5,7.89,4.8,1.42,3.48,2.57,3.09,0.315,3.01
17HR-271,154.0,156.0,0.009,0.17,3.9,5.0,75.0,13.3,7.77,4.93,1.46,3.56,2.64,3.03,0.309,3.05
17HR-271,156.0,158.0,0.117,0.2,5.6,5.1,77.0,15.3,7.99,5.14,1.69,2.63,2.44,3.18,0.3,3.3
17HR-271,158.0,160.0,,0.08,29.2,2.2,100.0,5.5,8.61,4.78,1.77,3.46,2.88,2.82,0.316,1.13
17HR-271,160.0,162.0,,0.09,19.0,2.4,97.0,3.3,8.2,4.62,1.72,3.51,2.8,2.72,0.312,1.06
17HR-271,162.0,164.0,0.029,0.19,21.2,5.4,83.0,16.7,8.49,5.15,1.73,2.05,2.63,3.24,0.317,3.12
17HR-271,164.0,166.0,0.041,0.31,9.0,6.3,65.0,26.9,7.74,4.94,1.74,3.55,2.29,3.27,0.291,3.62
17HR-271,166.0,168.0,0.017,0.22,6.3,5.0,78.0,23.7,7.88,4.96,1.61,3.03,2.45,3.3,0.322,3.14
17HR-271,168.0,170.0,0.018,0.21,9.8,5.7,79.0,11.6,8.04,4.77,1.54,2.72,2.71,3.09,0.313,2.62
17HR-271,170.0,172.0,0.045,0.29,9.0,9.0,72.0,15.7,8.05,4.79,1.35,2.21,2.47,3.15,0.304,3.09
17HR-271,172.0,174.0,0.009,0.18,8.2,4.7,80.0,16.7,8.05,4.95,1.58,3.0,2.74,2.98,0.304,2.58
17HR-271,174.0,176.0,,0.13,19.8,4.6,74.0,15.5,8.22,5.0,1.85,2.61,2.62,3.1,0.313,2.89
17HR-271,176.0,178.0,0.006,0.2,18.3,5.0,78.0,15.0,7.86,4.82,1.55,2.93,2.62,2.89,0.3,2.56
17HR-271,178.0,180.0,,0.2,10.4,5.1,72.0,10.8,7.93,4.67,1.58,4.18,2.52,2.7,0.293,2.54
17HR-271,180.0,182.0,0.023,0.49,13.2,12.0,71.0,9.2,7.63,4.64,1.44,3.68,2.69,2.56,0.286,2.39
17HR-271,182.0,184.0,0.039,0.56,14.2,12.1,69.0,16.9,8.32,4.87,1.89,2.55,2.49,2.99,0.298,2.65
17HR-271,184.0,186.0,0.025,1.52,351.0,12.3,75.0,15.0,7.9,4.96,1.54,2.93,2.51,2.83,0.3,3.28
17HR-271,186.0,188.0,0.039,0.76,10.6,14.6,60.0,9.6,8.14,4.66,1.39,3.37,2.66,2.76,0.309,2.64
17HR-271,188.0,190.0,0.052,0.47,81.6,7.8,67.0,10.5,7.67,4.63,1.54,3.84,2.68,2.59,0.302,2.29
17HR-271,190.0,192.0,0.069,0.55,36.4,10.0,64.0,14.8,7.61,4.8,1.59,3.64,2.12,3.02,0.296,2.68
17HR-271,192.0,194.0,0.188,3.03,7.6,10.9,79.0,19.1,8.04,6.34,2.15,1.97,2.25,2.62,0.287,3.46
17HR-271,192.0,194.0,0.196,3.23,7.9,12.0,77.0,17.4,8.12,6.36,2.27,2.37,2.17,2.76,0.292,3.58
17HR-271,194.0,196.0,0.147,1.19,9.6,16.2,94.0,24.4,7.6,8.25,2.57,1.79,2.24,1.64,0.266,3.69
17HR-271,196.0,198.0,0.038,0.83,13.1,17.5,66.0,9.2,8.16,4.79,1.78,3.42,1.89,3.47,0.305,2.66
17HR-271,198.0,200.0,0.038,1.65,15.7,25.2,60.0,11.3,8.26,5.5,1.75,1.82,2.34,3.36,0.333,4.15
17HR-271,200.0,202.0,0.098,2.01,17.3,36.9,77.0,18.4,7.83,4.74,1.9,2.67,2.52,2.76,0.302,3.47
17HR-271,202.0,204.0,0.137,3.5,13.6,22.7,54.0,27.3,8.03,4.97,2.09,2.93,2.26,3.05,0.3,3.78
17HR-271,204.0,206.0,0.076,1.22,10.5,14.9,75.0,18.4,7.9,5.28,2.64,3.28,1.9,2.86,0.283,3.0
17HR-271,206.0,208.0,0.147,2.46,6.0,6.6,87.0,21.3,8.21,5.54,2.24,2.26,2.14,2.75,0.275,2.51
17HR-271,208.0,210.0,0.086,0.92,9.3,7.4,52.0,37.4,7.65,4.88,2.14,3.12,2.4,2.9,0.295,3.14
17HR-271,210.0,212.0,0.017,0.16,5.2,5.1,72.0,12.9,8.0,4.84,2.08,2.94,2.86,2.63,0.301,2.52
17HR-271,212.0,214.0,0.011,0.18,7.4,6.5,83.0,8.4,8.15,4.76,1.72,3.08,2.93,2.59,0.303,2.14
17HR-271,214.0,216.0,,0.11,3.4,4.3,86.0,8.4,8.1,4.7,2.12,2.45,2.73,2.67,0.306,2.05
17HR-271,216.0,218.0,0.019,0.22,6.0,6.8,86.0,10.6,8.03,5.34,2.54,2.89,2.64,2.52,0.298,2.53
17HR-271,218.0,220.0,0.095,0.47,7.0,6.8,70.0,16.2,7.71,5.39,2.53,3.06,2.28,2.59,0.28,3.41
17HR-271,220.0,222.0,0.054,0.29,3.9,4.1,86.0,11.1,8.13,5.01,2.16,2.19,2.86,2.37,0.304,2.17
17HR-271,222.0,224.0,0.089,0.32,3.5,5.4,100.0,15.6,8.59,5.34,2.26,2.06,2.91,2.64,0.322,1.99
17HR-271,224.0,226.0,0.098,1.07,4.8,14.6,28.0,53.9,6.92,6.66,2.44,4.69,0.92,3.13,0.239,6.16
17HR-271,226.0,228.0,0.073,1.15,4.2,24.6,25.0,75.6,6.15,7.35,3.12,6.13,0.51,2.86,0.226,6.64
17HR-271,228.0,230.0,0.074,0.76,5.2,12.8,61.0,53.7,7.24,7.64,2.24,2.67,1.57,2.55,0.243,5.6
17HR-271,230.0,232.0,0.154,0.82,5.1,12.8,38.0,63.3,3.99,6.26,3.87,9.77,0.55,1.68,0.128,4.28
17HR-271,232.0,234.0,0.026,0.22,3.0,4.5,77.0,12.4,6.58,4.68,2.49,5.0,2.04,1.93,0.238,1.64
17HR-271,234.0,236.0,0.062,0.29,8.2,6.1,68.0,10.9,7.75,4.75,2.11,3.04,2.89,2.23,0.263,2.11
17HR-271,236.0,238.0,0.046,0.38,7.9,6.8,59.0,6.1,7.77,4.66,2.28,3.63,2.68,2.31,0.281,1.88
17HR-271,238.0,240.0,0.071,0.16,3.2,5.6,107.0,6.3,8.25,4.93,2.61,2.52,2.93,2.28,0.302,0.84
17HR-271,240.0,242.0,0.015,0.25,5.9,6.5,111.0,8.8,8.99,5.03,2.32,1.62,2.79,2.64,0.322,0.95
17HR-271,242.0,244.0,0.01,0.06,3.1,3.0,114.0,4.2,8.49,4.89,2.04,3.33,2.24,2.53,0.318,0.28
17HR-271,244.0,246.0,0.007,0.11,2.7,7.0,109.0,7.3,8.54,4.88,1.68,3.5,2.35,2.54,0.311,0.9
17HR-271,246.0,248.0,0.017,0.32,9.2,10.1,110.0,12.2,8.17,4.94,1.7,4.2,1.82,2.79,0.282,2.17
17HR-271,248.0,250.0,,0.08,3.3,6.3,102.0,9.3,8.4,4.76,1.8,3.41,2.17,2.61,0.302,0.82
17HR-271,250.0,252.0,,0.07,2.7,5.8,104.0,7.9,8.33,4.92,1.97,3.55,2.19,2.33,0.299,0.89
17HR-271,252.0,254.0,,0.11,4.7,6.0,89.0,8.8,8.15,4.55,2.14,4.75,2.32,2.49,0.289,1.09
17HR-271,254.0,256.0,,0.07,6.6,7.2,103.0,6.2,8.65,4.87,1.96,3.49,2.4,2.6,0.307,0.59
17HR-271,256.0,258.0,,0.06,3.6,3.7,106.0,5.0,8.57,4.98,1.91,3.03,2.33,2.58,0.315,0.58
17HR-271,258.0,260.0,0.005,0.07,5.9,5.1,97.0,6.3,8.52,5.4,2.06,3.26,2.06,2.43,0.283,1.02
17HR-271,260.0,262.0,,0.08,6.8,6.4,91.0,10.0,8.72,5.97,2.16,2.22,2.13,2.36,0.281,1.75
17HR-271,262.0,264.0,0.012,0.21,4.1,14.1,107.0,18.6,8.75,8.04,2.5,0.99,2.23,2.0,0.301,2.81
17HR-271,264.0,266.0,0.02,0.19,3.4,13.2,92.0,16.6,8.07,7.58,2.41,1.3,2.45,1.72,0.26,3.24
17HR-271,266.0,268.0,0.012,0.17,5.6,11.6,65.0,16.6,8.16,5.73,1.93,2.07,2.36,2.77,0.263,3.88
17HR-271,268.0,270.0,0.028,0.19,12.3,12.8,77.0,15.8,8.46,5.68,2.15,2.29,2.56,2.7,0.279,3.32
17HR-271,270.0,272.0,0.01,0.2,7.3,13.6,87.0,19.2,8.5,6.77,2.26,2.16,2.53,2.61,0.283,3.9
17HR-271,272.0,274.0,0.02,0.21,13.4,15.4,105.0,20.6,8.43,6.41,2.57,1.77,2.57,2.31,0.278,3.31
17HR-271,274.0,276.0,0.032,0.38,11.9,29.7,273.0,27.6,8.17,5.44,2.02,1.9,2.06,2.96,0.259,4.26
17HR-271,276.0,278.0,0.204,1.24,6.4,21.9,72.0,96.2,8.58,7.74,1.83,1.48,0.9,3.71,0.293,6.77
17HR-271,278.0,280.0,0.158,1.47,28.2,16.4,72.0,54.8,7.05,8.43,2.42,2.42,1.27,2.29,0.258,6.25
17HR-271,280.0,282.0,0.049,0.69,4.5,13.5,73.0,33.9,7.77,7.86,1.89,0.79,2.88,1.64,0.288,5.52
17HR-271,280.0,282.0,0.057,0.69,4.4,12.1,72.0,33.3,7.68,7.71,1.87,0.8,2.72,1.66,0.278,5.38
17HR-271,282.0,284.0,0.031,0.71,2.5,8.0,72.0,31.1,8.19,7.45,2.01,0.75,3.26,1.8,0.296,5.41
17HR-271,284.0,286.0,0.008,0.22,16.6,9.8,74.0,37.8,8.79,7.19,2.38,1.15,3.0,2.31,0.317,5.49
17HR-271,286.0,288.0,0.011,0.17,3.1,12.5,96.0,27.2,8.33,8.51,2.43,0.91,2.85,1.95,0.32,5.23
17HR-271,288.0,290.0,0.012,0.19,6.9,9.1,95.0,27.4,8.52,6.73,2.23,1.18,2.46,2.43,0.291,3.55
17HR-271,290.0,292.0,0.006,0.16,6.2,11.0,89.0,15.8,8.34,6.62,2.42,1.44,2.5,2.22,0.269,3.65
17HR-271,292.0,294.0,0.008,0.24,11.2,13.8,108.0,23.9,8.97,5.78,2.21,1.31,2.19,3.16,0.33,2.96
17HR-271,294.0,296.0,0.019,0.3,19.0,13.0,84.0,34.7,8.47,5.35,2.69,2.01,0.52,3.48,0.288,2.7
17HR-271,296.0,298.0,0.086,0.59,24.2,14.9,48.0,42.0,6.35,5.68,3.61,5.8,1.49,2.56,0.223,4.77
17HR-271,298.0,300.0,0.028,0.2,6.4,10.4,76.0,23.7,8.59,6.29,2.23,1.51,3.08,2.56,0.286,3.89
17HR-271,300.0,302.0,0.01,0.09,5.7,5.4,103.0,13.1,8.81,6.46,2.54,1.33,2.97,1.77,0.313,1.32
17HR-271,302.0,304.0,0.021,0.15,5.5,5.7,107.0,23.2,8.63,8.76,2.47,1.1,3.33,1.35,0.296,2.69
17HR-271,304.0,306.0,0.042,0.31,7.7,10.3,87.0,28.9,8.27,7.37,2.11,1.47,2.96,1.96,0.28,3.68
17HR-271,306.0,308.0,0.095,0.45,5.4,15.7,74.0,48.7,7.57,7.77,2.02,1.0,2.54,2.37,0.263,4.88
17HR-271,308.0,310.0,0.07,0.5,12.4,13.0,55.0,42.9,8.58,6.69,1.78,1.31,2.28,3.31,0.299,5.1
17HR-271,310.0,312.0,0.033,0.13,8.4,9.7,75.0,33.0,8.0,5.06,2.62,3.42,2.57,2.96,0.287,2.55
17HR-271,312.0,314.0,0.014,0.17,11.4,12.5,79.0,23.1,8.44,5.84,1.86,1.28,3.12,2.61,0.287,3.3
17HR-271,314.0,316.0,0.018,0.17,6.7,10.2,93.0,27.9,8.63,7.73,2.0,0.77,3.02,2.19,0.299,3.77
17HR-271,316.0,318.0,0.07,0.31,4.9,7.1,95.0,36.7,8.75,7.24,2.5,1.64,2.09,3.1,0.296,3.13
17HR-271,318.0,320.0,0.089,0.38,6.0,8.4,105.0,47.6,8.59,6.82,2.22,1.05,2.85,2.5,0.331,2.57
17HR-271,320.0,322.0,0.53,0.22,3.5,5.9,117.0,58.2,8.46,7.3,2.27,0.95,3.25,1.7,0.311,2.58
17HR-271,322.0,324.0,0.074,0.32,7.7,8.0,126.0,38.3,7.65,9.98,2.86,1.53,2.88,1.0,0.28,4.36
17HR-271,324.0,326.0,0.044,0.27,3.7,8.6,101.0,28.0,8.23,9.39,2.25,0.61,2.99,1.71,0.317,4.03
17HR-271,326.0,328.0,0.077,0.15,4.5,9.6,112.0,21.7,8.53,8.58,2.27,0.85,3.34,1.51,0.326,2.7
17HR-271,328.0,330.0,0.014,0.08,4.7,5.5,112.0,23.9,8.81,6.52,2.39,1.7,3.23,1.89,0.345,1.82
17HR-271,330.0,332.0,0.021,0.17,4.4,9.8,112.0,32.5,8.83,7.46,2.33,1.33,2.73,2.14,0.334,3.01
17HR-271,332.0,334.0,0.095,0.33,4.2,12.5,115.0,58.7,8.05,9.05,2.41,1.03,2.54,1.61,0.305,4.14
17HR-271,334.0,336.0,0.105,0.4,4.6,14.0,115.0,47.3,8.1,9.52,2.45,0.99,2.52,1.66,0.316,4.37
17HR-271,336.0,338.0,0.139,0.79,6.6,14.8,89.0,111.5,7.68,9.47,2.45,1.7,1.79,2.0,0.284,6.26
17HR-271,338.0,340.0,0.113,0.73,6.3,16.6,123.0,65.0,7.85,10.45,2.46,0.93,2.13,1.58,0.308,5.15
17HR-271,340.0,342.0,0.06,1.04,16.5,20.3,149.0,58.2,7.74,7.84,2.06,2.57,1.62,2.0,0.286,3.0
17HR-271,342.0,344.0,0.032,0.46,11.6,24.1,124.0,62.4,8.19,4.71,1.38,3.7,0.1,3.64,0.307,1.28
17HR-271,344.0,346.0,,0.21,11.2,12.5,106.0,16.1,7.58,3.7,1.13,3.92,0.29,3.35,0.263,0.38
17HR-271,346.0,348.0,,0.22,10.3,25.5,132.0,8.9,7.58,3.68,1.08,4.45,0.49,3.36,0.261,0.67
17HR-271,348.0,350.0,,0.22,10.6,20.0,113.0,9.7,7.48,3.78,1.14,4.91,0.4,3.27,0.249,0.84
17HR-271,350.0,352.0,,0.3,13.0,18.9,73.0,10.0,7.62,3.79,0.73,4.17,0.33,3.5,0.264,1.58
17HR-271,352.0,354.0,,0.24,13.9,10.9,50.0,9.2,7.53,3.38,0.62,3.02,0.19,3.56,0.271,1.19
17HR-271,354.0,356.0,,0.07,8.7,6.1,69.0,6.7,7.93,3.78,0.88,3.04,0.14,3.63,0.272,0.4
17HR-271,356.0,358.0,,0.1,41.6,4.9,79.0,5.1,7.85,3.82,1.03,3.44,0.13,3.52,0.273,0.28
17HR-271,358.0,360.0,,0.15,8.3,6.9,73.0,6.0,7.82,4.6,1.23,3.79,0.26,3.6,0.309,0.06
17HR-271,360.0,362.0,,0.14,8.4,7.2,62.0,7.3,8.51,4.37,0.96,2.87,0.44,3.96,0.324,0.04
17HR-271,362.0,364.0,,0.04,4.0,8.0,67.0,8.2,7.82,4.89,1.12,3.44,0.68,3.52,0.293,0.04
17HR-271,364.0,366.0,,0.01,2.6,9.9,41.0,8.5,8.78,5.18,0.9,2.75,1.17,3.78,0.316,0.07
17HR-271,366.0,368.0,,,1.5,7.3,59.0,12.6,8.17,4.76,1.24,3.27,0.74,3.81,0.318,0.03
17HR-271,368.0,370.0,,0.03,4.2,13.2,51.0,11.9,7.53,4.17,1.0,2.45,0.74,3.33,0.281,0.08
17HR-271,368.0,370.0,,0.03,4.1,13.7,51.0,12.3,7.99,4.37,1.03,2.26,0.79,3.41,0.303,0.09
17HR-271,370.0,372.0,,,1.3,10.3,48.0,8.4,7.99,4.36,1.14,2.8,0.78,3.72,0.298,0.06
17HR-271,372.0,374.0,,0.02,5.5,12.6,44.0,13.1,9.32,5.02,1.21,2.22,0.81,4.17,0.32,0.04
17HR-271,374.0,376.0,,0.11,16.4,10.5,76.0,12.0,7.8,4.04,1.21,3.98,1.77,3.11,0.305,0.14
17HR-271,376.0,378.0,,0.08,8.9,9.6,72.0,5.2,7.44,3.89,1.12,3.91,2.13,2.72,0.287,0.02
17HR-271,378.0,380.0,,0.05,6.0,11.1,66.0,5.7,7.83,4.15,1.13,3.35,1.96,3.01,0.301,0.01
17HR-271,380.0,382.0,,0.07,13.0,11.4,73.0,4.5,7.31,4.03,1.21,3.87,1.69,2.87,0.283,0.01
17HR-271,382.0,384.0,,0.05,7.9,11.4,75.0,5.2,7.57,4.04,1.09,3.51,2.01,2.9,0.296,0.01
17HR-271,384.0,386.0,,0.16,45.5,11.7,89.0,6.9,8.16,4.08,1.32,3.78,1.32,3.57,0.313,0.02
17HR-271,386.0,388.0,,0.05,7.5,12.6,70.0,6.7,7.88,3.96,1.18,3.66,1.28,3.43,0.296,0.02
17HR-271,388.0,390.0,,0.02,2.7,11.1,136.0,5.8,8.38,4.11,1.71,2.84,1.5,3.44,0.312,0.02
17HR-271,390.0,392.0,,0.02,2.2,11.5,120.0,8.4,8.57,4.31,1.48,2.29,1.68,3.28,0.312,0.02
17HR-271,392.0,394.0,,0.02,2.0,15.8,73.0,12.6,7.94,4.45,1.03,2.97,0.99,3.59,0.294,0.02
17HR-271,394.0,396.0,,,1.9,13.8,82.0,14.1,8.53,4.85,0.95,2.77,1.3,3.82,0.312,0.01
17HR-271,396.0,398.0,,0.01,1.3,10.3,79.0,17.3,7.81,4.42,0.97,3.61,1.19,3.49,0.289,0.02
17HR-271,398.0,400.0,,0.01,2.0,11.3,82.0,21.7,8.79,4.81,0.92,3.24,0.64,4.37,0.323,0.03
17HR-271,400.0,402.0,,0.15,14.3,15.5,86.0,18.6,8.14,3.89,0.9,2.14,0.51,3.71,0.289,0.09
17HR-271,402.0,404.0,,0.47,19.1,12.8,66.0,13.9,7.14,4.17,0.79,3.97,0.65,3.46,0.282,0.13
17HR-271,404.0,406.0,,0.52,58.9,20.9,81.0,4.2,7.22,3.47,1.12,6.1,1.27,2.68,0.284,0.16
17HR-271,406.0,408.0,,0.15,20.0,9.9,82.0,3.6,7.02,3.55,1.09,5.57,1.25,2.93,0.293,0.09
17HR-271,408.0,410.0,,0.04,7.0,10.2,74.0,5.0,6.92,3.34,1.06,6.86,1.16,2.84,0.271,0.02
17HR-271,410.0,412.0,,0.06,9.7,10.5,74.0,9.0,7.31,3.48,1.09,4.43,1.09,3.07,0.298,0.03
17HR-271,412.0,414.0,,0.07,6.5,11.6,86.0,6.4,7.02,3.57,1.26,5.83,1.24,2.83,0.285,0.01
17HR-271,414.0,416.0,,0.03,5.1,10.2,94.0,4.4,7.65,3.92,1.35,6.06,1.23,3.06,0.299,0.01
17HR-271,416.0,418.0,,0.11,14.2,10.0,64.0,4.6,6.92,3.34,1.0,6.41,0.94,3.06,0.272,0.01
17HR-271,418.0,420.0,,0.03,4.3,11.3,78.0,5.2,7.17,3.57,1.13,5.49,1.03,3.3,0.3,0.01
17HR-271,420.0,422.0,,0.05,4.9,12.4,75.0,4.9,6.67,3.55,0.98,6.34,0.92,3.03,0.277,0.03
17HR-271,422.0,424.0,,0.09,3.6,13.3,82.0,5.9,7.17,4.11,1.04,3.91,0.66,3.28,0.294,0.02
17HR-271,424.0,426.0,,0.05,4.6,11.5,89.0,6.6,7.48,4.47,1.1,4.03,0.78,3.38,0.315,0.03
17HR-271,426.0,428.0,,0.04,4.6,12.8,75.0,5.0,6.57,3.71,0.94,6.12,0.84,3.06,0.281,0.01
17HR-271,428.0,430.0,,0.03,5.5,14.9,77.0,5.2,7.43,3.82,1.06,6.27,1.46,3.08,0.31,0.01
17HR-271,430.0,432.0,,0.09,17.8,11.6,73.0,4.4,7.0,3.59,1.05,6.33,1.34,2.7,0.279,0.01
17HR-271,432.0,434.0,,0.03,6.6,12.2,66.0,4.0,7.26,3.51,1.02,6.66,1.43,2.94,0.294,0.01
17HR-271,434.0,436.0,,0.05,8.4,11.6,76.0,4.7,7.47,3.74,1.21,4.33,1.28,3.05,0.303,0.02
17HR-271,436.0,438.0,,0.1,19.6,11.4,75.0,4.7,6.88,3.85,1.21,5.12,1.17,2.79,0.291,0.01
17HR-271,438.0,440.0,,0.15,27.9,12.0,77.0,4.7,7.34,3.95,1.32,3.91,1.37,2.75,0.301,0.04
17HR-271,440.0,442.0,,0.12,27.5,10.7,67.0,4.1,6.68,3.63,1.13,4.83,1.38,2.46,0.279,0.01
17HR-271,442.0,444.0,,0.12,30.7,13.4,79.0,3.6,7.82,3.96,1.35,5.06,1.76,2.83,0.32,0.01
17HR-271,444.0,446.0,,0.03,5.6,11.4,71.0,4.2,7.23,3.75,1.21,4.56,1.91,2.51,0.305,0.01
17HR-271,446.0,448.0,,0.04,5.4,12.1,70.0,4.9,7.5,4.02,1.18,4.91,2.0,2.48,0.31,0.01
17HR-271,448.0,450.0,,0.03,6.4,11.0,76.0,5.5,7.47,4.14,1.29,5.51,1.81,2.45,0.302,
17HR-271,450.0,452.0,,0.02,5.3,10.9,83.0,5.7,7.63,4.2,1.38,5.18,1.44,2.78,0.316,0.01
17HR-271,452.0,454.0,,0.07,14.9,12.8,71.0,5.5,7.18,4.14,0.96,4.57,1.16,2.96,0.312,0.02
17HR-271,454.0,456.0,,0.19,46.8,11.6,88.0,5.0,7.35,4.24,1.11,6.05,1.12,2.95,0.317,0.01
17HR-271,456.0,458.0,,0.03,5.0,11.8,77.0,5.5,7.45,4.17,1.02,3.98,1.22,2.99,0.307,0.01
17HR-271,456.0,458.0,,0.03,5.3,12.4,78.0,5.9,7.1,4.18,1.01,4.12,1.2,2.84,0.293,0.01
17HR-271,458.0,460.0,,0.04,3.2,14.3,60.0,7.5,7.92,4.04,0.92,3.07,0.69,3.43,0.303,0.01
17HR-271,460.0,462.0,,0.05,2.1,15.3,58.0,15.9,7.28,4.18,0.88,4.32,0.79,3.28,0.305,0.04
17HR-271,462.0,464.0,,0.02,1.6,17.1,78.0,9.6,9.3,5.2,1.08,2.97,2.19,3.34,0.367,0.01
17HR-271,464.0,466.0,,0.02,1.8,16.2,73.0,9.8,8.1,4.44,1.05,2.86,1.74,2.92,0.32,0.01
17HR-271,466.0,468.0,,0.03,1.8,14.6,74.0,9.2,8.37,4.45,1.09,2.45,1.77,3.01,0.325,0.01
17HR-271,468.0,470.0,,0.05,2.5,13.6,82.0,8.6,8.24,4.59,1.11,2.8,2.01,2.86,0.321,
17HR-271,470.0,472.0,,0.01,2.0,14.6,89.0,8.4,8.52,4.65,1.15,2.93,1.62,3.22,0.341,0.01
17HR-271,472.0,474.0,,0.02,2.6,16.5,81.0,9.8,8.55,4.62,1.11,2.52,1.4,3.34,0.337,0.03
17HR-271,474.0,476.0,,0.01,2.1,12.9,83.0,9.0,7.94,4.4,1.04,2.78,1.91,2.68,0.312,0.01
17HR-271,476.0,478.0,,0.01,2.2,13.0,85.0,8.6,8.52,4.63,1.07,2.31,1.65,3.11,0.329,0.01
17HR-271,478.0,480.0,,0.04,3.0,16.4,77.0,7.8,8.02,4.63,1.03,2.7,0.99,3.22,0.303,0.01
17HR-271,480.0,482.0,,0.38,13.7,17.8,88.0,10.6,8.37,4.49,1.08,2.33,1.96,2.67,0.308,0.03
17HR-271,482.0,484.0,,0.08,3.2,14.8,87.0,11.4,9.45,4.86,1.21,1.98,2.26,2.9,0.347,0.01
17HR-271,484.0,486.0,,0.03,2.2,13.5,85.0,10.4,8.58,4.49,1.16,2.31,2.08,2.62,0.311,0.01
17HR-271,486.0,488.0,,0.05,2.7,14.2,81.0,10.9,8.66,4.61,1.17,1.97,1.99,2.73,0.311,0.01
17HR-271,488.0,490.0,,0.08,1.9,13.9,90.0,11.7,8.97,4.82,1.21,2.76,2.63,2.57,0.335,0.01
17HR-271,490.0,492.0,,0.06,5.2,14.5,80.0,10.8,8.92,4.47,1.04,1.81,1.91,2.9,0.333,0.01
17HR-271,492.0,494.0,,0.07,3.2,17.7,78.0,14.4,8.47,4.24,1.05,2.31,1.39,3.11,0.327,0.02
17HR-271,494.0,496.0,,0.06,2.9,13.0,76.0,10.2,8.88,4.27,1.11,1.75,1.06,3.34,0.331,0.04
17HR-271,496.0,498.0,,0.07,3.1,17.7,76.0,12.7,9.3,5.16,1.13,0.91,0.81,3.68,0.309,0.01
17HR-271,498.0,500.0,,0.06,3.0,12.1,72.0,20.0,8.77,3.88,1.09,1.18,0.66,3.55,0.293,0.02
17HR-271,500.0,502.0,,0.1,19.1,7.8,66.0,11.5,6.67,2.7,1.01,1.59,0.24,2.64,0.27,0.1
17HR-271,502.0,504.0,,0.02,2.0,8.3,73.0,15.3,10.5,5.15,0.99,0.6,0.7,4.53,0.346,0.01
17HR-271,504.0,506.0,,,1.9,5.7,66.0,12.0,10.0,4.14,0.88,0.62,0.58,4.26,0.34,0.04
17HR-271,506.0,508.0,0.006,0.77,152.0,8.0,123.0,9.4,8.41,4.58,1.35,3.35,1.21,2.88,0.353,0.18
17HR-271,508.0,510.0,0.013,0.84,160.5,8.2,91.0,13.6,8.01,4.19,1.18,5.49,1.73,2.23,0.295,0.36
17HR-272,1.7,3.0,,6.88,15.8,51.5,33.0,68.4,8.22,3.88,0.17,0.22,0.15,4.6,0.308,3.84
17HR-272,3.0,5.0,,10.4,27.7,158.0,20.0,70.1,7.32,3.09,0.12,0.19,0.15,4.46,0.275,2.93
17HR-272,5.0,7.0,,11.3,42.1,272.0,80.0,101.0,7.47,4.35,0.15,0.21,0.13,4.27,0.289,4.08
17HR-272,7.0,9.0,,4.77,16.2,100.0,33.0,60.6,7.99,3.56,0.21,0.2,0.12,4.35,0.3,2.55
17HR-272,9.0,11.0,,30.3,44.3,1440.0,101.0,125.0,7.15,7.01,0.16,0.11,0.12,5.18,0.272,4.22
17HR-272,11.0,13.0,0.006,33.0,147.0,822.0,153.0,115.0,8.03,5.79,0.16,0.22,0.15,4.51,0.308,5.97
17HR-272,13.0,15.0,,32.4,659.0,109.0,136.0,134.5,8.93,3.7,0.23,0.22,0.14,4.47,0.33,3.13
17HR-272,15.0,17.0,0.005,14.05,193.0,81.9,323.0,157.0,6.51,7.66,0.13,0.1,0.12,4.52,0.24,6.4
17HR-272,17.0,19.0,,11.4,208.0,52.5,329.0,139.5,7.6,4.21,0.16,0.26,0.14,4.57,0.284,4.43
17HR-272,19.0,21.0,0.011,12.45,385.0,46.2,109.0,117.5,8.23,3.39,0.2,0.29,0.15,4.51,0.313,3.34
17HR-272,21.0,23.0,,3.62,75.9,36.4,48.0,84.7,8.36,3.73,0.2,0.24,0.14,4.2,0.313,3.63
17HR-272,23.0,25.0,0.009,5.52,180.0,40.3,77.0,96.3,8.62,3.55,0.21,0.26,0.15,4.56,0.321,3.2
17HR-272,25.0,27.0,0.005,4.11,28.3,39.5,43.0,125.0,7.74,3.86,0.18,0.26,0.15,4.46,0.295,3.99
17HR-272,27.0,29.0,,2.71,23.6,24.1,38.0,46.6,7.9,2.71,0.25,0.44,0.14,4.28,0.295,1.18
17HR-272,29.0,31.0,0.015,5.24,75.4,26.7,49.0,48.9,7.53,2.86,0.24,0.24,0.13,4.2,0.276,1.09
17HR-272,31.0,33.0,0.006,6.77,193.0,39.0,35.0,88.6,7.27,3.58,0.11,0.27,0.21,4.49,0.268,3.49
17HR-272,33.0,35.0,,1.09,15.9,20.7,46.0,64.3,7.58,3.79,0.31,1.89,0.12,4.57,0.313,1.68
17HR-272,35.0,37.0,,0.8,7.3,26.9,48.0,84.1,7.18,4.52,0.41,2.42,0.15,4.21,0.301,2.74
17HR-272,37.0,39.0,,7.99,37.3,41.0,98.0,149.0,7.98,4.9,0.35,0.77,0.16,4.46,0.305,4.5
17HR-272,39.0,41.0,,2.67,18.8,41.0,63.0,86.3,6.67,4.45,0.24,1.22,0.11,4.17,0.289,4.57
17HR-272,41.0,43.0,,1.94,28.9,27.5,42.0,33.6,8.11,3.29,0.36,1.06,0.1,4.52,0.316,2.2
17HR-272,43.0,45.0,,0.82,10.6,32.9,40.0,39.4,7.53,3.85,0.35,1.93,0.1,4.6,0.294,2.75
17HR-272,45.0,47.0,,0.69,12.1,12.2,48.0,13.0,6.74,3.15,0.36,2.32,0.1,4.08,0.299,0.38
17HR-272,47.0,49.0,,0.35,7.5,10.9,52.0,8.0,6.58,3.75,0.39,4.2,0.18,4.55,0.291,0.25
17HR-272,49.0,51.0,,0.06,4.8,11.6,71.0,6.9,6.75,4.08,0.48,4.6,0.17,4.41,0.305,0.02
17HR-272,51.0,53.0,,0.17,8.1,10.6,67.0,7.0,6.68,3.71,0.52,5.79,0.12,5.64,0.283,0.1
17HR-272,53.0,55.0,,0.11,4.3,12.3,71.0,6.9,6.5,3.98,0.45,4.68,0.25,5.08,0.299,0.01
17HR-272,55.0,57.0,,1.08,16.5,14.7,56.0,7.2,7.03,3.84,0.39,4.76,0.17,4.92,0.299,0.02
17HR-272,57.0,59.0,,0.17,8.2,15.6,63.0,8.3,6.61,3.88,0.4,4.34,0.12,4.28,0.309,0.02
17HR-272,59.0,61.0,,0.08,5.1,15.5,67.0,6.4,7.12,4.06,0.49,5.15,0.37,5.41,0.307,0.01
17HR-272,61.0,63.0,0.007,33.0,190.5,51.4,80.0,9.7,7.15,3.68,0.48,4.41,0.28,5.34,0.287,0.08
17HR-272,63.0,65.0,,0.15,5.0,12.0,67.0,7.2,6.77,3.9,0.48,4.89,0.74,5.04,0.287,0.02
17HR-272,65.0,67.0,,0.17,4.1,12.5,83.0,8.7,6.97,3.93,0.5,4.72,0.98,5.0,0.296,0.02
17HR-272,67.0,69.0,,12.5,67.9,38.8,116.0,12.5,7.79,4.03,0.67,3.84,1.01,5.35,0.315,0.17
17HR-272,67.0,69.0,,1.92,22.6,28.3,113.0,11.7,7.91,4.15,0.74,4.35,1.02,5.53,0.322,0.13
17HR-272,69.0,71.0,,0.11,2.8,13.5,111.0,8.6,7.49,4.15,0.84,3.94,1.14,4.67,0.295,0.02
17HR-272,71.0,73.0,,4.21,77.3,18.5,93.0,9.3,7.04,3.86,0.72,4.13,1.06,4.8,0.302,0.06
17HR-272,73.0,75.0,,1.74,48.3,15.9,76.0,10.3,7.78,4.14,0.57,3.48,0.79,5.5,0.328,0.17
17HR-272,75.0,77.0,,3.44,82.5,12.6,93.0,23.6,8.12,4.03,0.7,3.15,0.1,5.32,0.341,0.62
17HR-272,77.0,79.0,,0.12,5.1,13.7,98.0,7.6,7.52,4.37,0.54,4.75,0.87,4.86,0.308,0.04
17HR-272,79.0,81.0,,0.17,6.0,15.0,81.0,7.1,7.56,4.26,0.57,4.44,1.06,5.07,0.308,0.03
17HR-272,81.0,83.0,,1.26,26.7,15.0,77.0,8.3,7.29,4.16,0.58,4.89,1.33,4.79,0.31,0.03
17HR-272,83.0,85.0,,0.45,9.0,14.8,116.0,9.3,7.69,4.5,0.95,3.69,1.34,4.95,0.311,0.02
17HR-272,85.0,87.0,,0.31,10.6,13.1,100.0,8.3,7.96,4.27,0.73,3.99,0.8,5.25,0.315,0.03
17HR-272,87.0,89.0,,1.68,13.4,16.7,118.0,6.5,7.44,4.15,0.73,4.7,1.08,4.73,0.309,0.02
17HR-272,89.0,91.0,,0.11,2.9,14.8,109.0,6.6,7.81,4.39,1.11,4.7,1.42,4.57,0.314,0.02
17HR-272,91.0,93.0,,0.18,6.1,19.8,109.0,7.4,7.94,4.54,1.55,3.62,1.5,4.79,0.32,0.01
17HR-272,93.0,95.0,,0.05,2.9,18.3,94.0,8.7,7.81,4.32,1.51,3.21,1.76,4.46,0.306,0.01
17HR-272,95.0,97.0,,0.15,12.3,19.2,231.0,6.2,8.25,4.45,1.74,3.46,2.08,4.07,0.318,0.01
17HR-272,97.0,99.0,,0.04,3.4,17.8,199.0,6.1,8.02,4.47,1.59,3.2,1.17,4.99,0.32,
17HR-272,99.0,101.0,,1.0,36.8,15.0,116.0,6.4,8.37,4.39,0.98,3.41,0.86,5.46,0.323,0.03
17HR-272,101.0,103.0,,0.6,17.7,25.2,82.0,12.6,7.68,3.9,0.77,4.38,0.57,5.1,0.304,0.03
17HR-272,103.0,105.0,,0.3,8.0,12.7,116.0,6.1,8.11,4.37,1.19,3.43,1.64,4.62,0.314,0.02
17HR-272,105.0,107.0,,0.04,2.2,14.6,121.0,6.1,8.24,4.32,1.47,3.59,1.47,4.82,0.313,
17HR-272,107.0,109.0,,0.04,2.3,13.4,112.0,6.4,7.7,4.33,1.37,3.44,1.58,4.58,0.314,0.01
17HR-272,109.0,111.0,,0.76,27.4,13.9,115.0,5.7,8.23,4.35,1.13,3.14,1.45,4.83,0.327,0.02
17HR-272,111.0,113.0,,0.35,7.3,11.9,104.0,8.4,7.87,4.28,0.82,3.94,1.13,5.04,0.313,0.01
17HR-272,113.0,115.0,,0.81,24.9,11.3,101.0,5.6,7.52,4.22,0.81,5.32,1.03,4.89,0.324,0.03
17HR-272,115.0,117.0,,0.27,15.5,14.7,91.0,5.6,7.73,4.19,0.7,5.19,1.19,4.76,0.312,0.02
17HR-272,117.0,119.0,,0.13,11.3,11.4,124.0,5.9,7.81,4.47,0.9,4.27,1.35,4.54,0.319,0.03
17HR-272,119.0,121.0,,0.21,13.2,13.9,82.0,5.7,7.48,4.14,0.63,4.85,0.89,5.33,0.314,0.02
17HR-272,121.0,123.0,,1.76,30.3,25.6,61.0,11.8,6.41,3.89,0.5,6.56,0.61,4.5,0.292,0.05
17HR-272,123.0,125.0,,1.02,20.0,15.7,70.0,13.3,6.95,3.92,0.47,6.06,0.46,5.33,0.298,0.07
17HR-272,125.0,127.0,,1.66,20.5,16.5,63.0,27.7,7.08,3.36,0.51,5.99,0.15,4.99,0.278,0.17
17HR-272,127.0,129.0,0.008,0.3,7.4,8.3,87.0,8.6,7.38,4.08,0.48,5.07,0.25,5.2,0.303,0.02
17HR-272,129.0,131.0,0.008,0.33,9.1,8.6,83.0,5.5,7.55,4.1,0.48,4.94,0.41,5.03,0.308,0.02
17HR-272,131.0,133.0,,0.25,6.9,12.2,81.0,5.3,7.1,3.83,0.5,5.06,0.48,4.62,0.295,0.03
17HR-272,133.0,135.0,,0.28,17.4,17.7,73.0,5.4,6.83,3.6,0.5,6.86,0.31,4.57,0.28,0.03
17HR-272,135.0,137.0,,0.18,17.5,15.7,81.0,5.1,7.01,3.84,0.53,5.94,0.45,4.54,0.292,0.03
17HR-272,137.0,139.0,,0.17,15.0,12.2,88.0,6.3,7.57,4.26,0.62,4.62,0.97,4.42,0.313,0.01
17HR-272,139.0,141.0,,0.16,11.2,11.6,84.0,4.4,7.9,4.18,0.68,4.39,1.41,3.95,0.309,0.03
17HR-272,141.0,143.0,,0.1,10.0,13.8,73.0,5.5,7.92,4.34,0.53,4.91,1.89,3.89,0.319,
17HR-272,143.0,145.0,,0.14,11.5,13.3,80.0,5.6,7.73,4.27,0.49,4.91,2.27,3.54,0.312,0.03
17HR-272,145.0,147.0,,0.21,17.0,13.7,85.0,6.7,8.1,4.42,0.62,4.63,0.97,4.61,0.328,0.01
17HR-272,147.0,149.0,,0.31,22.2,12.9,71.0,7.3,7.82,4.33,0.59,4.56,1.29,4.32,0.315,0.01
17HR-272,149.0,151.0,,0.13,10.7,11.0,78.0,6.1,7.66,4.24,0.62,4.71,1.65,3.94,0.308,0.01
17HR-272,151.0,153.0,,0.18,12.7,11.3,86.0,4.9,7.34,4.13,0.68,4.36,1.17,4.13,0.303,0.01
17HR-272,153.0,155.0,,0.28,17.1,11.5,95.0,4.7,8.01,4.34,0.82,4.26,1.45,4.21,0.32,0.01
17HR-272,155.0,157.0,,0.13,6.5,12.8,111.0,5.1,8.29,4.38,0.96,3.56,1.89,3.74,0.312,0.01
17HR-272,155.0,157.0,,0.1,6.3,10.0,91.0,4.6,7.89,4.3,0.9,3.47,1.87,3.7,0.305,0.01
17HR-272,157.0,159.0,,0.02,1.8,11.1,92.0,4.8,7.95,4.3,0.91,4.58,2.05,3.46,0.316,0.01
17HR-272,159.0,161.0,,0.28,14.8,11.7,83.0,19.7,8.15,4.35,1.02,3.74,1.76,3.63,0.31,0.15
17HR-272,161.0,163.0,0.014,1.53,26.7,14.2,109.0,93.8,8.52,4.39,1.09,1.92,1.09,4.02,0.327,0.94
17HR-272,163.0,165.0,0.014,1.34,30.8,13.2,84.0,72.8,8.04,4.05,0.8,2.06,0.52,4.2,0.299,0.84
17HR-272,165.0,167.0,,0.05,4.8,12.1,81.0,5.1,7.32,4.07,0.47,5.09,1.66,3.55,0.296,0.01
17HR-272,167.0,169.0,,0.06,5.6,12.7,84.0,3.5,7.46,4.05,0.5,5.27,1.68,3.57,0.298,0.01
17HR-272,169.0,171.0,,0.34,28.0,12.4,90.0,7.9,7.54,4.02,0.53,4.39,1.07,3.88,0.29,0.01
17HR-272,171.0,173.0,,0.04,2.5,9.9,87.0,4.1,7.12,4.12,0.54,4.6,1.13,3.94,0.298,0.01
17HR-272,173.0,175.0,,0.02,1.7,9.8,91.0,4.1,7.19,3.97,0.61,4.8,1.05,3.81,0.282,0.01
17HR-272,175.0,177.0,,0.1,3.8,9.7,88.0,8.4,7.03,3.91,0.57,4.63,0.78,3.77,0.284,0.05
17HR-272,177.0,179.0,,0.1,6.3,10.2,75.0,10.1,7.4,3.67,0.59,4.84,0.61,3.76,0.273,0.13
17HR-272,179.0,181.0,,0.09,2.9,9.1,92.0,16.5,7.42,4.21,0.64,3.63,0.33,4.06,0.294,0.12
17HR-272,181.0,183.0,,0.07,3.5,7.6,80.0,12.6,7.57,4.06,0.73,4.23,0.75,4.0,0.3,0.11
17HR-272,183.0,185.0,,0.03,4.1,8.8,79.0,5.9,7.84,4.3,0.77,5.21,1.02,3.81,0.305,0.02
17HR-272,185.0,187.0,,0.17,14.9,10.1,80.0,16.1,7.3,4.25,0.66,5.73,0.98,3.86,0.316,0.07
17HR-272,187.0,189.0,,0.08,3.6,10.9,86.0,11.1,7.85,4.44,0.67,5.08,0.92,3.97,0.314,0.07
17HR-272,189.0,191.0,,0.14,24.8,7.6,75.0,10.4,7.13,3.91,0.61,5.16,0.83,3.78,0.296,0.04
17HR-272,191.0,193.0,,0.2,12.6,9.8,69.0,14.0,7.01,3.68,0.54,5.57,0.49,3.86,0.285,0.07
17HR-272,193.0,195.0,,0.06,9.7,10.7,71.0,7.8,7.85,4.17,0.62,5.29,0.64,4.03,0.308,0.03
17HR-272,195.0,197.0,,0.06,11.9,14.7,67.0,5.9,6.85,3.68,0.58,6.68,0.77,3.66,0.283,0.04
17HR-272,197.0,199.0,,0.04,5.5,11.6,78.0,7.6,7.36,3.8,0.71,4.75,0.47,4.04,0.291,0.02
17HR-272,199.0,201.0,,0.04,5.3,9.1,79.0,7.4,7.37,4.02,0.78,5.92,0.43,4.17,0.296,0.02
17HR-272,201.0,203.0,,0.09,15.4,10.9,65.0,8.8,7.26,3.65,0.73,8.63,0.2,3.97,0.285,0.02
17HR-272,203.0,205.0,,0.36,60.0,10.8,68.0,9.6,6.84,3.42,0.75,8.21,0.18,3.86,0.27,0.02
17HR-272,205.0,207.0,,0.02,1.7,9.7,70.0,7.5,7.25,4.16,0.72,5.18,0.32,4.12,0.286,
17HR-272,207.0,209.0,,0.01,3.7,9.8,74.0,9.0,7.6,4.39,0.78,4.92,0.42,4.36,0.302,0.01
17HR-272,209.0,211.0,,0.04,6.7,12.8,72.0,8.7,7.19,3.94,0.88,7.46,0.56,3.88,0.281,0.04
17HR-272,211.0,213.0,,0.03,3.8,9.3,75.0,10.0,7.1,3.96,0.89,6.36,0.52,4.04,0.285,0.03
17HR-272,213.0,215.0,,0.02,3.9,9.0,84.0,11.1,7.42,3.87,0.95,4.7,0.59,4.1,0.289,0.03
17HR-272,215.0,217.0,,0.35,45.5,10.4,81.0,15.0,7.16,4.06,0.81,5.36,0.57,3.96,0.284,0.02
17HR-272,217.0,219.0,,0.01,2.9,10.0,87.0,7.3,7.55,4.28,0.85,4.84,0.61,4.0,0.288,0.03
17HR-272,219.0,221.0,,0.01,2.0,11.2,92.0,8.2,7.77,4.29,0.92,5.29,0.58,4.06,0.285,0.02
17HR-272,221.0,223.0,0.009,0.09,10.3,12.2,95.0,9.5,7.01,4.11,0.9,5.34,0.59,4.21,0.272,0.03
17HR-272,223.0,225.0,0.006,0.58,93.6,70.6,79.0,8.7,5.71,2.71,0.97,15.25,0.34,3.03,0.201,0.05
17HR-272,225.0,227.0,,0.15,17.1,8.9,84.0,5.1,6.55,3.55,0.77,5.75,0.49,3.77,0.251,0.02
17HR-272,227.0,229.0,,0.02,3.1,8.8,90.0,6.1,6.69,3.97,0.71,4.87,0.53,4.03,0.276,0.02
17HR-272,229.0,231.0,,0.02,4.8,11.4,93.0,5.6,6.55,3.76,0.76,5.83,0.49,3.91,0.269,0.03
17HR-272,231.0,233.0,0.006,0.03,3.9,24.3,68.0,3.4,5.18,2.43,0.75,17.05,0.22,2.75,0.187,0.03
17HR-272,233.0,235.0,,0.03,5.6,11.7,91.0,4.5,6.56,3.55,0.72,6.81,0.42,3.91,0.271,0.02
17HR-272,235.0,237.0,,0.01,1.2,7.9,84.0,6.0,6.46,3.68,0.62,4.46,0.55,3.7,0.259,0.01
17HR-272,237.0,239.0,,0.03,4.9,12.2,92.0,9.5,6.22,3.57,0.68,5.84,0.64,3.83,0.27,0.03
17HR-272,239.0,241.0,,0.03,6.7,8.4,91.0,10.2,6.48,3.34,0.72,5.58,0.62,3.97,0.273,0.01
17HR-272,241.0,243.0,0.005,0.02,2.4,7.5,89.0,10.0,6.99,3.75,0.78,5.68,0.7,3.95,0.277,0.03
17HR-272,243.0,245.0,,0.04,7.2,8.6,81.0,8.8,7.06,3.75,0.81,5.17,0.67,4.03,0.282,0.03
17HR-272,243.0,245.0,,0.02,5.2,8.4,79.0,8.1,6.8,3.64,0.78,4.91,0.66,3.97,0.279,0.02
17HR-272,245.0,247.0,,,0.7,7.8,86.0,5.6,6.9,4.01,0.74,4.79,0.81,3.82,0.278,0.01
17HR-272,247.0,249.0,,0.01,0.6,7.3,87.0,5.3,6.88,3.88,0.72,4.6,0.87,3.8,0.279,0.05
17HR-272,249.0,251.0,,0.01,3.8,9.5,89.0,7.6,7.55,3.64,0.8,5.17,0.8,3.65,0.269,0.02
17HR-272,251.0,253.0,,0.01,2.7,6.0,83.0,12.4,8.47,4.35,0.74,4.39,0.4,4.31,0.299,0.02
17HR-272,253.0,255.0,,0.13,12.4,10.1,94.0,3.9,7.67,3.71,0.77,5.18,0.54,3.92,0.272,0.01
17HR-272,255.0,257.0,,0.47,69.1,20.1,122.0,5.1,7.53,3.56,0.81,6.11,0.58,3.87,0.268,0.03
17HR-272,257.0,259.0,,0.14,13.5,15.5,167.0,5.1,8.56,4.24,0.89,4.86,0.71,4.32,0.299,0.02
17HR-272,259.0,261.0,,0.07,7.4,13.8,164.0,4.1,8.14,4.08,0.76,4.23,0.78,4.07,0.288,0.02
17HR-272,261.0,263.0,,0.27,24.0,21.1,162.0,7.6,8.4,4.04,0.69,3.27,0.81,4.21,0.298,0.03
17HR-272,263.0,265.0,,0.18,15.7,15.6,192.0,5.1,8.11,3.74,0.83,4.43,0.96,3.9,0.286,0.03
17HR-272,265.0,267.0,,0.12,12.4,13.7,143.0,4.0,7.81,3.73,0.78,4.0,1.07,3.75,0.278,0.02
17HR-272,267.0,269.0,,0.12,8.4,12.8,112.0,5.6,8.06,3.73,0.73,4.65,1.27,3.7,0.283,0.02
17HR-272,269.0,271.0,,0.03,3.6,10.4,86.0,3.9,8.35,4.19,0.68,3.96,1.23,3.96,0.294,0.02
17HR-272,271.0,273.0,,0.06,3.5,10.6,78.0,4.1,8.27,4.18,0.65,3.26,1.29,3.89,0.294,0.01
17HR-272,273.0,275.0,,0.06,7.7,9.9,84.0,5.9,8.1,4.03,0.63,4.53,1.37,3.63,0.281,0.11
17HR-272,275.0,277.0,,0.04,4.5,10.1,100.0,6.2,8.62,4.28,0.61,4.91,0.73,4.27,0.291,0.11
17HR-272,277.0,279.0,,0.1,6.7,10.3,112.0,5.9,8.2,3.87,0.74,5.69,0.31,4.25,0.27,0.18
17HR-272,279.0,281.0,,0.09,4.0,10.2,144.0,6.9,8.28,4.03,0.69,5.25,1.08,3.88,0.281,0.05
17HR-272,281.0,283.0,,0.27,22.2,22.9,187.0,6.9,8.27,4.01,0.77,4.75,1.2,3.8,0.282,0.03
17HR-272,283.0,285.0,,0.02,1.3,9.8,147.0,6.2,8.36,4.28,0.66,4.26,1.42,3.74,0.278,0.02
17HR-272,285.0,287.0,,0.02,1.3,9.5,140.0,7.2,8.27,4.05,0.62,4.13,1.42,3.71,0.272,0.02
17HR-272,287.0,289.0,,0.05,5.6,16.5,159.0,8.1,8.42,4.19,0.6,4.79,1.1,4.06,0.281,0.02
17HR-272,289.0,291.0,,0.36,19.9,87.5,208.0,7.2,8.23,3.92,0.75,3.86,1.29,3.8,0.279,0.04
17HR-272,291.0,293.0,,0.13,5.4,21.3,229.0,7.3,8.11,4.08,0.76,3.85,1.38,3.66,0.273,0.02
17HR-272,293.0,295.0,,0.07,3.2,16.2,185.0,7.3,8.27,4.22,0.73,4.13,1.4,3.82,0.278,0.02
17HR-272,295.0,297.0,,0.31,19.9,13.5,159.0,7.5,7.81,3.63,0.76,3.14,1.35,3.51,0.264,0.01
17HR-272,297.0,299.0,,0.29,23.3,14.9,150.0,7.5,8.26,3.94,0.73,3.07,1.41,3.88,0.277,0.01
17HR-272,299.0,301.0,,0.05,2.1,13.9,123.0,7.0,8.13,4.1,0.65,3.94,1.41,3.81,0.275,0.01
17HR-272,301.0,303.0,,0.03,1.2,14.0,103.0,7.2,8.0,3.92,0.6,4.72,1.52,3.66,0.271,0.01
17HR-272,303.0,305.0,,0.05,1.4,13.2,95.0,7.4,6.67,3.35,0.54,9.69,1.21,3.05,0.232,0.02
17HR-272,305.0,307.0,,0.03,2.4,11.5,116.0,8.4,7.87,3.84,0.61,6.31,1.47,3.48,0.27,0.02
17HR-272,307.0,309.0,,0.32,15.8,32.9,124.0,14.3,8.13,3.82,0.71,4.51,1.47,3.6,0.274,0.13
17HR-272,309.0,311.0,,0.04,3.5,10.5,85.0,9.1,8.5,4.27,0.56,4.52,1.48,3.99,0.288,0.01
17HR-272,311.0,313.0,,0.12,7.6,22.7,148.0,23.1,7.42,3.86,0.73,4.45,1.3,3.77,0.281,0.06
17HR-272,313.0,315.0,,0.51,19.2,309.0,350.0,61.0,6.64,3.49,0.78,5.43,1.03,3.61,0.267,0.31
17HR-272,315.0,317.0,,0.09,4.5,27.6,148.0,4.7,6.44,3.56,0.72,6.75,0.92,3.84,0.272,0.19
17HR-272,317.0,319.0,,0.38,13.7,49.4,225.0,89.0,7.36,3.28,0.81,5.05,1.34,3.72,0.29,0.29
17HR-272,319.0,321.0,,0.2,8.2,46.3,193.0,21.1,8.5,4.29,0.8,2.96,1.37,4.2,0.31,0.15
17HR-272,321.0,323.0,,0.04,6.7,11.0,150.0,4.8,8.62,4.25,0.7,2.71,1.55,4.22,0.302,0.01
17HR-272,323.0,325.0,,0.03,3.3,7.3,118.0,4.3,7.21,3.91,0.57,3.21,1.76,3.45,0.264,0.02
17HR-272,325.0,327.0,,0.03,4.3,7.9,93.0,6.9,7.35,4.02,0.55,3.61,1.96,3.59,0.277,0.03
17HR-272,327.0,329.0,,0.02,2.0,6.7,75.0,4.0,7.48,3.87,0.6,3.11,1.66,3.4,0.242,0.02
17HR-272,329.0,331.0,,0.36,47.0,16.6,89.0,6.5,7.77,3.92,0.88,3.85,1.97,3.54,0.277,0.08
17HR-272,331.0,333.0,,0.24,15.8,22.2,84.0,46.6,7.27,3.57,0.9,3.55,1.87,3.22,0.263,0.3
17HR-272,331.0,333.0,,0.23,14.8,21.5,87.0,46.2,7.41,3.64,0.94,3.67,1.86,3.22,0.262,0.31
17HR-272,333.0,335.0,,0.19,15.8,26.2,92.0,18.4,7.54,3.59,0.97,3.64,1.79,3.28,0.27,0.18
17HR-272,335.0,337.0,,0.04,11.2,6.5,101.0,4.2,7.71,3.72,0.98,3.53,1.85,3.44,0.274,0.05
17HR-272,337.0,339.0,,0.03,2.4,6.7,90.0,3.9,7.38,3.88,0.81,3.33,1.74,3.57,0.271,0.04
17HR-272,339.0,341.0,,0.01,1.6,8.8,85.0,5.8,8.2,4.16,0.76,2.88,1.74,4.1,0.288,0.02
17HR-272,341.0,343.0,,0.02,2.8,8.8,91.0,5.6,7.96,3.9,0.78,3.89,1.94,3.81,0.272,0.02
17HR-272,343.0,345.0,,0.06,10.1,15.3,104.0,6.4,7.28,3.72,1.0,3.97,1.62,3.63,0.26,0.02
17HR-272,345.0,347.0,,0.03,8.8,19.4,95.0,8.6,7.99,3.81,1.1,3.12,2.04,3.47,0.261,0.04
17HR-272,347.0,349.0,,0.03,6.5,16.2,74.0,11.9,7.41,4.02,0.77,4.07,2.14,4.02,0.285,0.02
17HR-272,349.0,351.0,,0.02,9.5,21.2,83.0,7.4,7.62,4.17,0.91,3.36,2.2,3.6,0.28,0.04
17HR-272,351.0,353.0,,0.02,5.6,10.8,86.0,5.6,8.39,4.29,0.94,2.42,2.67,3.57,0.29,0.05
17HR-272,353.0,355.0,,0.09,36.3,38.5,90.0,7.5,7.99,4.09,0.98,2.42,2.61,3.46,0.291,0.05
17HR-272,355.0,357.0,,0.04,5.2,15.1,85.0,7.3,8.69,4.46,0.97,2.33,2.71,4.11,0.31,0.05
17HR-272,357.0,359.0,,0.02,1.9,12.7,88.0,8.6,8.39,4.1,0.9,2.12,2.39,4.16,0.293,0.06
17HR-272,359.0,361.0,,0.03,2.1,8.9,108.0,7.2,8.0,3.84,1.04,2.45,2.47,3.49,0.271,0.02
17HR-272,361.0,363.0,,0.15,3.7,10.3,108.0,8.8,8.0,4.07,0.92,2.99,2.52,3.55,0.28,0.01
17HR-272,363.0,365.0,,0.39,18.6,8.9,123.0,9.5,8.15,4.19,1.13,2.53,2.65,3.34,0.291,0.03
17HR-272,365.0,367.0,,0.08,3.0,10.0,99.0,6.3,7.46,3.83,1.23,4.65,1.82,3.48,0.257,0.01
17HR-272,367.0,369.0,,0.08,2.6,11.0,79.0,7.6,7.52,3.74,1.07,3.37,1.99,3.71,0.262,0.02
17HR-272,369.0,371.0,,0.04,2.0,12.4,86.0,9.2,7.38,3.98,0.79,3.35,2.03,4.04,0.278,0.05
17HR-272,371.0,373.0,,0.04,2.1,12.6,120.0,10.9,7.99,4.15,0.89,3.51,2.73,3.22,0.286,0.02
17HR-272,373.0,375.0,,0.3,23.5,12.5,138.0,14.2,7.88,3.87,1.06,3.27,2.55,2.9,0.282,0.04
17HR-272,375.0,377.0,,0.06,5.1,11.6,128.0,11.7,8.15,4.08,1.12,2.29,2.66,2.99,0.287,0.04
17HR-272,377.0,379.0,,0.09,5.2,10.7,98.0,12.7,7.9,4.11,1.09,3.65,2.28,3.52,0.301,0.04
17HR-272,379.0,381.0,,0.03,5.8,11.1,79.0,14.1,7.54,4.03,0.82,3.39,2.3,3.5,0.28,0.04
17HR-272,381.0,383.0,,0.01,0.8,8.9,84.0,14.9,7.57,4.06,0.94,2.9,2.46,3.33,0.278,0.03
17HR-272,383.0,385.0,,,0.7,9.0,85.0,15.3,6.91,3.92,0.93,3.21,2.33,3.31,0.275,0.02
17HR-272,385.0,387.0,,,0.7,11.6,80.0,17.6,7.41,3.93,1.04,2.84,2.37,3.38,0.274,
17HR-272,387.0,389.0,,,0.9,11.3,95.0,15.2,7.0,3.9,1.24,4.59,2.2,3.28,0.27,
17HR-272,389.0,391.0,,,0.5,12.8,72.0,17.9,7.27,3.99,1.04,3.94,2.16,3.66,0.29,0.01
17HR-272,391.0,393.0,,,0.4,11.2,68.0,14.6,7.45,4.08,1.04,2.79,1.96,3.83,0.287,0.01
17HR-272,393.0,395.0,,,0.5,10.6,76.0,14.6,8.18,4.33,1.09,2.79,2.35,3.96,0.317,0.01
17HR-272,395.0,397.0,,0.03,1.6,10.8,72.0,12.3,8.06,4.05,1.27,2.92,2.18,3.72,0.3,0.01
17HR-272,397.0,399.0,,0.01,1.3,13.1,66.0,11.4,7.36,4.06,0.97,3.58,2.12,3.44,0.292,0.02
17HR-272,399.0,401.0,,,0.5,12.1,64.0,12.2,8.4,4.3,1.06,2.12,2.53,3.48,0.31,0.02
17HR-272,401.0,403.0,,0.01,3.9,12.8,68.0,11.7,7.08,3.81,1.05,3.36,2.23,3.31,0.287,0.07
17HR-272,403.0,405.0,,0.01,1.9,11.8,70.0,13.3,6.76,3.83,1.26,3.61,1.94,3.4,0.28,0.23
17HR-272,405.0,407.0,,,0.7,13.9,70.0,16.0,7.32,4.07,1.24,2.85,2.06,3.59,0.292,0.01
17HR-272,407.0,409.0,,0.01,1.2,15.4,69.0,16.6,7.13,3.9,1.29,3.72,1.95,3.59,0.288,0.01
17HR-272,409.0,411.0,,0.17,6.2,13.7,83.0,23.7,7.17,3.92,1.44,3.42,1.81,3.61,0.287,0.01
17HR-272,411.0,413.0,,0.04,2.0,14.5,71.0,21.3,7.31,3.9,1.31,3.11,2.06,3.56,0.284,0.01
17HR-272,413.0,415.0,,0.01,1.1,13.2,74.0,21.7,7.97,4.08,1.56,2.1,2.43,3.5,0.3,
17HR-272,415.0,417.0,,,1.6,12.8,71.0,21.2,7.85,4.08,1.69,3.39,2.5,3.37,0.302,0.01
17HR-272,417.0,419.0,,0.01,0.8,13.4,73.0,23.8,7.54,4.06,1.72,2.94,2.43,3.52,0.303,
17HR-272,419.0,421.0,,0.02,1.0,13.0,76.0,22.1,7.68,3.92,1.75,2.15,2.04,3.9,0.289,
17HR-272,419.0,421.0,,0.01,1.4,13.3,78.0,21.1,8.04,4.09,1.83,2.2,2.1,4.11,0.304,
17HR-272,421.0,423.0,,0.01,0.9,13.9,67.0,19.0,7.62,4.08,1.59,2.81,2.15,4.2,0.306,
17HR-272,423.0,425.0,,0.03,3.9,13.0,77.0,17.8,7.61,4.12,1.63,2.99,2.17,3.67,0.297,0.05
17HR-272,425.0,427.0,,0.01,1.3,12.9,69.0,18.3,7.56,3.93,1.69,2.33,2.09,3.79,0.284,0.01
17HR-272,427.0,429.0,,0.01,1.0,12.1,69.0,18.8,7.31,3.86,1.77,2.33,2.21,3.55,0.28,
17HR-272,429.0,431.0,,0.01,0.6,11.1,79.0,16.6,8.04,4.07,2.03,1.7,2.2,3.65,0.3,
17HR-272,431.0,433.0,,0.04,4.4,10.6,70.0,17.0,7.31,3.86,1.82,2.08,2.14,3.32,0.289,0.01
17HR-272,433.0,435.0,,0.26,41.6,9.7,78.0,7.2,7.69,3.88,2.17,2.43,2.34,2.89,0.302,0.07
17HR-272,435.0,437.0,,0.03,3.5,10.8,61.0,7.5,7.7,3.85,1.24,2.5,2.15,3.55,0.296,0.02
17HR-272,437.0,439.0,,,1.4,8.8,120.0,8.1,8.87,4.52,1.69,1.29,2.22,4.01,0.326,
17HR-272,439.0,441.0,,0.01,1.0,9.4,89.0,9.4,7.36,4.04,1.33,2.55,2.36,3.3,0.29,
17HR-272,441.0,443.0,,0.01,0.8,8.8,81.0,7.5,6.77,3.55,1.38,3.29,2.17,3.2,0.271,0.03
17HR-272,443.0,445.0,,0.02,1.3,11.6,83.0,12.3,7.43,3.8,1.59,2.04,2.25,3.35,0.277,0.01
17HR-272,445.0,447.0,,0.01,0.9,13.8,65.0,16.7,7.97,4.05,1.61,1.91,2.37,3.77,0.289,
17HR-272,447.0,449.0,,0.01,4.2,12.5,76.0,14.3,7.82,4.04,1.91,1.87,2.49,3.42,0.289,0.01
17HR-272,449.0,451.0,,,0.8,14.1,67.0,15.5,7.5,3.84,1.59,2.33,2.32,3.45,0.28,0.01
17HR-272,451.0,453.0,,,0.9,11.4,74.0,17.7,7.44,3.89,1.79,2.11,2.4,3.0,0.286,
17HR-272,453.0,455.0,,0.01,1.6,12.3,81.0,11.8,8.1,4.26,1.99,1.78,2.65,3.15,0.314,0.01
17HR-272,455.0,457.0,,0.01,1.7,11.6,75.0,14.6,7.51,4.04,1.86,3.53,2.62,2.71,0.289,0.02
17HR-272,457.0,459.0,,0.01,1.1,12.9,62.0,13.3,7.56,3.98,1.6,2.45,2.4,3.38,0.305,0.04
17HR-272,459.0,461.0,,0.01,1.1,13.3,78.0,11.1,8.07,4.33,1.99,2.17,2.67,3.17,0.316,
17HR-272,461.0,463.0,,0.01,1.0,12.2,77.0,10.5,7.33,3.99,2.08,3.11,2.34,2.83,0.293,
17HR-272,463.0,465.0,,,1.9,12.3,75.0,8.4,7.68,4.01,1.77,2.31,2.24,3.05,0.286,
17HR-272,465.0,467.0,,0.02,2.7,10.8,78.0,7.2,7.9,4.12,1.73,2.57,2.28,3.05,0.294,0.01
17HR-272,467.0,469.0,,0.65,85.6,8.3,89.0,4.7,8.15,4.31,1.78,2.99,2.19,3.15,0.311,0.02
17HR-272,469.0,471.0,,0.17,34.8,8.9,102.0,4.4,7.02,3.42,1.32,5.1,1.97,2.33,0.251,0.06
17HR-272,471.0,473.0,,0.08,9.5,41.1,342.0,8.5,5.21,2.58,1.13,15.25,1.15,1.76,0.177,0.25
17HR-272,473.0,475.0,,0.52,86.5,19.0,313.0,4.5,6.82,3.19,1.24,10.5,1.61,2.39,0.237,0.04
17HR-272,475.0,477.0,,0.06,9.8,8.8,167.0,4.9,7.17,3.81,1.36,3.62,2.1,2.77,0.279,0.03
17HR-272,477.0,479.0,,0.18,19.0,9.3,122.0,4.8,7.73,4.1,1.65,2.81,1.92,3.07,0.29,0.03
17HR-272,479.0,481.0,,0.02,4.3,10.0,77.0,7.0,7.78,4.0,1.46,2.97,2.03,3.23,0.285,
17HR-272,481.0,483.0,,0.03,3.7,11.2,84.0,9.0,7.56,4.12,1.64,2.9,1.73,3.6,0.279,0.01
17HR-272,483.0,485.0,,0.01,1.5,12.4,63.0,7.0,7.65,4.01,1.2,2.92,1.79,3.77,0.274,
17HR-272,485.0,487.0,,,2.7,11.3,74.0,8.1,8.11,4.18,1.48,2.8,2.1,3.51,0.292,0.01
17HR-272,487.0,489.0,0.034,0.7,148.5,10.4,77.0,5.9,7.59,4.07,1.48,2.86,1.91,3.5,0.289,0.02
17HR-272,489.0,491.0,,0.01,1.8,10.4,76.0,7.3,7.47,4.05,1.53,2.73,1.92,3.4,0.283,
17HR-272,491.0,493.0,,0.03,3.8,10.7,75.0,6.9,7.73,4.05,1.58,2.53,2.03,3.29,0.291,
17HR-272,493.0,495.0,0.007,0.02,2.9,9.8,68.0,6.9,6.95,3.69,1.45,3.96,1.68,3.02,0.26,0.01
17HR-272,495.0,497.0,,0.03,5.8,10.3,74.0,6.5,7.66,3.97,1.57,2.43,2.1,3.33,0.297,
17HR-272,497.0,499.0,,0.02,3.3,11.1,65.0,8.1,7.84,3.85,1.4,3.7,1.48,3.96,0.288,
17HR-272,499.0,501.0,,0.01,2.0,11.6,75.0,6.6,7.85,4.13,1.65,2.54,2.17,3.43,0.3,
17HR-272,501.0,503.0,,0.01,1.6,11.5,92.0,6.6,7.29,4.19,1.97,3.01,1.85,3.39,0.293,0.01
17HR-272,503.0,505.0,,0.01,1.9,11.2,65.0,5.5,7.52,3.93,1.43,2.72,1.68,3.71,0.286,
17HR-272,505.0,507.0,,0.02,1.7,11.8,62.0,6.7,7.58,3.88,1.25,2.5,1.97,3.86,0.287,
17HR-272,507.0,509.0,,0.01,1.9,11.3,61.0,7.4,7.2,3.75,1.18,3.33,1.93,3.48,0.274,
17HR-272,507.0,509.0,,0.02,2.6,10.6,58.0,8.7,6.83,3.53,1.13,3.26,1.82,3.22,0.252,
17HR-272,509.0,511.0,,0.01,2.1,10.7,69.0,5.8,7.25,3.77,1.35,3.07,1.78,3.6,0.275,
17HR-272,511.0,513.0,,0.04,4.0,12.3,70.0,5.3,7.47,3.79,1.33,3.38,1.85,3.8,0.269,0.01
17HR-272,513.0,515.0,,0.21,7.5,13.4,78.0,8.3,7.96,4.12,1.5,2.59,2.0,3.79,0.285,0.01
17HR-272,515.0,517.0,,0.04,2.1,10.1,59.0,7.0,7.29,3.76,1.26,4.02,1.82,3.14,0.264,0.01
17HR-272,517.0,519.0,,0.05,2.8,10.0,74.0,9.4,7.97,3.97,1.57,2.87,1.87,3.49,0.291,0.01
17HR-272,519.0,521.0,,0.02,1.7,9.9,67.0,7.8,7.2,3.83,1.35,4.28,1.56,3.61,0.279,0.04
17HR-272,521.0,523.0,,0.06,5.1,7.3,73.0,4.6,7.36,3.74,1.51,5.24,1.75,2.97,0.272,0.02
17HR-272,523.0,525.0,0.112,0.82,43.6,6.2,96.0,4.3,7.12,3.7,1.53,3.71,1.72,3.01,0.292,0.04
17HR-272,525.0,527.0,0.009,0.05,2.6,7.8,73.0,6.4,7.59,4.04,1.01,2.45,1.91,3.46,0.302,0.01
17HR-272,527.0,529.0,,0.02,1.6,8.2,78.0,6.6,7.32,3.98,1.22,2.69,1.92,3.35,0.29,0.01
17HR-272,529.0,531.0,,0.05,6.4,8.6,84.0,6.3,7.4,4.06,1.48,2.73,1.69,3.72,0.298,0.01
17HR-272,531.0,533.0,,0.05,5.9,8.3,79.0,8.0,7.09,3.94,1.33,3.36,1.88,3.51,0.296,0.01
17HR-272,533.0,535.0,,0.02,3.1,8.9,76.0,9.9,7.5,4.02,1.25,3.02,1.78,3.75,0.293,0.01
17HR-272,535.0,537.0,,0.02,3.7,8.9,72.0,6.5,6.98,3.82,1.2,3.86,1.93,3.33,0.28,0.01
17HR-272,537.0,539.0,,0.01,2.3,8.8,69.0,7.6,7.87,4.1,1.17,2.46,2.17,3.49,0.306,0.01
17HR-272,539.0,541.0,,0.01,1.1,10.6,74.0,7.0,8.29,4.55,1.31,2.79,2.08,3.85,0.331,
17HR-272,541.0,543.0,,0.04,4.7,9.6,80.0,7.1,6.74,3.83,1.35,4.31,1.95,3.25,0.282,
17HR-272,543.0,545.0,,0.06,12.7,10.2,70.0,5.5,7.18,3.9,1.08,3.25,1.97,3.66,0.29,
17HR-272,545.0,547.0,,0.02,4.2,10.2,75.0,4.9,7.06,3.9,1.24,3.12,1.79,3.74,0.284,
17HR-272,547.0,549.0,,0.03,4.9,10.5,82.0,7.0,7.4,4.12,1.66,2.99,2.2,3.38,0.3,
17HR-272,549.0,551.0,,0.01,3.3,10.0,67.0,8.2,6.86,3.91,1.24,3.53,2.45,2.8,0.28,
17HR-272,551.0,553.0,,0.03,5.8,11.4,64.0,7.3,8.03,4.25,1.17,2.64,2.76,3.33,0.317,
17HR-272,553.0,555.0,,0.03,7.2,10.4,74.0,6.4,7.42,4.04,1.32,3.32,2.26,3.25,0.296,
17HR-272,555.0,557.0,,0.38,85.5,8.6,62.0,4.8,6.96,3.33,1.14,7.62,1.97,2.9,0.261,0.01
17HR-272,557.0,559.0,,0.14,33.4,9.8,78.0,6.1,7.25,3.98,1.46,3.04,2.28,3.08,0.298,
17HR-272,559.0,561.0,,0.03,6.7,10.2,76.0,6.2,6.62,3.67,1.54,4.21,2.01,2.68,0.264,
17HR-272,561.0,563.0,,0.02,5.5,11.0,76.0,6.6,7.13,4.04,1.56,2.83,2.31,2.94,0.288,
17HR-272,563.0,565.0,,0.02,4.1,11.1,82.0,7.0,7.43,4.33,1.88,2.42,2.46,3.07,0.31,
17HR-272,565.0,567.0,,0.03,4.6,10.9,77.0,7.6,7.35,4.14,1.85,3.07,2.55,2.83,0.3,
17HR-272,567.0,569.0,,0.03,4.6,10.1,81.0,8.4,7.47,4.07,1.89,2.25,2.49,2.8,0.3,
17HR-272,569.0,571.0,0.006,0.07,4.8,10.8,80.0,9.9,7.58,4.03,1.35,2.47,2.33,3.73,0.32,
17HR-272,571.0,573.0,,0.02,2.6,10.0,82.0,7.1,7.39,4.11,1.35,2.92,2.16,3.71,0.3,
17HR-272,573.0,575.0,,0.03,2.8,9.4,68.0,5.8,7.18,3.98,1.14,2.93,1.99,3.75,0.305,
17HR-272,575.0,577.0,,0.01,1.1,11.8,80.0,6.6,7.59,4.16,1.78,2.16,1.85,3.79,0.327,
17HR-272,577.0,579.0,,0.01,1.8,9.7,85.0,7.5,7.18,3.66,2.08,1.82,2.34,2.62,0.278,
17HR-272,579.0,581.0,,0.01,3.9,10.6,72.0,8.2,7.38,3.78,1.7,1.73,2.47,2.77,0.272,
17HR-272,581.0,583.0,,0.05,14.6,10.2,75.0,8.1,7.33,3.7,1.75,1.82,2.56,2.62,0.271,0.01
17HR-272,583.0,585.0,,0.01,4.2,11.8,76.0,8.6,7.53,3.94,1.79,1.98,2.6,2.87,0.294,
17HR-272,585.0,587.0,,0.16,34.3,11.8,80.0,6.6,7.38,3.81,1.91,2.05,2.8,2.54,0.289,0.01
17HR-272,587.0,589.0,0.006,,1.2,12.4,74.0,9.0,7.63,3.84,1.67,1.96,2.66,2.87,0.284,0.01
17HR-272,589.0,591.0,,,1.2,12.8,68.0,10.2,7.49,3.76,1.54,1.92,2.67,2.7,0.28,
17HR-272,591.0,593.0,,,1.2,13.1,78.0,9.0,7.6,4.03,1.74,2.11,2.83,2.67,0.306,
17HR-272,593.0,595.0,,0.01,1.0,11.2,75.0,10.2,7.49,3.84,1.74,2.32,2.78,2.52,0.28,
17HR-272,595.0,597.0,,0.01,3.0,12.3,61.0,7.3,7.32,3.97,1.47,4.48,2.38,2.69,0.271,0.01
17HR-272,595.0,597.0,,0.01,2.3,11.6,63.0,7.2,6.99,3.92,1.45,4.28,2.45,2.6,0.271,0.01
17HR-272,597.0,599.0,,0.01,1.0,12.2,73.0,6.0,7.75,4.19,1.67,2.21,2.15,3.2,0.294,
17HR-272,599.0,601.0,,0.08,18.3,11.4,78.0,6.8,7.65,4.15,1.91,2.11,2.05,3.13,0.295,0.01
17HR-272,601.0,603.0,0.005,0.09,5.9,14.1,77.0,13.3,8.42,4.93,1.38,2.37,2.08,4.06,0.36,
17HR-272,603.0,605.0,,0.01,1.0,10.3,87.0,7.2,7.45,4.76,1.67,4.24,1.93,3.57,0.351,0.02
17HR-272,605.0,607.0,0.007,,1.0,11.9,82.0,7.9,7.49,4.7,1.76,3.98,1.77,3.49,0.339,
17HR-272,607.0,609.0,,,0.6,9.8,76.0,17.1,6.98,4.26,2.33,4.78,1.65,3.34,0.317,
17HR-272,609.0,611.0,,,1.1,10.5,76.0,12.9,7.19,4.33,1.98,3.81,1.84,3.49,0.334,
17HR-272,611.0,613.0,,0.03,6.1,9.9,92.0,8.4,7.34,4.68,2.03,3.77,1.51,3.67,0.342,0.05
17HR-272,613.0,615.0,,0.08,16.8,10.7,79.0,13.5,7.04,4.61,1.75,4.57,1.51,3.53,0.338,0.03
17HR-272,615.0,617.0,,,0.8,11.0,71.0,16.1,6.97,4.37,1.66,4.27,2.07,3.08,0.327,0.01
17HR-272,617.0,619.0,,0.01,1.0,11.7,83.0,7.2,7.81,4.57,2.05,3.09,1.93,3.58,0.333,
17HR-272,619.0,621.0,0.007,0.01,1.2,12.5,97.0,6.9,7.43,4.61,2.23,2.71,2.14,3.23,0.346,
17HR-272,621.0,623.0,0.005,,0.6,10.5,79.0,8.0,7.36,4.79,1.93,3.57,2.3,3.15,0.348,0.01
17HR-272,623.0,625.0,,0.01,4.8,9.2,87.0,8.6,7.39,4.99,1.74,3.15,2.0,3.44,0.354,0.04
17HR-272,625.0,627.0,0.006,0.28,15.3,10.2,94.0,13.2,7.0,4.54,1.74,4.18,0.75,3.96,0.339,0.77
17HR-272,627.0,629.0,0.007,0.57,1.8,7.8,79.0,6.0,7.38,4.32,1.64,2.54,1.78,3.25,0.336,1.44
17HR-272,629.0,631.0,0.027,2.96,2.4,8.5,73.0,40.1,8.05,4.63,1.74,1.88,1.94,3.28,0.351,1.75
17HR-272,631.0,633.0,0.051,4.97,2.4,8.4,75.0,69.9,7.55,4.32,1.51,1.05,2.16,2.75,0.332,2.47
17HR-272,633.0,635.0,0.007,0.08,1.0,13.7,72.0,21.4,7.78,4.41,1.7,1.73,2.62,3.27,0.338,0.02
17HR-272,635.0,637.0,0.007,0.02,1.0,9.6,81.0,11.9,8.0,4.48,1.93,1.68,3.45,2.46,0.325,0.01
17HR-272,637.0,639.0,,0.01,0.6,10.6,84.0,13.0,7.82,4.48,1.97,1.9,3.89,2.07,0.334,0.01
17HR-272,639.0,641.0,,0.01,1.6,11.9,77.0,15.2,7.37,4.43,1.81,2.45,3.67,2.09,0.326,
17HR-272,641.0,643.0,,,1.0,12.4,83.0,14.6,7.97,4.73,1.97,2.11,3.42,2.47,0.339,
17HR-272,643.0,645.0,0.006,0.06,1.6,10.0,76.0,16.9,7.91,4.5,1.75,1.88,2.27,3.08,0.324,0.44
17HR-272,645.0,647.0,,0.13,41.8,20.1,78.0,19.7,7.6,4.44,1.67,2.27,2.05,3.02,0.3,0.07
17HR-272,647.0,649.0,,0.09,13.7,12.2,90.0,3.7,7.63,4.53,1.85,2.86,2.25,2.5,0.293,0.01
17HR-272,649.0,651.0,,0.08,9.8,7.9,78.0,3.8,7.3,3.85,1.34,3.38,0.97,3.52,0.283,0.05
17HR-272,651.0,653.0,,0.09,10.1,6.8,76.0,3.2,7.42,3.84,1.01,2.41,1.67,2.98,0.277,0.01
17HR-272,653.0,655.0,,0.04,5.4,6.7,92.0,3.8,7.97,4.58,1.35,3.11,1.8,2.88,0.302,0.01
17HR-272,655.0,657.0,,0.06,11.1,7.8,69.0,3.6,7.53,3.64,1.23,3.52,1.66,2.86,0.285,0.01
17HR-272,657.0,659.0,,0.1,16.3,17.0,78.0,3.1,7.36,4.28,1.46,3.58,1.81,2.15,0.264,0.21
17HR-272,659.0,661.0,,0.08,18.6,17.2,72.0,3.2,7.45,3.56,1.3,2.72,2.01,2.59,0.293,0.01
17HR-272,661.0,663.0,,0.13,22.7,20.3,81.0,3.6,7.8,3.84,1.43,3.36,2.02,2.47,0.288,0.06
17HR-272,663.0,665.0,,0.14,30.6,10.3,73.0,4.7,7.73,3.53,1.31,4.26,1.86,2.76,0.281,0.01
17HR-272,665.0,667.0,,0.05,15.7,10.0,77.0,4.0,7.93,3.65,1.4,2.88,2.09,2.73,0.287,
17HR-272,667.0,669.0,,0.04,6.9,14.1,83.0,4.3,8.14,4.18,1.49,3.17,2.28,2.65,0.294,0.01
17HR-272,669.0,671.0,,0.03,6.9,14.4,78.0,6.6,7.9,4.1,1.39,2.91,2.01,2.77,0.284,0.01
17HR-272,671.0,673.0,,0.03,9.0,9.6,81.0,4.3,7.9,4.49,1.43,1.92,2.29,2.47,0.297,
17HR-272,673.0,675.0,,0.06,13.7,14.1,81.0,4.7,7.78,4.27,1.37,2.48,2.39,2.43,0.296,
17HR-272,675.0,677.0,,0.05,18.8,16.2,79.0,3.8,7.56,3.51,1.42,3.01,2.19,2.52,0.284,0.01
17HR-272,677.0,679.0,,0.05,13.8,9.6,83.0,4.1,7.94,3.91,1.5,2.6,2.5,2.82,0.315,
17HR-272,679.0,681.0,,0.04,14.6,9.9,83.0,4.4,7.8,3.96,1.5,2.63,2.5,3.05,0.315,0.01
17HR-272,681.0,683.0,,0.02,3.3,8.2,80.0,4.5,8.06,3.77,1.5,2.61,2.42,3.26,0.32,0.01
17HR-272,683.0,685.0,,0.03,6.9,8.1,93.0,3.8,7.89,4.41,1.85,2.73,2.31,2.54,0.307,
17HR-272,683.0,685.0,,0.03,7.8,7.6,87.0,3.4,7.86,4.21,1.74,2.58,2.3,2.64,0.311,
17HR-272,685.0,687.0,,0.02,2.8,9.0,73.0,4.0,8.31,3.62,1.49,2.69,2.29,3.17,0.317,
17HR-272,687.0,689.0,,0.06,24.3,10.5,101.0,3.2,7.83,4.95,1.99,2.91,2.27,2.43,0.3,0.01
17HR-272,689.0,691.0,,0.24,21.9,11.4,82.0,5.3,8.34,4.37,1.48,2.66,2.42,3.19,0.329,0.01
17HR-272,691.0,693.0,,0.07,4.1,8.5,89.0,4.5,7.68,4.19,1.53,3.07,2.18,2.97,0.313,0.01
17HR-272,693.0,695.0,,0.09,13.5,8.9,78.0,4.0,8.09,4.05,1.4,3.09,2.47,2.86,0.302,0.01
17HR-272,695.0,697.0,0.005,0.05,5.3,7.9,77.0,4.5,7.94,4.02,1.36,2.69,2.36,3.05,0.31,0.01
17HR-272,697.0,699.0,0.005,0.04,6.7,7.3,72.0,3.9,8.04,3.78,1.34,3.17,2.22,3.02,0.306,0.01
17HR-272,699.0,701.0,,0.05,6.2,7.4,76.0,3.5,7.61,3.91,1.36,2.84,2.21,3.02,0.292,0.01
17HR-272,701.0,703.0,0.005,0.06,6.1,8.0,94.0,3.8,7.66,4.4,1.68,2.69,2.41,2.67,0.297,0.01
17HR-272,703.0,705.0,,0.02,2.4,9.2,72.0,4.2,7.85,3.64,1.49,2.87,2.4,2.86,0.294,0.02
17HR-272,705.0,707.0,,0.03,2.6,9.6,86.0,5.1,7.86,4.09,1.96,2.12,2.39,2.98,0.312,0.01
17HR-272,707.0,709.0,0.005,0.02,2.2,10.2,79.0,5.7,8.04,3.98,1.82,2.14,2.62,3.07,0.302,0.01
17HR-272,709.0,711.0,,0.03,3.7,10.5,78.0,4.5,8.12,4.07,1.7,2.09,2.86,3.04,0.316,
17HR-272,711.0,713.0,0.005,0.13,14.3,11.3,93.0,4.4,8.03,4.7,2.14,2.42,2.72,2.98,0.308,0.01
17HR-272,713.0,715.0,0.005,0.12,20.8,20.4,88.0,4.9,8.02,4.15,1.8,2.21,2.63,2.92,0.288,0.01
17HR-272,715.0,717.0,,0.03,3.2,13.1,69.0,5.1,7.54,3.71,1.58,2.84,2.32,2.66,0.263,0.06
17HR-272,717.0,719.0,0.006,0.11,10.5,13.8,77.0,4.4,8.55,4.46,1.86,2.24,2.82,3.08,0.318,
17HR-272,719.0,721.0,0.006,0.1,9.8,12.0,94.0,4.2,7.75,4.24,2.08,2.46,2.4,2.93,0.299,0.01
17HR-272,721.0,723.0,0.007,0.02,2.1,9.7,75.0,3.9,8.08,4.07,1.66,2.17,2.52,3.15,0.305,0.01
17HR-272,723.0,725.0,,0.05,5.7,8.8,72.0,3.8,8.36,4.22,1.58,2.59,2.55,3.29,0.309,
17HR-272,725.0,727.0,,0.06,14.2,7.7,65.0,3.0,7.05,3.61,1.41,10.45,1.78,2.76,0.247,0.01
17HR-272,727.0,729.0,,0.06,12.2,8.5,62.0,4.5,7.71,3.67,1.43,4.55,1.9,3.25,0.279,0.04
17HR-272,729.0,731.0,,0.06,20.1,9.8,89.0,3.9,7.71,4.46,1.97,2.58,2.04,3.23,0.282,
17HR-272,731.0,733.0,,0.05,12.4,11.9,67.0,4.5,7.67,3.73,1.59,2.53,2.21,3.46,0.282,
17HR-272,733.0,735.0,,0.06,7.6,11.9,70.0,5.0,8.43,4.3,1.79,2.24,3.0,2.89,0.286,0.01
17HR-272,735.0,737.0,,0.08,24.5,17.1,74.0,3.9,7.99,3.93,1.77,2.39,2.31,3.34,0.272,0.01
17HR-272,737.0,739.0,,0.01,2.0,13.9,67.0,4.7,7.85,3.91,1.65,2.35,2.94,2.69,0.284,0.02
17HR-272,739.0,741.0,,0.01,1.8,11.4,76.0,5.7,7.96,4.23,1.85,2.24,3.24,2.32,0.286,0.02
17HR-272,741.0,743.0,0.008,0.04,8.6,12.4,72.0,5.2,8.23,4.2,1.72,2.18,2.8,3.03,0.301,0.02
17HR-272,743.0,745.0,,0.07,7.1,11.1,72.0,4.7,7.95,3.91,1.64,2.4,2.62,3.31,0.295,
17HR-272,745.0,747.0,,0.03,3.3,11.8,74.0,5.4,8.15,4.04,1.61,2.94,2.79,2.89,0.296,
17HR-272,747.0,749.0,,0.01,1.5,10.4,67.0,4.6,8.08,4.05,1.43,2.54,2.91,3.21,0.293,0.01
17HR-272,749.0,751.0,0.008,0.01,0.7,11.9,75.0,6.4,8.08,4.35,1.51,2.62,2.76,3.11,0.302,0.01
17HR-272,751.0,753.0,,,1.1,11.0,77.0,5.7,8.23,4.43,1.54,2.56,2.8,2.77,0.298,0.01
17HR-272,753.0,755.0,,0.04,12.8,9.0,74.0,4.3,7.92,3.99,1.43,4.08,2.72,2.41,0.298,0.01
17HR-272,755.0,757.0,,0.04,10.4,12.6,80.0,5.1,8.24,4.27,1.42,3.55,3.18,2.17,0.313,0.07
17HR-272,757.0,759.0,,0.1,19.7,15.5,71.0,8.5,8.2,4.07,1.32,4.19,2.79,2.58,0.301,0.17
17HR-272,759.0,761.0,,0.11,12.6,14.4,76.0,4.5,8.24,4.32,1.56,2.79,2.76,2.64,0.301,0.36
17HR-272,761.0,763.0,,0.08,7.1,8.6,75.0,3.6,8.4,4.32,1.61,2.28,3.29,2.5,0.307,0.07
17HR-272,763.0,765.0,,0.03,10.8,6.8,78.0,2.9,8.26,4.39,1.85,3.26,2.5,2.99,0.303,0.03
17HR-272,765.0,767.0,,0.06,12.6,16.1,76.0,3.7,8.46,4.16,1.8,3.42,2.48,2.98,0.309,0.15
17HR-272,767.0,769.0,,0.07,11.5,10.8,80.0,4.0,8.19,4.16,1.81,3.5,3.53,1.49,0.306,0.21
17HR-272,769.0,770.0,,0.07,12.4,10.8,84.0,5.3,9.03,4.52,1.93,3.41,3.76,1.92,0.324,0.33
17HR-273,1.4,3.0,0.019,0.2,20.4,7.3,59.0,12.9,8.9,5.19,1.19,2.04,1.92,3.08,0.322,2.79
17HR-273,3.0,5.0,,0.29,42.4,6.3,77.0,5.1,10.1,4.78,1.17,1.15,0.28,4.34,0.391,0.75
17HR-273,5.0,7.0,0.025,0.36,32.0,6.4,76.0,8.0,8.63,5.62,1.65,2.38,1.04,3.35,0.343,2.52
17HR-273,7.0,9.0,0.034,0.41,15.8,8.6,67.0,24.5,7.98,5.85,1.69,2.95,0.89,3.29,0.319,3.91
17HR-273,9.0,11.0,0.086,0.25,15.2,7.1,85.0,16.5,7.8,7.3,2.12,2.4,1.52,2.57,0.309,4.88
17HR-273,11.0,13.0,0.095,0.27,16.7,6.5,91.0,13.9,7.43,7.3,2.23,2.42,1.7,2.13,0.292,4.62
17HR-273,13.0,15.0,0.173,0.41,5.8,7.0,103.0,17.3,7.72,8.82,2.15,1.35,1.67,1.93,0.29,4.9
17HR-273,15.0,17.0,0.114,0.3,3.8,4.7,113.0,16.0,8.06,8.49,2.3,1.11,2.15,1.72,0.306,4.15
17HR-273,17.0,19.0,0.141,0.25,3.8,4.4,125.0,14.6,8.03,8.88,2.38,1.15,2.25,1.59,0.298,3.87
17HR-273,19.0,21.0,0.272,0.32,7.1,6.7,152.0,31.6,7.41,10.75,2.62,1.2,1.99,1.35,0.286,5.15
17HR-273,21.0,23.0,0.552,0.36,10.0,8.4,288.0,29.7,7.14,10.85,2.71,1.7,1.78,1.51,0.289,6.23
17HR-273,23.0,25.0,0.823,2.21,548.0,38.6,196.0,134.0,5.03,12.1,3.75,5.99,0.21,1.63,0.179,8.07
17HR-273,25.0,27.0,0.246,0.29,6.8,10.0,144.0,40.7,7.59,9.45,2.47,1.33,1.13,2.32,0.287,3.43
17HR-273,27.0,29.0,0.021,0.05,2.1,2.7,110.0,5.0,8.11,5.9,2.44,2.12,1.77,2.42,0.328,0.97
17HR-273,29.0,31.0,0.031,0.05,4.3,2.8,133.0,3.9,7.88,6.39,2.51,2.34,1.97,2.02,0.329,0.64
17HR-273,31.0,33.0,0.012,0.08,4.2,2.8,114.0,4.1,8.37,5.94,2.13,3.22,2.14,2.05,0.33,1.03
17HR-273,33.0,35.0,0.03,0.11,4.6,3.9,110.0,8.8,8.22,6.42,2.08,2.91,2.36,2.03,0.336,2.65
17HR-273,35.0,37.0,0.035,0.11,7.7,4.0,93.0,8.0,8.23,5.46,1.83,3.33,2.24,2.55,0.349,1.95
17HR-273,35.0,37.0,0.036,0.12,9.2,4.4,98.0,8.2,8.46,5.74,1.83,3.1,2.28,2.65,0.371,2.09
17HR-273,37.0,39.0,0.03,0.18,23.9,9.0,127.0,11.6,8.53,5.45,2.03,3.48,1.54,3.26,0.383,1.57
17HR-273,39.0,41.0,0.032,0.12,17.0,4.5,91.0,7.7,8.29,5.07,1.59,4.65,2.3,2.55,0.357,1.21
17HR-273,41.0,43.0,0.039,0.12,19.7,4.0,100.0,6.6,8.23,5.27,1.92,4.36,2.15,2.67,0.358,1.11
17HR-273,43.0,45.0,0.038,0.33,14.0,14.4,128.0,8.9,8.14,5.28,1.89,3.7,1.91,3.0,0.365,1.08
17HR-273,45.0,47.0,0.031,0.2,21.5,6.6,119.0,6.5,8.33,5.34,1.96,4.43,2.15,2.71,0.362,1.16
17HR-273,47.0,49.0,0.011,0.16,18.1,6.7,98.0,9.7,8.09,5.31,1.72,4.33,2.0,2.92,0.347,1.74
17HR-273,49.0,51.0,0.029,0.29,8.4,8.7,93.0,15.9,8.36,5.08,1.74,4.27,1.93,3.06,0.354,1.69
17HR-273,51.0,53.0,0.023,0.26,10.1,12.7,82.0,13.5,7.88,5.27,1.69,4.03,1.68,3.13,0.336,2.22
17HR-273,53.0,55.0,0.077,0.26,7.7,13.1,73.0,17.3,7.94,5.59,1.66,4.0,1.69,3.12,0.342,2.98
17HR-273,55.0,57.0,0.029,0.17,5.9,9.9,60.0,14.2,8.66,4.8,1.58,3.78,2.28,3.03,0.371,2.61
17HR-273,57.0,59.0,0.044,0.35,7.3,9.1,75.0,15.2,8.16,5.56,2.18,2.47,2.15,2.3,0.375,2.44
17HR-273,59.0,61.0,0.143,0.86,13.0,13.0,79.0,35.2,8.64,7.87,1.83,1.16,1.58,2.6,0.36,4.44
17HR-273,61.0,63.0,0.174,1.08,14.7,16.1,108.0,49.6,7.08,10.25,2.48,1.48,1.37,1.72,0.321,5.86
17HR-273,63.0,65.0,0.046,0.81,11.7,13.3,87.0,10.9,8.27,8.35,2.13,0.92,2.59,1.72,0.365,4.76
17HR-273,65.0,67.0,0.076,0.73,10.7,10.3,118.0,23.4,8.09,9.05,2.92,0.91,2.25,1.2,0.341,2.86
17HR-273,67.0,69.0,0.137,1.43,11.8,20.3,79.0,11.3,8.16,7.15,2.36,1.89,2.57,1.84,0.338,4.33
17HR-273,69.0,71.0,0.036,0.99,9.4,15.1,51.0,8.6,7.71,5.33,1.78,3.69,2.68,2.37,0.327,3.77
17HR-273,71.0,73.0,0.044,0.95,9.0,16.2,93.0,40.9,8.72,8.3,2.5,1.35,2.05,2.52,0.37,3.84
17HR-273,73.0,75.0,0.155,0.9,9.4,13.5,126.0,32.4,7.02,10.1,2.75,1.61,2.02,1.32,0.307,5.18
17HR-273,75.0,77.0,0.104,0.43,5.6,9.4,133.0,38.9,7.89,9.66,2.71,0.84,2.57,1.49,0.319,4.35
17HR-273,77.0,79.0,0.066,0.58,12.6,8.8,141.0,24.9,7.93,10.25,2.43,0.58,3.05,1.22,0.324,3.58
17HR-273,79.0,81.0,0.098,0.54,9.1,10.0,124.0,21.3,8.41,8.77,2.28,0.77,3.29,1.52,0.341,3.08
17HR-273,81.0,83.0,0.121,0.3,4.8,7.3,120.0,36.8,7.69,8.79,2.9,2.65,2.54,1.54,0.293,3.31
17HR-273,83.0,85.0,0.08,0.27,7.8,7.3,104.0,25.7,7.4,7.72,3.11,4.88,1.81,2.24,0.271,3.2
17HR-273,85.0,87.0,0.063,0.68,8.6,8.7,92.0,25.9,8.82,7.42,2.12,1.27,2.3,3.07,0.338,3.41
17HR-273,87.0,89.0,0.57,7.41,6.2,16.7,135.0,81.1,8.09,10.75,2.49,0.57,2.23,2.13,0.33,4.75
17HR-273,89.0,91.0,0.268,0.21,3.3,5.3,127.0,28.8,8.17,9.18,2.59,0.67,2.8,1.57,0.322,2.9
17HR-273,91.0,93.0,0.318,1.57,8.1,7.4,90.0,39.7,7.4,9.05,1.93,0.71,1.74,2.09,0.301,5.72
17HR-273,93.0,95.0,0.209,0.26,4.1,5.7,114.0,15.2,7.6,7.84,2.27,1.26,2.62,1.98,0.313,3.29
17HR-273,95.0,97.0,0.187,0.21,4.6,6.8,131.0,21.2,8.18,7.68,2.56,1.42,3.03,1.95,0.322,3.06
17HR-273,97.0,99.0,0.489,0.35,66.0,8.5,146.0,28.2,6.66,10.45,4.38,6.73,1.58,1.06,0.242,4.21
17HR-273,99.0,101.0,0.167,0.23,51.3,6.8,147.0,29.6,7.14,10.95,4.37,4.61,1.66,0.89,0.253,3.86
17HR-273,101.0,103.0,0.044,0.11,5.0,5.4,107.0,16.8,8.11,7.72,2.65,1.94,2.52,1.84,0.341,2.33
17HR-273,103.0,105.0,0.037,0.1,4.7,4.1,114.0,11.5,8.65,8.85,2.74,1.33,2.79,1.42,0.349,2.25
17HR-273,105.0,107.0,0.028,0.08,3.9,3.9,111.0,15.5,8.24,8.48,2.63,1.6,2.49,1.71,0.344,2.17
17HR-273,107.0,109.0,0.016,0.08,3.4,3.4,93.0,9.0,8.34,7.03,2.21,2.81,2.78,1.98,0.347,1.92
17HR-273,109.0,111.0,0.006,0.04,2.3,1.9,109.0,9.6,8.52,8.35,2.4,1.89,2.97,1.4,0.351,1.87
17HR-273,111.0,113.0,0.016,0.1,2.8,3.9,139.0,22.0,8.18,11.75,2.99,0.87,2.6,1.03,0.341,3.07
17HR-273,113.0,115.0,0.017,0.1,3.8,3.1,122.0,12.9,8.37,9.21,2.61,0.81,3.09,1.15,0.331,2.35
17HR-273,115.0,117.0,0.029,0.22,7.1,4.0,104.0,9.5,8.57,7.1,2.47,1.79,3.05,2.04,0.337,1.72
17HR-273,117.0,119.0,0.008,0.09,2.1,3.3,109.0,17.3,8.66,7.28,2.65,1.34,2.97,2.04,0.357,1.36
17HR-273,119.0,121.0,0.007,0.07,2.4,2.3,110.0,11.2,8.62,8.27,2.47,0.75,3.14,1.72,0.341,1.86
17HR-273,121.0,123.0,0.019,0.16,5.8,3.2,105.0,24.5,8.11,9.2,2.25,0.51,3.2,1.27,0.327,2.68
17HR-273,123.0,125.0,0.123,0.19,3.3,4.0,127.0,40.0,8.27,12.15,2.94,0.8,2.17,1.38,0.327,3.96
17HR-273,123.0,125.0,0.092,0.16,3.4,4.1,126.0,42.5,8.14,12.1,2.84,0.68,2.14,1.38,0.322,4.06
17HR-273,125.0,127.0,0.053,0.09,3.0,3.0,92.0,31.2,8.23,9.25,2.36,0.48,3.2,1.42,0.335,2.8
17HR-273,127.0,129.0,0.073,0.23,6.0,5.3,97.0,38.0,8.27,9.67,2.31,0.4,2.89,1.41,0.293,2.86
17HR-273,129.0,131.0,0.16,0.31,4.7,5.0,94.0,36.8,8.59,9.04,2.34,0.78,2.16,1.94,0.272,2.72
17HR-273,131.0,133.0,0.096,0.26,4.8,3.7,104.0,38.1,8.19,10.75,2.46,0.51,2.67,0.97,0.292,2.67
17HR-273,133.0,135.0,0.028,0.33,3.8,3.8,100.0,32.1,8.3,10.75,2.25,0.44,2.24,1.67,0.286,3.21
17HR-273,135.0,137.0,0.113,0.2,4.5,3.9,115.0,39.2,7.46,13.3,2.61,0.52,1.68,0.57,0.248,3.41
17HR-273,137.0,139.0,0.138,0.19,4.5,4.8,95.0,40.5,7.9,12.6,2.43,0.44,1.35,1.33,0.279,3.54
17HR-273,139.0,141.0,0.224,0.26,121.5,4.2,84.0,39.7,7.86,11.9,2.2,0.5,1.77,1.58,0.288,4.04
17HR-273,141.0,143.0,0.035,0.12,5.0,4.4,92.0,32.1,8.32,12.4,2.45,0.67,2.11,1.33,0.294,3.8
17HR-273,143.0,145.0,0.031,0.12,3.3,3.8,74.0,23.7,7.93,10.85,1.88,0.54,2.23,1.86,0.284,3.28
17HR-273,145.0,147.0,0.023,0.15,3.0,5.8,92.0,28.6,8.24,10.35,1.96,0.52,1.93,2.47,0.291,3.0
17HR-273,147.0,149.0,0.028,0.22,3.4,6.3,128.0,28.9,8.46,10.9,2.27,0.49,2.16,1.95,0.293,2.0
17HR-273,149.0,151.0,0.025,0.08,5.3,1.9,121.0,18.6,8.01,9.09,2.38,0.63,2.45,1.27,0.285,0.69
17HR-273,151.0,153.0,0.027,0.22,6.9,3.3,131.0,30.6,8.22,8.51,2.77,1.82,2.8,1.23,0.29,1.2
17HR-273,153.0,155.0,0.016,0.17,5.6,3.0,119.0,29.9,8.82,7.85,2.44,0.66,2.87,1.85,0.327,0.82
17HR-273,155.0,157.0,0.014,0.13,8.6,5.6,114.0,22.3,8.76,7.6,2.18,0.68,2.43,2.25,0.312,1.02
17HR-273,157.0,159.0,0.032,0.13,4.8,4.4,106.0,19.4,8.29,9.42,2.46,0.84,2.22,1.82,0.325,2.01
17HR-273,159.0,161.0,0.012,0.08,2.9,1.7,108.0,5.1,8.54,8.16,2.55,0.72,2.54,1.32,0.341,0.76
17HR-273,161.0,163.0,0.019,0.12,6.6,2.6,114.0,6.6,8.41,9.01,2.57,0.49,2.83,1.16,0.341,1.2
17HR-273,163.0,165.0,0.059,0.19,10.3,4.6,122.0,35.0,8.1,12.75,2.48,0.44,2.31,1.02,0.356,3.72
17HR-273,165.0,167.0,0.039,0.17,6.7,6.1,116.0,16.9,8.63,10.25,2.5,0.48,2.75,1.39,0.365,2.22
17HR-273,167.0,169.0,0.013,0.09,3.1,3.2,123.0,8.3,8.71,9.17,2.65,0.54,3.13,1.11,0.372,1.09
17HR-273,169.0,171.0,0.012,0.13,5.2,4.2,116.0,6.4,8.85,7.42,2.33,0.55,2.77,2.49,0.386,1.15
17HR-273,171.0,173.0,0.052,0.26,74.4,10.2,122.0,24.1,8.0,8.56,2.34,0.99,2.13,2.41,0.305,2.36
17HR-273,173.0,175.0,0.015,0.09,17.5,5.9,112.0,18.9,8.36,7.33,1.97,0.92,2.65,2.8,0.289,2.33
17HR-273,175.0,177.0,0.021,0.07,6.1,2.7,112.0,7.7,8.43,6.87,2.09,1.11,2.94,2.06,0.282,1.36
17HR-273,177.0,179.0,0.014,0.11,25.7,3.2,92.0,7.1,8.45,5.47,2.24,2.5,2.76,2.69,0.317,1.13
17HR-273,179.0,181.0,0.011,0.06,11.8,2.4,91.0,12.8,8.18,4.53,1.96,2.24,2.86,2.69,0.293,0.39
17HR-273,181.0,183.0,0.007,0.08,4.9,4.1,88.0,4.6,8.55,4.71,1.76,2.4,3.12,2.91,0.3,0.9
17HR-273,183.0,185.0,0.009,0.07,3.8,3.8,88.0,4.0,8.3,4.43,1.67,2.65,3.2,2.9,0.307,0.62
17HR-273,185.0,187.0,0.008,0.09,3.9,4.6,86.0,3.7,8.58,4.44,1.66,2.87,3.16,2.98,0.302,0.72
17HR-273,187.0,189.0,,0.04,3.5,2.6,93.0,9.1,8.51,4.58,1.66,3.48,3.21,2.77,0.314,0.21
17HR-273,189.0,191.0,,0.05,12.5,2.8,101.0,12.1,8.4,4.88,1.68,3.46,3.07,2.72,0.336,0.28
17HR-273,191.0,193.0,,0.03,11.9,2.5,97.0,3.9,8.07,4.66,1.59,3.76,3.08,2.47,0.298,0.31
17HR-273,193.0,195.0,0.005,0.07,7.0,2.8,98.0,8.4,8.39,4.8,1.77,3.18,3.07,2.6,0.308,0.47
17HR-273,195.0,197.0,,0.11,3.1,3.9,85.0,4.1,8.34,4.43,1.56,3.16,3.03,2.65,0.3,0.53
17HR-273,197.0,199.0,,0.04,2.9,3.0,80.0,2.7,8.29,4.89,1.63,3.78,3.16,2.28,0.309,0.21
17HR-273,199.0,201.0,,0.13,3.6,3.2,82.0,2.6,8.29,4.91,1.64,3.26,3.08,2.4,0.297,0.14
17HR-273,201.0,203.0,0.008,0.11,2.3,3.2,103.0,20.2,8.54,5.64,1.98,2.17,3.31,2.19,0.32,0.47
17HR-273,203.0,205.0,0.036,0.25,8.6,5.6,109.0,39.0,8.46,5.51,2.33,3.23,2.78,2.45,0.311,1.38
17HR-273,209.0,211.0,0.027,0.53,12.2,11.6,85.0,13.4,9.3,5.63,2.03,1.74,2.4,3.11,0.374,3.22
17HR-273,211.0,213.0,0.048,0.84,14.6,16.3,37.0,17.4,8.38,5.86,1.44,2.53,1.69,3.72,0.369,5.06
17HR-273,211.0,213.0,0.043,0.78,26.3,15.1,34.0,16.2,8.02,5.48,1.33,2.23,1.49,3.53,0.372,4.66
17HR-273,213.0,215.0,0.045,0.55,16.7,11.7,38.0,14.0,9.42,4.93,1.22,1.65,2.34,3.68,0.394,3.68
17HR-273,215.0,217.0,0.118,1.16,429.0,12.8,92.0,31.3,7.42,9.62,1.66,1.28,1.61,2.49,0.299,5.67
17HR-273,217.0,219.0,0.137,0.68,71.0,11.8,149.0,28.8,7.19,11.55,2.25,0.91,1.2,2.5,0.269,4.96
17HR-273,219.0,221.0,0.053,0.57,6.1,16.3,125.0,23.0,7.3,8.7,1.91,0.83,1.53,2.8,0.267,3.42
17HR-273,221.0,223.0,0.041,0.52,10.0,12.7,104.0,21.6,8.36,5.82,1.81,2.28,2.02,2.77,0.331,2.72
17HR-273,223.0,225.0,0.035,0.33,6.0,10.0,94.0,30.2,7.94,5.38,1.66,2.75,2.99,2.19,0.294,2.58
17HR-273,225.0,227.0,0.057,0.33,6.4,11.9,97.0,24.3,7.73,7.01,1.52,2.59,0.43,3.68,0.309,3.31
17HR-273,227.0,229.0,0.082,0.39,12.7,12.5,117.0,55.4,7.04,8.79,2.01,2.9,0.35,3.12,0.259,3.97
17HR-273,229.0,231.0,0.059,0.27,16.6,11.5,108.0,20.9,7.22,6.73,1.88,4.49,0.41,3.3,0.27,2.99
17HR-273,231.0,233.0,0.024,0.45,29.3,117.0,260.0,7.3,8.15,4.86,1.41,4.2,0.4,3.74,0.323,1.91
17HR-273,233.0,235.0,0.044,0.25,25.2,25.9,134.0,6.7,7.7,4.97,1.35,4.47,0.35,3.58,0.322,1.71
17HR-273,235.0,237.0,0.022,0.24,16.6,8.3,119.0,8.9,7.66,5.24,1.53,4.97,0.32,3.48,0.345,0.96
17HR-273,237.0,239.0,0.182,0.23,24.4,8.8,83.0,10.4,7.64,4.85,1.36,4.83,0.33,3.53,0.34,1.51
17HR-273,239.0,241.0,,0.03,9.5,4.1,106.0,6.0,8.44,5.13,1.54,4.62,0.23,4.02,0.386,0.12
17HR-273,241.0,243.0,0.036,0.16,17.0,7.7,92.0,10.0,7.56,4.88,1.38,5.23,0.53,3.54,0.344,1.21
17HR-273,243.0,245.0,0.017,0.22,18.8,8.5,107.0,14.5,7.56,4.97,1.46,5.42,1.06,3.31,0.338,0.95
17HR-273,245.0,247.0,0.011,0.78,34.6,27.2,114.0,23.0,7.3,4.82,1.22,4.92,0.88,3.37,0.328,3.58
17HR-273,247.0,249.0,0.01,0.75,34.2,34.2,200.0,27.1,7.98,5.2,1.24,4.05,0.24,4.02,0.34,4.81
17HR-273,249.0,251.0,0.01,0.55,36.4,24.4,130.0,22.6,7.46,4.85,1.17,4.31,0.58,3.62,0.332,4.43
17HR-273,251.0,253.0,0.007,0.3,18.8,25.4,145.0,7.5,7.9,5.37,1.0,4.83,0.86,3.67,0.357,5.24
17HR-273,253.0,255.0,0.012,0.41,19.7,35.6,252.0,10.7,7.49,5.82,1.14,4.11,0.92,3.49,0.352,5.77
17HR-273,255.0,257.0,0.017,0.31,20.9,20.7,117.0,12.1,8.14,5.19,1.42,4.63,0.63,3.69,0.352,3.0
17HR-273,257.0,259.0,0.012,1.22,31.4,59.9,101.0,23.7,8.18,5.05,1.0,3.68,0.29,4.2,0.336,4.35
17HR-273,259.0,261.0,0.007,0.92,30.1,53.9,155.0,35.8,7.74,4.62,1.34,4.36,0.31,3.93,0.327,3.07
17HR-273,261.0,263.0,0.008,0.96,16.8,41.2,116.0,41.7,7.14,3.87,0.96,5.47,0.23,3.73,0.275,2.63
17HR-273,263.0,265.0,,0.49,13.0,25.4,129.0,16.0,6.92,3.2,1.1,4.99,0.23,3.5,0.274,0.79
17HR-273,265.0,267.0,,0.48,10.2,25.9,140.0,29.1,6.94,3.43,1.14,5.21,0.35,4.25,0.283,0.94
17HR-273,267.0,269.0,,0.37,15.9,18.2,122.0,25.2,7.31,3.45,0.81,3.87,0.28,4.64,0.302,0.6
17HR-273,269.0,271.0,,0.29,11.7,17.5,145.0,16.7,6.91,4.23,1.18,4.88,0.22,4.58,0.267,0.41
17HR-273,271.0,273.0,,0.49,13.2,17.2,116.0,19.8,6.24,3.59,0.87,3.5,0.18,5.01,0.228,0.66
17HR-273,273.0,275.0,,0.44,11.9,22.3,139.0,17.1,6.5,3.75,0.59,2.84,0.23,6.07,0.257,0.44
17HR-273,275.0,277.0,,0.55,9.1,17.0,107.0,17.8,5.95,2.99,0.53,2.77,0.2,6.02,0.227,0.57
17HR-273,277.0,279.0,0.005,0.22,4.4,9.9,86.0,13.3,6.3,2.73,0.83,4.35,0.19,5.76,0.239,0.28
17HR-273,279.0,281.0,0.006,0.42,7.0,16.3,53.0,21.9,5.92,2.27,0.57,4.18,0.17,6.07,0.248,0.51
17HR-273,281.0,283.0,0.006,0.8,9.5,41.1,167.0,50.8,6.73,4.02,0.96,4.19,0.22,5.98,0.26,0.6
17HR-273,283.0,285.0,0.005,1.49,14.3,44.0,223.0,42.8,7.5,4.41,0.86,3.18,0.22,5.69,0.293,1.14
17HR-273,285.0,287.0,,0.85,9.4,27.4,190.0,34.1,6.99,4.23,0.84,3.28,0.22,6.19,0.276,0.84
17HR-273,287.0,289.0,0.007,1.31,19.9,20.6,138.0,34.5,8.16,4.36,0.51,1.89,0.19,5.98,0.324,1.27
17HR-273,289.0,291.0,0.008,1.15,11.2,20.3,178.0,29.5,6.51,3.72,0.6,2.9,0.23,5.84,0.254,1.01
17HR-273,291.0,293.0,0.046,1.48,12.3,23.5,200.0,636.0,6.42,3.85,0.59,2.81,0.21,4.8,0.258,1.98
17HR-273,293.0,295.0,0.007,1.33,7.9,37.6,170.0,36.9,5.7,6.22,1.13,4.96,0.16,5.03,0.208,4.03
17HR-273,295.0,297.0,0.011,1.04,11.6,22.3,128.0,99.8,6.97,4.28,0.77,4.04,0.16,5.64,0.285,1.57
17HR-273,297.0,299.0,0.051,1.39,9.9,25.6,186.0,330.0,6.57,5.16,0.85,4.0,0.13,5.4,0.25,2.03
17HR-273,299.0,301.0,0.007,1.19,9.0,27.7,198.0,64.5,5.85,3.88,0.56,2.56,0.13,5.12,0.219,1.21
17HR-273,299.0,301.0,0.014,1.19,8.7,26.8,218.0,79.3,6.23,4.31,0.63,2.64,0.13,5.57,0.232,1.39
17HR-273,301.0,303.0,0.005,1.32,6.1,29.9,201.0,19.1,6.72,3.71,0.5,1.77,0.14,5.88,0.258,1.08
17HR-273,303.0,305.0,0.005,0.69,6.7,21.5,199.0,17.0,6.84,3.21,0.55,2.04,0.16,5.88,0.283,0.78
17HR-273,305.0,307.0,,0.56,6.9,19.8,247.0,15.9,6.62,2.97,0.63,2.89,0.16,6.35,0.27,0.85
17HR-273,307.0,309.0,,0.62,8.0,19.2,158.0,15.8,6.56,3.74,1.13,4.62,0.2,6.08,0.253,0.95
17HR-273,309.0,311.0,,0.49,5.3,17.5,183.0,17.0,7.09,2.86,0.72,3.01,0.21,6.57,0.313,0.67
17HR-273,311.0,313.0,,0.78,9.1,25.4,86.0,24.6,6.58,4.33,1.01,4.39,0.12,5.08,0.264,2.91
17HR-273,313.0,315.0,,0.79,9.9,24.1,80.0,25.2,6.16,3.61,0.82,3.74,0.1,4.62,0.249,2.37
17HR-273,315.0,317.0,,0.32,21.0,16.1,77.0,12.3,6.23,2.64,0.71,3.86,0.13,4.61,0.257,0.41
17HR-273,317.0,319.0,0.015,0.28,5.1,15.1,89.0,128.5,6.36,3.22,0.73,5.38,0.15,4.26,0.258,0.54
17HR-273,319.0,321.0,0.028,0.99,11.1,33.5,76.0,27.0,6.58,3.58,0.73,4.69,0.12,4.22,0.271,2.17
17HR-273,321.0,323.0,,0.28,6.6,26.9,71.0,19.6,6.54,3.24,0.74,4.31,0.21,4.54,0.272,2.3
17HR-273,323.0,325.0,,0.28,10.2,17.4,79.0,15.1,6.77,3.47,0.65,5.56,0.23,4.6,0.28,0.93
17HR-273,325.0,327.0,,0.34,12.6,17.3,94.0,17.4,7.5,3.17,0.85,5.42,0.2,4.97,0.323,1.05
17HR-273,327.0,329.0,0.009,0.38,10.4,14.4,69.0,15.9,6.78,3.34,1.31,6.07,0.18,3.98,0.27,0.98
17HR-273,329.0,331.0,0.007,0.32,9.6,13.5,94.0,25.1,6.92,3.27,1.34,6.18,0.11,3.63,0.257,0.9
17HR-273,331.0,333.0,,0.07,5.3,7.7,65.0,8.8,6.46,2.49,0.82,5.78,0.3,4.15,0.273,0.4
17HR-273,333.0,335.0,,0.13,9.7,9.5,68.0,10.8,7.25,3.55,0.9,4.67,0.15,4.21,0.284,0.59
17HR-273,335.0,337.0,0.008,0.23,12.8,10.2,86.0,20.4,6.89,2.6,1.04,4.94,0.12,4.4,0.296,0.42
17HR-273,337.0,339.0,,0.21,10.9,16.6,112.0,16.1,6.69,3.04,1.34,7.0,0.12,3.9,0.249,1.36
17HR-273,339.0,341.0,,0.08,8.5,12.0,120.0,11.1,6.84,3.04,1.67,6.34,0.12,3.95,0.26,1.01
17HR-273,341.0,343.0,,0.06,5.3,10.2,87.0,11.1,7.11,2.98,1.37,5.72,0.14,4.29,0.283,0.88
17HR-273,343.0,345.0,,0.14,8.4,13.3,64.0,11.3,7.25,3.42,1.46,5.88,0.17,4.26,0.278,1.2
17HR-273,345.0,347.0,,0.17,8.7,16.8,43.0,13.3,6.83,3.4,0.85,8.1,0.17,3.97,0.26,2.22
17HR-273,347.0,349.0,,0.15,10.5,19.9,43.0,16.7,6.78,3.76,0.85,7.42,0.17,4.04,0.262,2.63
17HR-273,349.0,351.0,,0.13,9.5,17.1,36.0,19.6,6.28,3.62,0.68,7.35,0.15,3.82,0.256,2.68
17HR-273,351.0,353.0,,0.31,6.9,13.3,52.0,13.5,6.58,3.89,0.79,8.01,0.14,4.06,0.252,2.11
17HR-273,353.0,355.0,,0.3,9.2,11.0,77.0,12.2,6.62,4.79,1.03,10.85,0.17,3.74,0.247,1.84
17HR-273,355.0,357.0,,0.08,6.3,7.5,78.0,8.3,7.24,4.2,0.93,6.09,0.28,4.37,0.307,1.02
17HR-273,357.0,359.0,,0.1,6.2,8.3,71.0,7.8,6.79,3.49,0.85,7.61,0.22,4.01,0.276,0.61
17HR-273,359.0,361.0,,0.02,6.0,4.2,74.0,5.1,6.92,4.25,0.67,7.54,1.38,3.31,0.284,0.09
17HR-273,361.0,362.0,,0.01,4.8,2.8,66.0,3.2,6.96,4.25,0.49,5.49,1.54,3.35,0.295,0.04
17HR-274,1.1,3.0,,0.33,17.4,18.9,73.0,16.5,7.62,4.41,1.35,3.46,1.36,2.91,0.333,3.5
17HR-274,3.0,5.0,,0.24,22.2,12.3,121.0,12.6,7.83,5.42,1.75,2.7,2.52,2.43,0.779,1.52
17HR-274,5.0,7.0,,0.14,21.6,8.6,146.0,9.6,8.29,5.84,2.0,2.42,2.79,2.26,0.954,0.68
17HR-274,7.0,9.0,,0.43,20.4,16.4,118.0,30.1,7.92,4.64,1.5,4.83,2.04,2.77,0.561,1.22
17HR-274,9.0,11.0,,0.66,30.0,18.7,82.0,27.7,7.3,4.15,0.99,7.38,1.75,2.82,0.405,2.68
17HR-274,11.0,13.0,,1.99,33.9,26.8,143.0,82.6,6.11,4.12,0.66,7.3,0.81,3.09,0.248,3.15
17HR-274,13.0,15.0,,1.52,27.9,20.8,70.0,105.0,6.66,3.76,0.51,5.73,0.66,4.37,0.292,2.95
17HR-274,15.0,17.0,,0.87,25.7,16.9,73.0,76.7,6.56,4.37,0.44,5.7,1.22,4.09,0.307,3.76
17HR-274,17.0,19.0,,0.36,14.5,16.7,71.0,48.7,6.67,3.81,0.67,4.58,1.01,4.24,0.319,3.15
17HR-274,19.0,21.0,,1.61,31.5,21.7,75.0,96.5,7.18,3.97,0.54,4.27,1.04,4.73,0.323,3.17
17HR-274,21.0,23.0,,1.12,25.4,17.5,168.0,64.7,7.38,4.86,1.02,4.51,1.71,3.94,0.572,2.29
17HR-274,23.0,25.0,,0.53,39.1,16.7,77.0,92.9,6.79,3.93,0.46,5.84,0.67,5.06,0.292,2.92
17HR-274,25.0,27.0,0.007,0.69,41.1,22.4,69.0,79.1,6.27,4.03,0.29,4.74,0.48,4.59,0.316,3.27
17HR-274,25.0,27.0,,0.61,31.5,23.8,67.0,72.4,6.27,4.12,0.29,4.87,0.48,4.84,0.302,3.59
17HR-274,27.0,29.0,,0.48,23.3,23.2,82.0,59.0,6.39,4.52,0.42,4.63,0.6,4.76,0.302,4.12
17HR-274,29.0,31.0,,0.3,15.4,14.4,52.0,15.9,8.17,4.53,1.14,2.45,1.1,3.52,0.285,4.37
17HR-274,31.0,33.0,,0.63,20.7,22.9,85.0,49.4,8.01,4.43,0.79,3.01,0.39,3.91,0.295,3.16
17HR-274,33.0,35.0,,0.07,25.3,16.2,103.0,26.8,7.44,3.84,0.7,4.47,2.05,4.01,0.354,0.12
17HR-274,35.0,37.0,,0.06,23.1,17.1,103.0,24.3,7.74,5.21,0.97,5.27,1.39,3.82,0.339,0.29
17HR-274,37.0,39.0,,0.12,24.1,19.9,118.0,21.4,7.4,3.54,0.89,4.81,2.28,4.09,0.346,0.49
17HR-274,39.0,41.0,,0.15,18.0,21.4,118.0,17.0,7.5,3.79,0.79,4.97,1.96,3.67,0.333,0.42
17HR-274,41.0,43.0,0.013,0.2,12.7,18.7,135.0,38.7,7.76,4.59,0.95,4.94,0.47,4.05,0.354,0.69
17HR-274,43.0,45.0,0.006,0.25,17.1,16.0,111.0,26.0,7.01,4.0,1.09,6.07,0.49,4.76,0.312,0.38
17HR-274,45.0,47.0,,0.17,17.4,26.5,84.0,32.9,6.61,4.72,0.9,11.25,0.43,4.12,0.253,2.12
17HR-274,47.0,49.0,,0.06,13.7,16.9,92.0,32.0,7.02,4.37,0.89,6.59,1.11,4.29,0.301,1.11
17HR-274,49.0,51.0,,0.05,18.5,11.3,95.0,14.5,7.15,4.27,1.04,5.94,1.45,4.17,0.32,0.24
17HR-274,51.0,53.0,,0.04,18.8,13.9,103.0,12.0,7.16,2.99,0.88,5.27,1.79,4.29,0.354,0.32
17HR-274,53.0,55.0,0.006,0.11,17.0,27.4,98.0,34.4,7.17,4.93,1.16,7.62,0.81,4.49,0.315,2.43
17HR-274,55.0,57.0,,0.17,20.2,27.7,84.0,52.6,7.07,5.25,1.39,7.26,0.76,4.03,0.29,2.78
17HR-274,57.0,59.0,,0.13,22.3,21.9,90.0,23.2,6.93,4.02,1.26,5.78,1.39,4.26,0.309,1.96
17HR-274,59.0,61.0,,0.15,18.8,25.0,102.0,38.2,7.37,4.52,1.28,5.2,1.38,4.45,0.33,1.98
17HR-274,61.0,63.0,,0.26,21.8,22.1,108.0,34.5,7.21,4.13,1.03,4.86,1.23,4.34,0.33,0.71
17HR-274,63.0,65.0,,0.1,18.3,16.3,94.0,25.9,6.7,3.36,1.0,4.88,1.39,4.21,0.321,0.23
17HR-274,65.0,67.0,,0.11,25.8,14.4,100.0,21.9,7.48,3.74,1.1,4.17,1.72,4.58,0.346,0.23
17HR-274,67.0,69.0,,0.16,23.2,16.9,99.0,11.0,7.38,3.58,1.13,4.77,1.82,4.23,0.311,0.17
17HR-274,69.0,71.0,,0.11,17.2,21.0,91.0,12.3,6.76,3.73,0.92,6.83,1.38,3.69,0.267,0.58
17HR-274,71.0,73.0,,0.09,20.0,25.0,115.0,8.2,7.39,3.54,0.92,4.63,2.4,3.92,0.329,0.41
17HR-274,73.0,75.0,,0.13,17.6,21.0,113.0,11.4,7.67,4.74,1.09,6.27,1.61,4.15,0.314,0.78
17HR-274,75.0,77.0,,0.15,12.1,22.1,104.0,31.7,7.05,3.63,0.79,5.44,1.36,4.13,0.306,0.53
17HR-274,77.0,79.0,,0.11,13.8,16.6,127.0,42.2,7.43,4.45,1.18,5.29,1.43,4.4,0.318,0.48
17HR-274,79.0,81.0,0.006,0.15,12.8,20.4,114.0,29.3,7.11,4.11,0.96,6.21,1.2,4.16,0.28,0.74
17HR-274,81.0,83.0,,0.09,15.2,15.1,116.0,12.8,7.22,3.68,0.84,4.96,1.94,4.3,0.321,0.3
17HR-274,83.0,85.0,,0.1,13.8,14.1,108.0,7.9,7.12,3.78,1.01,5.4,1.8,4.01,0.31,0.3
17HR-274,85.0,87.0,,0.12,17.1,16.8,96.0,34.8,6.94,3.56,0.86,7.08,1.01,3.89,0.272,0.45
17HR-274,87.0,89.0,,0.06,18.7,12.2,93.0,14.3,7.29,3.92,0.86,4.71,1.12,4.98,0.318,0.2
17HR-274,89.0,91.0,,0.04,15.1,13.9,85.0,10.0,7.01,3.79,0.8,5.14,0.91,5.21,0.318,0.08
17HR-274,91.0,93.0,,0.08,12.9,18.3,71.0,7.9,6.61,3.16,0.76,10.65,0.92,3.76,0.242,0.35
17HR-274,93.0,95.0,,0.06,10.9,17.4,76.0,8.7,5.77,3.12,0.85,13.75,0.53,3.27,0.212,0.11
17HR-274,95.0,97.0,,0.04,14.3,14.4,86.0,10.2,6.88,3.82,0.83,5.72,1.71,4.11,0.296,0.04
17HR-274,97.0,99.0,,0.08,13.6,17.2,94.0,18.9,7.01,4.05,0.89,5.57,1.3,4.12,0.289,0.18
17HR-274,99.0,101.0,,0.09,13.7,18.1,110.0,27.8,6.72,3.84,0.96,6.97,0.89,3.96,0.28,0.36
17HR-274,101.0,103.0,0.01,0.3,17.5,29.4,78.0,94.3,6.71,4.5,1.23,9.46,0.18,4.17,0.243,2.46
17HR-274,103.0,105.0,0.007,0.2,18.6,27.9,74.0,37.6,6.36,3.69,0.64,5.6,1.06,4.03,0.287,0.97
17HR-274,105.0,107.0,,1.02,90.6,21.1,122.0,74.4,6.57,3.81,1.67,8.77,1.17,3.64,0.245,0.41
17HR-274,107.0,109.0,,0.16,17.6,25.6,88.0,38.6,6.86,3.1,0.58,4.96,1.54,4.06,0.307,0.55
17HR-274,109.0,111.0,,0.22,21.5,17.3,98.0,33.9,6.91,4.33,0.94,3.94,0.64,4.81,0.303,0.37
17HR-274,111.0,113.0,,0.12,20.5,12.9,99.0,14.9,7.33,4.39,1.12,4.62,1.28,4.29,0.44,0.23
17HR-274,113.0,115.0,,0.42,24.1,28.0,87.0,124.0,6.68,4.74,0.98,5.5,0.61,4.41,0.27,1.26
17HR-274,113.0,115.0,,0.43,23.1,26.7,93.0,138.5,6.7,4.85,1.1,5.94,0.55,4.35,0.266,1.33
17HR-274,115.0,117.0,,0.09,15.8,15.5,74.0,16.1,6.64,2.91,1.3,9.54,0.97,3.71,0.239,0.13
17HR-274,117.0,119.0,,0.08,18.3,14.4,76.0,18.2,7.17,3.71,1.19,6.52,0.71,4.65,0.29,0.35
17HR-274,119.0,121.0,,0.07,24.5,12.2,79.0,12.2,7.1,3.76,0.98,4.63,1.12,5.07,0.325,0.14
17HR-274,121.0,123.0,,0.21,21.8,26.9,78.0,22.6,7.3,4.21,0.82,4.38,1.14,5.13,0.325,0.8
17HR-274,123.0,125.0,0.006,0.05,21.3,11.3,81.0,16.0,7.01,4.04,0.91,5.02,2.03,4.38,0.309,0.38
17HR-274,125.0,127.0,,0.08,22.9,20.2,60.0,23.5,6.76,4.22,0.77,6.68,0.95,4.94,0.299,2.12
17HR-274,127.0,129.0,,0.07,22.2,60.4,140.0,27.0,6.53,3.91,0.65,7.59,1.42,4.13,0.277,2.52
17HR-274,129.0,131.0,,0.05,25.0,19.3,66.0,24.0,7.21,3.89,0.67,5.46,1.98,4.79,0.329,1.71
17HR-274,131.0,133.0,,0.03,14.5,22.7,57.0,16.9,6.83,3.74,0.89,6.86,2.28,4.04,0.301,2.06
17HR-274,133.0,135.0,,0.04,18.7,15.7,85.0,16.8,7.31,4.04,0.82,7.03,2.06,4.05,0.303,0.94
17HR-274,135.0,137.0,0.007,0.04,25.3,16.5,96.0,15.8,7.55,4.47,0.77,5.71,2.29,4.21,0.325,0.92
17HR-274,137.0,139.0,,0.08,24.8,20.8,70.0,18.9,7.33,3.89,0.71,6.29,2.03,4.64,0.321,1.92
17HR-274,139.0,141.0,,0.05,18.9,14.0,75.0,16.3,6.75,3.42,0.69,6.6,1.73,4.08,0.29,1.15
17HR-274,141.0,143.0,0.008,0.12,18.5,39.5,43.0,54.7,6.25,5.94,0.75,9.31,1.36,3.77,0.246,5.31
17HR-274,143.0,145.0,,0.09,19.4,41.5,51.0,31.1,6.0,5.41,0.61,11.15,0.7,3.73,0.23,4.48
17HR-274,145.0,147.0,,0.09,14.9,21.1,85.0,15.6,4.75,3.28,0.88,6.25,0.15,2.84,0.178,0.79
17HR-274,147.0,149.0,0.005,0.28,17.4,21.7,125.0,20.6,7.49,4.42,0.93,4.04,1.08,4.39,0.299,1.1
17HR-274,149.0,151.0,,0.11,21.3,27.4,148.0,14.2,7.17,4.28,1.1,6.03,1.37,4.19,0.309,0.14
17HR-274,151.0,153.0,,0.09,17.0,18.5,160.0,12.6,6.85,4.14,1.09,5.2,1.46,3.72,0.291,0.07
17HR-274,153.0,155.0,,0.08,19.8,20.3,157.0,8.4,7.23,4.38,1.15,4.75,1.88,4.03,0.319,0.1
17HR-274,155.0,157.0,,0.1,15.3,23.3,116.0,9.4,5.99,3.81,0.98,10.45,0.92,2.94,0.222,0.05
17HR-274,157.0,159.0,,0.15,21.7,32.4,120.0,10.9,6.82,3.37,0.76,4.68,1.34,3.81,0.29,0.45
17HR-274,159.0,161.0,,0.13,20.2,26.6,148.0,8.9,7.35,3.94,1.03,6.55,1.63,3.63,0.288,0.4
17HR-274,161.0,163.0,,0.06,17.8,16.2,173.0,4.8,7.25,3.94,0.88,4.83,1.84,3.83,0.317,0.24
17HR-274,163.0,165.0,,0.1,19.4,27.1,115.0,7.4,7.05,4.02,0.74,5.14,1.4,4.05,0.291,0.81
17HR-274,165.0,167.0,,0.1,32.8,17.8,120.0,6.7,6.81,3.75,1.02,6.46,0.57,4.07,0.253,0.55
17HR-274,167.0,169.0,,0.27,19.2,38.9,171.0,13.8,7.14,3.53,0.76,5.79,2.0,3.83,0.305,0.39
17HR-274,169.0,171.0,,0.15,21.0,20.8,162.0,5.7,7.3,4.21,0.74,4.21,1.8,3.7,0.315,0.42
17HR-274,171.0,173.0,,0.27,30.6,24.6,162.0,11.3,7.09,3.98,0.73,4.81,1.55,3.76,0.302,0.18
17HR-274,173.0,175.0,,0.17,17.0,20.4,120.0,5.8,5.75,2.64,0.63,4.85,0.7,2.82,0.215,0.25
17HR-274,175.0,177.0,,0.15,25.9,18.3,155.0,14.0,7.04,3.83,0.87,5.44,1.58,3.46,0.29,0.19
17HR-274,177.0,179.0,,0.1,24.9,15.2,160.0,13.5,7.13,4.81,0.8,5.43,1.76,3.56,0.318,0.14
17HR-274,179.0,181.0,,0.14,22.4,16.6,132.0,6.3,7.08,4.03,0.74,4.92,1.6,3.51,0.301,0.23
17HR-274,181.0,183.0,,0.11,21.2,11.6,126.0,3.6,6.97,3.91,0.69,4.79,1.88,3.48,0.307,0.15
17HR-274,183.0,185.0,,0.11,28.4,24.7,154.0,3.8,6.96,4.33,0.69,4.63,2.17,3.45,0.317,0.06
17HR-274,185.0,187.0,,0.16,36.4,20.5,159.0,4.2,6.58,3.84,0.88,4.93,1.12,3.24,0.268,0.11
17HR-274,187.0,189.0,,0.21,27.7,21.0,142.0,6.0,6.77,3.7,0.82,6.11,1.09,3.42,0.287,0.11
17HR-274,189.0,191.0,,0.13,20.9,22.6,174.0,4.7,6.91,3.87,0.74,4.19,1.71,3.61,0.307,0.09
17HR-274,191.0,193.0,,0.08,17.8,17.7,171.0,4.1,7.58,4.69,0.71,3.76,2.13,3.8,0.332,0.05
17HR-274,193.0,195.0,,0.51,40.5,167.0,169.0,10.5,7.2,4.5,0.82,5.19,2.12,3.64,0.323,0.16
17HR-274,195.0,197.0,,0.25,32.2,22.7,136.0,6.2,7.18,3.93,0.78,3.74,1.52,3.91,0.315,0.16
17HR-274,197.0,199.0,,0.41,26.9,33.7,124.0,8.3,6.98,4.11,0.73,4.65,2.04,3.46,0.305,0.39
17HR-274,199.0,201.0,,0.41,29.4,22.7,134.0,9.2,6.97,4.11,0.82,4.22,1.86,3.66,0.306,0.14
17HR-274,201.0,203.0,,0.35,19.5,18.8,139.0,13.7,6.44,3.98,0.88,5.59,1.37,3.3,0.277,0.16
17HR-274,201.0,203.0,,0.41,21.8,17.6,151.0,13.5,7.18,4.22,0.91,5.18,1.45,3.38,0.299,0.18
17HR-274,203.0,205.0,,0.29,16.5,14.4,139.0,19.0,6.96,4.2,0.83,5.95,1.25,3.29,0.293,0.24
17HR-274,205.0,207.0,,0.06,13.4,11.4,138.0,3.7,7.99,5.03,0.66,3.52,1.96,3.83,0.341,0.04
17HR-274,207.0,209.0,,0.32,32.7,26.9,142.0,8.5,7.26,4.42,0.83,5.06,1.71,3.45,0.313,0.08
17HR-274,209.0,211.0,,0.23,30.6,24.4,125.0,5.5,7.57,4.3,0.72,4.85,1.86,3.52,0.327,0.07
17HR-274,211.0,213.0,,0.31,21.2,19.9,128.0,6.9,7.87,4.43,0.81,4.23,1.85,3.61,0.331,0.13
17HR-274,213.0,215.0,,0.22,32.5,20.6,124.0,5.3,7.76,4.33,0.77,4.16,2.1,3.67,0.333,0.07
17HR-274,215.0,217.0,,0.32,30.1,27.8,124.0,8.0,7.28,4.29,0.74,4.31,1.89,3.61,0.322,0.08
17HR-274,217.0,219.0,,0.35,30.7,29.5,135.0,14.1,7.08,4.25,0.84,5.63,1.47,3.3,0.305,0.17
17HR-274,219.0,221.0,0.006,0.2,18.9,22.4,136.0,6.7,7.9,4.6,0.81,3.67,1.73,3.68,0.332,0.07
17HR-274,221.0,223.0,,0.08,18.6,11.6,86.0,3.6,7.75,4.45,0.67,4.11,2.22,3.69,0.332,0.02
17HR-274,223.0,225.0,,0.16,34.0,15.1,126.0,4.6,7.83,4.48,0.77,4.84,2.24,3.54,0.337,0.05
17HR-274,225.0,227.0,,0.17,18.6,22.7,145.0,8.9,7.27,4.26,0.69,4.9,2.01,3.38,0.323,0.06
17HR-274,227.0,229.0,,0.17,24.7,18.4,134.0,4.2,7.38,4.25,0.71,4.35,1.7,3.29,0.303,0.09
17HR-274,229.0,231.0,,0.1,26.0,15.8,132.0,3.6,7.48,4.31,0.55,4.3,2.32,3.49,0.332,0.08
17HR-274,231.0,233.0,0.014,0.47,31.7,17.3,101.0,124.5,7.46,4.28,0.59,4.22,1.26,3.82,0.328,0.98
17HR-274,233.0,235.0,,0.27,35.6,53.0,241.0,7.6,6.94,4.0,0.57,4.47,2.07,3.27,0.302,0.19
17HR-274,235.0,237.0,,0.1,22.9,18.0,143.0,6.2,7.6,4.49,0.62,4.26,2.24,3.63,0.331,0.04
17HR-274,237.0,239.0,0.005,0.14,20.8,21.3,162.0,6.7,7.11,4.06,0.54,4.13,1.91,3.62,0.312,0.04
17HR-274,239.0,241.0,,0.27,31.5,22.9,124.0,10.2,7.43,4.18,0.56,3.87,2.12,3.44,0.313,0.08
17HR-274,241.0,243.0,,0.3,30.5,28.6,118.0,6.4,7.18,4.01,0.59,4.34,2.06,3.21,0.296,0.07
17HR-274,243.0,245.0,,0.19,24.1,18.3,139.0,4.6,6.75,4.15,0.62,3.68,2.46,3.13,0.296,0.03
17HR-274,245.0,247.0,,0.13,24.3,19.5,118.0,8.6,7.55,4.48,0.54,4.42,2.48,3.61,0.302,0.04
17HR-274,247.0,249.0,,0.09,26.0,19.3,135.0,6.3,8.3,4.46,0.6,4.47,2.38,3.71,0.304,0.03
17HR-274,249.0,251.0,,0.06,9.7,16.7,119.0,7.4,7.5,4.38,0.59,4.2,2.06,3.73,0.3,0.03
17HR-274,251.0,253.0,,0.07,18.6,18.2,114.0,8.7,7.26,4.19,0.55,4.28,1.91,3.72,0.3,0.06
17HR-274,253.0,255.0,,0.13,20.3,16.7,92.0,4.3,7.25,4.35,0.63,4.5,1.92,3.79,0.304,0.01
17HR-274,255.0,257.0,,0.06,13.8,11.8,99.0,4.2,7.3,4.33,0.64,4.63,1.86,3.52,0.305,0.03
17HR-274,257.0,259.0,,0.08,17.4,14.7,106.0,4.3,7.38,4.4,0.56,4.39,2.12,3.65,0.312,0.03
17HR-274,259.0,261.0,,0.13,9.3,20.9,135.0,4.2,7.42,4.42,0.6,3.64,2.17,3.48,0.31,0.05
17HR-274,261.0,263.0,,0.52,19.0,38.1,141.0,9.1,7.42,4.12,0.67,4.23,2.36,3.37,0.297,0.07
17HR-274,263.0,265.0,,0.26,19.5,37.9,140.0,7.2,7.85,4.24,0.88,5.66,2.27,3.24,0.302,0.07
17HR-274,265.0,267.0,,1.64,23.3,43.2,147.0,21.7,7.45,4.83,0.93,5.15,1.88,3.24,0.288,1.68
17HR-274,267.0,269.0,,1.02,71.3,47.0,128.0,20.0,7.65,5.02,0.88,5.83,1.68,3.56,0.297,1.15
17HR-274,269.0,271.0,,0.23,20.0,36.3,95.0,9.3,7.55,4.18,0.73,4.23,2.35,3.59,0.319,0.29
17HR-274,271.0,273.0,,0.09,20.2,16.4,98.0,5.7,7.2,4.31,0.63,4.4,2.43,3.44,0.307,0.03
17HR-274,273.0,275.0,,0.24,51.7,20.9,95.0,6.0,7.48,4.39,0.61,4.02,2.39,3.51,0.304,0.03
17HR-274,275.0,277.0,,0.04,8.4,11.7,77.0,5.6,7.09,4.26,0.56,4.61,2.28,3.6,0.298,0.02
17HR-274,277.0,279.0,,2.26,481.0,20.2,117.0,8.3,7.41,4.48,0.88,4.71,2.35,3.11,0.296,0.24
17HR-274,279.0,281.0,,0.24,22.7,34.2,101.0,14.3,7.44,4.51,0.95,4.6,2.39,2.93,0.287,0.7
17HR-274,281.0,283.0,,0.03,7.0,17.4,86.0,5.5,7.06,4.16,0.59,4.62,1.89,3.57,0.294,0.04
17HR-274,283.0,285.0,,0.02,3.6,14.3,79.0,4.7,7.41,4.36,0.61,4.7,2.11,3.56,0.313,0.04
17HR-274,285.0,287.0,,0.07,13.2,17.9,90.0,4.7,6.92,4.03,0.73,4.73,1.81,3.16,0.288,0.05
17HR-274,287.0,289.0,,0.08,32.4,16.5,96.0,5.7,7.43,4.2,0.7,4.36,2.07,3.71,0.304,0.03
17HR-274,289.0,291.0,,0.09,29.7,16.7,80.0,4.5,7.21,4.11,0.61,4.4,1.84,3.84,0.3,0.01
17HR-274,289.0,291.0,,0.08,27.7,17.6,80.0,4.6,7.06,4.13,0.6,4.42,1.81,3.88,0.304,0.01
17HR-274,291.0,293.0,,0.09,28.2,18.4,86.0,5.1,7.02,4.17,0.66,4.25,1.83,3.74,0.296,0.01
17HR-274,293.0,296.0,,0.14,32.4,23.1,98.0,4.1,7.49,4.16,1.0,3.55,1.61,3.6,0.302,0.02
17HR-274,296.0,299.0,,0.1,30.1,22.4,124.0,5.4,8.42,4.75,1.14,3.34,1.78,3.83,0.299,0.05
17HR-274,296.0,299.0,,0.15,45.0,28.7,107.0,4.8,7.18,4.02,1.02,3.28,1.87,3.43,0.288,0.03
17HR-275,3.05,5.0,0.006,0.09,32.9,19.7,42.0,20.2,7.75,4.68,1.97,3.77,0.26,3.39,0.307,4.58
17HR-275,5.0,7.0,0.011,0.1,23.9,26.3,78.0,21.6,8.12,4.52,1.58,3.04,0.24,3.64,0.298,4.42
17HR-275,7.0,9.0,0.013,0.15,27.2,30.1,103.0,20.8,8.45,4.51,1.7,3.44,0.14,3.82,0.3,4.34
17HR-275,9.0,11.0,0.012,0.1,22.1,24.5,61.0,22.0,8.85,4.58,1.54,2.82,0.3,3.95,0.304,4.79
17HR-275,11.0,13.0,0.009,0.1,20.0,39.3,65.0,20.2,9.47,4.42,1.18,2.35,0.25,4.35,0.292,4.71
17HR-275,13.0,15.0,,0.07,16.2,30.4,62.0,14.4,8.26,4.18,1.62,3.56,0.5,3.57,0.28,4.26
17HR-275,15.0,17.0,0.01,0.1,20.3,35.8,69.0,16.0,8.35,4.24,1.38,2.98,0.52,3.59,0.294,4.44
17HR-275,17.0,19.0,0.011,0.1,23.3,27.9,53.0,25.5,8.95,4.43,1.31,2.5,0.2,4.05,0.3,4.71
17HR-275,19.0,21.0,0.007,0.22,28.1,26.0,90.0,27.8,7.73,4.33,1.6,3.37,0.11,3.62,0.3,4.45
17HR-275,21.0,23.0,,0.12,14.0,20.1,57.0,21.5,7.87,4.06,0.84,3.62,0.29,3.77,0.274,4.01
17HR-275,23.0,25.0,,0.18,31.9,15.3,82.0,21.7,7.9,3.72,0.88,4.69,0.33,3.72,0.278,3.14
17HR-275,25.0,27.0,,0.2,18.0,17.9,46.0,25.0,7.67,4.08,0.96,4.13,0.38,3.63,0.296,3.18
17HR-275,27.0,29.0,,0.64,20.8,28.7,75.0,79.3,6.78,4.46,0.71,7.68,1.14,2.52,0.314,3.73
17HR-275,29.0,31.0,0.009,0.78,23.9,22.7,149.0,98.6,6.73,4.17,0.65,6.4,0.75,2.65,0.331,3.64
17HR-275,31.0,33.0,0.049,1.42,41.3,16.0,215.0,498.0,6.13,3.71,1.0,3.69,0.88,2.19,0.313,2.81
17HR-275,33.0,35.0,0.008,2.04,54.3,9.7,161.0,294.0,6.16,3.79,1.04,1.66,0.85,2.07,0.325,2.78
17HR-275,35.0,37.0,0.006,2.34,60.7,7.9,410.0,70.8,6.44,3.76,1.04,1.58,0.76,2.25,0.363,2.7
17HR-275,37.0,39.0,0.005,1.68,46.9,7.9,148.0,59.8,6.13,3.67,1.06,1.87,0.94,2.12,0.32,2.29
17HR-275,39.0,41.0,0.01,1.06,38.1,7.8,124.0,64.5,6.08,3.43,1.14,4.8,0.86,2.18,0.295,1.71
17HR-275,41.0,43.0,,1.32,42.3,7.9,275.0,59.1,6.9,3.12,1.13,1.74,0.52,2.65,0.334,1.65
17HR-275,43.0,45.0,0.011,2.89,77.8,7.9,516.0,82.3,6.41,4.29,0.92,1.81,0.87,2.4,0.342,3.47
17HR-275,45.0,47.0,0.007,1.37,60.1,7.2,226.0,65.7,6.02,3.92,0.89,1.43,0.49,2.31,0.306,3.06
17HR-275,47.0,49.0,0.007,0.71,45.3,8.9,171.0,63.3,6.11,4.53,1.01,3.26,0.58,2.42,0.337,3.84
17HR-275,49.0,51.0,0.015,0.63,37.9,12.9,208.0,122.5,6.44,3.56,1.28,4.73,0.68,2.58,0.351,2.65
17HR-275,51.0,53.0,0.005,0.24,26.0,8.8,136.0,65.5,6.98,2.84,1.09,5.9,0.69,2.8,0.293,2.21
17HR-275,53.0,55.0,,0.26,32.0,8.9,173.0,54.8,6.62,3.59,0.92,5.1,0.98,2.52,0.36,3.38
17HR-275,55.0,57.0,0.008,0.27,32.2,9.3,204.0,60.3,6.73,4.02,0.8,2.55,0.94,2.6,0.34,4.1
17HR-275,57.0,59.0,0.005,0.27,33.7,9.0,210.0,58.5,6.6,3.72,0.81,5.59,0.93,2.57,0.335,3.8
17HR-275,59.0,61.0,,0.14,18.2,13.8,79.0,44.4,6.55,4.77,0.82,7.51,1.54,2.41,0.404,4.71
17HR-275,61.0,63.0,,0.09,18.5,11.0,55.0,47.3,5.94,4.38,0.64,9.76,1.84,1.78,0.37,4.35
17HR-275,63.0,65.0,,0.09,26.7,9.0,88.0,45.5,6.3,4.65,1.53,12.85,1.54,1.64,0.53,2.99
17HR-275,65.0,67.0,,0.09,13.1,8.1,44.0,21.2,4.65,3.62,0.45,16.75,1.22,1.7,0.282,3.82
17HR-275,67.0,69.0,0.009,0.11,16.4,9.5,86.0,27.5,5.92,3.77,0.52,11.4,0.89,2.94,0.314,3.79
17HR-275,69.0,71.0,,0.13,19.5,11.0,92.0,43.5,6.68,4.07,0.57,8.75,0.54,3.91,0.372,3.99
17HR-275,71.0,73.0,,0.16,21.8,11.6,101.0,46.3,6.17,4.37,0.42,8.73,0.52,3.98,0.407,4.43
17HR-275,73.0,75.0,,0.35,28.9,18.1,28.0,64.6,7.16,6.24,0.33,1.48,0.29,4.84,0.498,6.54
17HR-275,75.0,77.0,,0.34,25.1,19.6,42.0,55.7,6.76,5.08,0.22,1.88,0.18,4.34,0.318,5.42
17HR-275,77.0,79.0,0.005,0.29,23.7,18.7,66.0,49.0,6.67,4.49,0.21,4.96,0.17,4.91,0.302,4.74
17HR-275,79.0,81.0,0.013,0.43,20.6,18.7,88.0,57.5,8.37,3.23,0.23,2.09,0.07,4.78,0.35,3.01
17HR-275,79.0,81.0,0.015,0.5,24.1,22.2,87.0,75.3,8.48,3.64,0.26,1.65,0.07,5.02,0.347,3.6
17HR-275,81.0,83.0,,0.46,23.3,19.8,226.0,63.9,6.8,3.98,0.15,3.81,0.09,4.65,0.293,4.16
17HR-275,83.0,85.0,,0.47,24.3,27.1,358.0,108.5,6.14,5.98,0.12,2.9,0.08,4.64,0.31,6.52
17HR-275,85.0,87.0,0.006,0.27,27.4,16.0,56.0,52.9,6.14,3.85,0.14,4.69,0.1,4.71,0.304,3.24
17HR-275,87.0,89.0,,0.26,20.2,17.8,71.0,58.9,5.68,3.85,0.13,4.86,0.23,4.28,0.309,3.8
17HR-275,89.0,91.0,0.014,0.3,17.6,17.2,69.0,61.0,5.96,4.32,0.12,5.44,0.3,4.49,0.287,4.53
17HR-275,91.0,93.0,,0.2,21.8,9.3,61.0,77.4,6.26,4.68,0.2,5.2,0.22,4.57,0.297,2.51
17HR-275,93.0,95.0,,0.14,25.2,7.4,68.0,56.0,7.06,4.14,0.48,4.63,0.24,4.29,0.312,0.22
17HR-275,95.0,97.0,,0.35,21.0,20.2,79.0,70.2,6.56,4.12,0.27,5.29,0.4,4.29,0.301,1.7
17HR-275,97.0,99.0,0.013,0.36,20.9,54.0,275.0,242.0,6.13,3.38,0.3,7.45,0.24,4.86,0.257,0.69
17HR-275,99.0,101.0,0.006,0.39,27.4,22.0,85.0,99.6,6.66,4.01,0.21,3.84,0.46,5.38,0.301,1.06
17HR-275,101.0,103.0,,0.28,26.9,38.7,154.0,30.6,6.2,3.34,0.21,3.53,0.45,5.79,0.298,0.44
17HR-275,103.0,105.0,0.011,1.32,25.8,422.0,2090.0,203.0,6.27,3.2,0.25,4.9,0.46,5.14,0.29,2.73
17HR-275,105.0,107.0,,0.95,29.5,58.8,563.0,86.6,6.72,3.79,0.31,5.59,0.93,5.14,0.293,2.19
17HR-275,107.0,109.0,0.009,0.6,28.4,23.6,223.0,403.0,6.32,3.2,0.31,7.55,0.24,5.72,0.262,0.67
17HR-275,109.0,111.0,,0.4,25.5,15.2,105.0,50.0,6.25,3.38,0.27,7.75,0.16,5.76,0.269,0.76
17HR-275,111.0,113.0,0.007,0.69,30.9,23.0,113.0,231.0,6.84,4.08,0.35,5.76,0.55,4.98,0.307,1.43
17HR-275,113.0,115.0,,0.44,28.4,18.9,112.0,216.0,7.11,4.67,0.42,5.29,0.73,4.64,0.321,0.39
17HR-275,115.0,117.0,,0.57,26.1,22.7,88.0,197.0,7.33,4.99,0.32,4.49,0.39,5.96,0.324,0.71
17HR-275,117.0,119.0,,0.69,26.0,17.0,84.0,102.0,6.88,3.82,0.3,4.95,0.78,6.36,0.303,0.64
17HR-275,119.0,121.0,,2.91,22.3,26.5,119.0,66.1,6.25,3.66,0.27,6.86,0.4,6.29,0.276,0.12
17HR-275,121.0,123.0,,1.11,27.1,25.5,148.0,50.9,6.6,4.13,0.37,4.83,0.42,6.54,0.301,0.24
17HR-275,123.0,125.0,,1.22,20.4,24.4,97.0,49.7,6.13,3.06,0.23,6.84,0.58,6.31,0.274,0.21
17HR-275,125.0,127.0,,1.31,21.8,63.4,188.0,79.8,6.32,3.54,0.24,4.59,0.71,5.7,0.285,0.83
17HR-275,127.0,129.0,,1.41,36.5,162.5,384.0,76.0,6.65,3.68,0.29,3.84,0.74,5.31,0.32,0.14
17HR-275,129.0,131.0,0.005,0.4,21.1,47.7,186.0,91.5,5.9,2.8,0.22,3.93,0.4,5.87,0.285,0.22
17HR-275,131.0,133.0,0.007,0.64,18.3,23.4,90.0,570.0,6.42,3.51,0.3,4.94,0.34,6.2,0.268,0.41
17HR-275,133.0,135.0,,0.48,18.2,21.5,98.0,84.0,6.62,3.54,0.28,3.52,0.59,6.43,0.31,0.27
17HR-275,135.0,137.0,,0.8,21.1,42.4,86.0,215.0,6.4,3.47,0.3,4.18,0.69,5.76,0.283,1.12
17HR-275,137.0,139.0,,0.93,21.9,147.5,208.0,187.0,6.8,3.62,0.41,4.88,0.42,6.52,0.289,0.54
17HR-275,139.0,141.0,,0.38,23.5,39.5,95.0,89.2,6.68,3.81,0.32,4.95,0.8,5.28,0.287,0.32
17HR-275,141.0,143.0,,0.12,20.0,13.3,82.0,37.6,6.79,4.04,0.38,4.99,1.23,5.24,0.305,0.24
17HR-275,143.0,145.0,,0.12,19.8,12.8,80.0,35.8,7.02,4.06,0.3,3.46,1.0,5.11,0.313,0.14
17HR-275,145.0,147.0,,0.25,19.4,44.2,156.0,68.9,6.45,3.55,0.3,5.92,0.37,4.35,0.283,0.61
17HR-275,147.0,149.0,,0.29,21.8,15.1,110.0,59.7,6.6,3.33,0.3,3.82,0.51,4.31,0.332,0.43
17HR-275,149.0,151.0,,0.13,22.7,20.8,95.0,45.8,6.78,2.8,0.31,4.91,1.05,4.42,0.325,0.58
17HR-275,151.0,153.0,,0.11,21.9,14.1,85.0,36.9,6.65,3.03,0.3,3.93,0.86,5.04,0.318,0.8
17HR-275,153.0,155.0,,0.04,20.6,14.8,102.0,16.2,7.27,3.48,0.38,3.46,0.9,4.95,0.336,0.19
17HR-275,155.0,157.0,,0.08,24.0,24.1,70.0,33.5,6.67,2.7,0.34,3.39,0.75,5.21,0.322,1.2
17HR-275,157.0,159.0,0.007,0.18,37.9,23.1,72.0,60.0,6.43,3.43,0.37,5.27,0.68,4.94,0.289,1.68
17HR-275,159.0,161.0,0.005,0.13,21.3,31.0,110.0,77.8,6.81,4.05,0.4,3.66,0.63,4.93,0.317,3.14
17HR-275,161.0,163.0,,0.34,47.2,78.3,424.0,141.0,7.06,3.4,0.36,3.09,0.61,4.47,0.304,2.09
17HR-275,163.0,165.0,0.009,0.98,56.8,287.0,791.0,392.0,5.92,4.23,0.33,6.0,0.44,4.69,0.251,3.04
17HR-275,165.0,167.0,,0.43,22.7,86.9,290.0,82.3,7.48,3.37,0.34,2.77,0.57,4.53,0.318,2.11
17HR-275,167.0,169.0,,0.44,27.9,23.2,46.0,54.8,6.76,3.93,0.37,5.51,0.59,5.0,0.32,3.51
17HR-275,167.0,169.0,,0.46,30.5,23.7,46.0,52.0,6.42,3.94,0.34,5.25,0.59,4.43,0.334,3.54
17HR-275,169.0,171.0,,0.23,22.6,19.4,72.0,42.7,6.06,3.67,0.3,8.87,0.39,4.76,0.295,3.18
17HR-275,171.0,173.0,,0.12,25.1,7.9,76.0,27.2,7.14,4.32,0.75,8.01,0.4,4.84,0.292,1.05
17HR-275,173.0,175.0,,0.08,26.1,5.3,78.0,17.2,7.8,3.94,0.82,4.91,1.03,5.01,0.311,0.37
17HR-275,175.0,177.0,,0.26,22.0,21.9,50.0,46.0,6.36,4.43,0.58,7.8,0.59,4.47,0.267,3.07
17HR-275,177.0,179.0,0.005,0.22,31.7,25.3,46.0,55.1,6.5,5.95,0.35,5.14,0.51,5.2,0.301,5.75
17HR-275,179.0,181.0,,0.13,30.8,20.7,58.0,42.2,6.22,4.68,0.34,5.69,0.68,4.61,0.313,4.03
17HR-275,181.0,183.0,,0.11,28.2,16.2,47.0,35.2,7.16,4.41,0.45,4.73,0.76,4.89,0.328,3.75
17HR-275,183.0,185.0,0.011,0.25,33.4,18.0,71.0,39.7,7.87,4.93,0.67,4.22,0.58,4.65,0.356,3.55
17HR-275,185.0,187.0,0.061,0.79,35.9,26.5,143.0,1155.0,6.77,4.97,0.42,4.92,0.32,4.41,0.32,3.98
17HR-275,187.0,189.0,0.051,0.58,31.3,12.8,88.0,1055.0,7.12,3.74,0.52,6.05,0.55,5.44,0.328,0.7
17HR-275,189.0,191.0,,0.28,25.7,13.2,84.0,29.9,6.79,3.45,0.49,5.99,0.67,5.23,0.302,0.42
17HR-275,191.0,193.0,,0.35,37.5,15.3,78.0,33.5,7.33,4.14,0.7,5.48,1.03,5.75,0.304,0.4
17HR-275,193.0,195.0,,0.11,27.2,9.5,69.0,40.3,7.15,4.29,0.67,5.69,0.6,4.2,0.298,0.35
17HR-275,195.0,197.0,,0.15,31.7,11.6,72.0,32.3,7.21,4.75,0.52,5.29,0.43,4.42,0.308,0.25
17HR-275,197.0,199.0,,0.32,30.1,13.7,64.0,31.7,7.09,3.86,0.39,4.78,0.44,4.41,0.32,0.89
17HR-275,199.0,201.0,,0.36,27.2,17.1,71.0,40.3,6.22,4.53,0.2,5.29,0.57,4.25,0.311,2.55
17HR-275,201.0,203.0,0.012,0.4,25.0,17.4,59.0,145.5,6.1,3.48,0.14,7.04,0.53,4.29,0.287,2.45
17HR-275,203.0,205.0,0.005,0.55,21.0,15.9,73.0,42.2,6.28,4.28,0.19,7.43,0.38,4.37,0.275,2.34
17HR-275,205.0,207.0,,0.35,28.6,17.4,62.0,38.8,6.05,4.92,0.21,6.41,0.95,4.81,0.32,3.75
17HR-275,207.0,209.0,,0.53,34.1,22.8,63.0,39.6,5.76,4.45,0.19,7.85,1.06,4.33,0.312,3.73
17HR-275,209.0,211.0,,0.21,33.0,15.7,68.0,30.2,7.04,5.03,0.43,4.44,0.96,4.59,0.306,2.82
17HR-275,211.0,213.0,,0.22,21.8,16.0,51.0,25.4,6.39,3.18,0.21,6.04,1.19,4.65,0.302,2.25
17HR-275,213.0,215.0,,0.19,21.7,18.4,84.0,37.2,6.14,4.3,0.33,7.18,1.27,4.22,0.288,3.57
17HR-275,215.0,217.0,0.006,0.17,29.1,18.0,62.0,40.5,6.36,4.86,0.35,6.03,1.74,4.25,0.3,3.94
17HR-275,217.0,219.0,,0.19,31.8,14.3,61.0,26.7,6.47,3.09,0.39,7.84,1.12,4.54,0.287,0.88
17HR-275,219.0,221.0,,0.16,34.3,17.9,71.0,27.4,6.62,3.74,0.4,7.9,0.4,5.64,0.276,1.3
17HR-275,221.0,223.0,,0.22,24.3,20.6,59.0,77.8,6.29,5.1,0.33,7.52,0.6,5.12,0.28,3.3
17HR-275,223.0,225.0,,0.21,22.0,15.9,63.0,59.1,5.98,4.77,0.31,8.61,0.34,4.96,0.266,3.06
17HR-275,225.0,227.0,,0.35,25.2,23.1,62.0,64.1,5.95,5.17,0.41,8.16,0.66,4.86,0.269,3.37
17HR-275,227.0,229.0,,0.09,23.1,13.7,67.0,42.9,6.55,4.09,0.69,6.67,0.96,4.76,0.286,2.04
17HR-275,229.0,231.0,,0.1,31.2,12.3,68.0,51.3,6.62,3.99,0.8,7.25,0.95,5.12,0.274,1.69
17HR-275,231.0,233.0,,0.26,37.5,19.1,65.0,55.7,6.6,4.25,0.56,7.99,0.58,4.82,0.291,2.0
17HR-275,233.0,235.0,,0.15,30.4,9.8,82.0,19.6,7.15,3.94,0.46,5.09,0.79,5.19,0.328,0.33
17HR-275,235.0,237.0,0.041,2.05,38.5,27.0,77.0,76.6,6.33,3.35,0.29,5.0,0.26,4.53,0.333,2.29
17HR-275,237.0,239.0,0.032,1.16,22.1,27.7,79.0,60.4,5.14,4.26,0.14,4.69,0.36,5.29,0.269,4.2
17HR-275,239.0,241.0,0.025,0.76,17.5,27.9,34.0,273.0,4.37,8.82,0.14,6.27,0.26,4.8,0.22,9.45
17HR-275,241.0,243.0,0.007,0.6,18.6,24.3,127.0,47.7,5.57,3.59,0.15,4.94,0.38,4.91,0.264,3.57
17HR-275,243.0,245.0,,0.59,16.6,26.6,172.0,60.8,5.83,2.65,0.2,6.19,0.16,4.91,0.264,2.13
17HR-275,245.0,247.0,,0.2,17.1,16.9,47.0,23.1,5.97,2.19,0.21,4.3,0.78,4.79,0.316,1.4
17HR-275,247.0,249.0,,0.52,32.5,26.2,51.0,43.8,5.32,6.04,0.21,6.54,0.76,4.34,0.261,5.29
17HR-275,249.0,251.0,,0.41,25.1,19.5,48.0,31.8,5.88,2.93,0.22,4.6,0.32,5.37,0.289,0.88
17HR-275,251.0,253.0,,0.5,22.1,24.7,39.0,32.3,5.65,2.28,0.15,3.7,0.5,5.59,0.293,0.65
17HR-275,253.0,255.0,,0.51,16.7,25.0,52.0,26.8,6.36,1.9,0.15,2.7,0.4,5.56,0.318,0.95
17HR-275,255.0,257.0,,0.47,18.0,42.2,69.0,36.2,6.13,3.64,0.18,3.55,0.54,4.75,0.322,3.19
17HR-275,255.0,257.0,,0.52,18.7,42.6,63.0,34.4,6.05,3.7,0.18,3.53,0.5,4.74,0.314,3.28
17HR-275,257.0,259.0,,0.5,16.6,17.4,77.0,28.0,6.96,2.86,0.28,3.17,0.47,5.43,0.328,0.45
17HR-275,259.0,261.0,,0.4,24.8,16.5,106.0,20.4,7.18,3.68,0.34,3.29,0.7,4.4,0.332,0.28
17HR-275,261.0,263.0,,0.68,29.2,26.3,95.0,30.6,7.89,3.71,0.89,3.65,0.67,4.51,0.416,0.31
17HR-275,263.0,265.0,,0.18,42.1,11.3,93.0,10.1,7.82,5.7,2.36,4.74,1.88,2.61,0.631,0.26
17HR-275,265.0,267.0,,0.2,41.8,14.3,96.0,16.0,8.02,5.73,2.42,5.46,1.77,2.24,0.629,0.23
17HR-275,267.0,269.0,,1.16,40.8,46.2,95.0,64.7,6.86,3.58,0.45,4.12,0.17,4.91,0.314,1.02
17HR-275,269.0,271.0,,0.59,14.3,21.6,73.0,41.0,7.06,3.3,0.45,2.19,0.15,5.59,0.318,0.55
17HR-275,271.0,273.0,0.061,1.49,22.4,62.9,75.0,1070.0,6.51,3.57,0.35,2.07,0.14,4.68,0.276,1.62
17HR-275,273.0,275.0,0.012,0.75,17.0,22.9,83.0,103.5,7.17,3.24,0.45,2.16,0.13,5.25,0.306,0.6
17HR-275,275.0,277.0,,0.99,20.1,42.8,71.0,327.0,6.91,3.14,0.42,2.47,0.11,5.8,0.308,0.83
17HR-275,277.0,279.0,,1.96,34.0,69.8,118.0,247.0,6.78,2.93,0.42,2.25,0.1,5.86,0.277,0.89
17HR-275,279.0,281.0,0.017,3.72,74.1,135.5,143.0,395.0,6.65,3.82,0.51,3.29,0.09,5.41,0.262,1.04
17HR-275,281.0,283.0,,0.34,16.7,29.9,108.0,39.8,7.27,2.79,0.4,1.73,0.09,4.91,0.288,0.46
17HR-275,283.0,285.0,,0.87,32.2,31.5,173.0,50.2,7.71,4.04,1.04,2.92,0.97,4.86,0.577,0.39
17HR-275,285.0,287.0,,0.17,19.1,13.6,152.0,20.4,7.92,5.73,1.98,3.47,2.77,2.46,0.998,0.08
17HR-275,287.0,289.0,,0.15,19.9,11.0,158.0,6.8,7.78,5.89,1.99,4.29,2.92,1.9,1.04,0.06
17HR-275,289.0,291.0,,0.75,18.9,59.0,123.0,41.0,7.29,4.64,1.37,3.38,2.03,3.29,0.758,0.25
17HR-275,291.0,293.0,0.005,1.03,27.3,37.7,119.0,109.0,7.42,5.55,1.46,3.14,2.08,3.59,0.8,1.16
17HR-275,293.0,295.0,,2.92,19.8,35.0,104.0,154.0,7.55,3.65,0.56,2.03,0.26,5.1,0.36,0.61
17HR-275,295.0,297.0,0.043,3.3,20.8,34.5,108.0,569.0,7.53,2.71,0.39,2.08,0.12,5.02,0.324,1.1
17HR-275,297.0,299.0,0.005,0.44,5.4,11.4,117.0,57.5,6.33,2.18,0.4,1.41,0.07,5.26,0.194,0.18
17HR-275,299.0,301.0,,0.79,14.3,18.7,121.0,31.0,7.12,3.69,0.88,3.6,0.37,4.32,0.286,0.76
17HR-275,301.0,303.0,,1.26,18.1,71.4,180.0,54.3,7.83,5.39,0.82,4.78,0.34,5.27,0.307,1.06
17HR-275,303.0,305.0,,1.9,59.5,13.7,194.0,37.4,7.08,4.49,0.66,3.88,0.66,4.33,0.289,0.42
17HR-275,305.0,307.0,,0.39,26.7,11.1,107.0,14.3,7.84,4.75,0.53,2.71,0.5,5.64,0.341,0.25
17HR-275,307.0,309.0,,0.99,21.9,17.6,66.0,95.6,6.31,3.86,0.51,12.35,0.13,4.8,0.243,0.89
17HR-275,309.0,311.0,0.005,0.7,21.1,11.0,72.0,80.5,7.68,4.21,0.53,2.49,0.13,5.51,0.313,0.6
17HR-275,311.0,313.0,,1.09,26.3,21.1,97.0,95.3,7.53,4.11,0.45,2.17,0.23,5.1,0.331,0.8
17HR-275,313.0,315.0,,0.29,22.1,11.7,79.0,19.0,7.27,3.59,0.37,2.55,0.52,4.84,0.339,0.19
17HR-275,315.0,317.0,,0.19,21.2,9.8,77.0,12.7,7.92,4.13,0.45,2.8,0.97,5.34,0.352,0.15
17HR-275,317.0,319.0,0.007,1.04,26.7,24.3,81.0,70.5,7.67,4.33,0.55,2.92,0.27,4.73,0.339,0.69
17HR-275,319.0,321.0,0.013,3.19,49.8,38.2,107.0,199.5,8.07,4.4,0.44,2.07,0.33,5.01,0.319,1.48
17HR-275,321.0,323.0,,0.98,22.5,15.7,98.0,31.3,7.97,4.43,0.54,2.74,0.27,5.79,0.331,0.41
17HR-275,323.0,325.0,,3.08,33.6,37.9,89.0,160.5,7.13,3.98,0.36,3.66,0.33,5.47,0.294,1.1
17HR-275,325.0,327.0,,2.67,28.9,45.1,58.0,139.5,7.96,4.14,0.37,1.51,0.36,4.38,0.339,1.78
17HR-275,327.0,329.0,,1.27,20.1,16.5,72.0,52.2,7.72,3.74,0.42,1.85,0.22,4.96,0.33,0.72
17HR-275,329.0,331.0,,1.11,20.4,16.2,84.0,49.4,7.77,4.37,0.57,2.11,0.17,5.03,0.331,0.74
17HR-275,331.0,333.0,,2.21,45.0,32.3,76.0,90.7,7.43,4.24,0.51,2.24,0.09,5.17,0.308,1.36
17HR-275,333.0,335.0,,1.12,34.6,21.0,88.0,29.9,8.05,4.49,0.64,3.35,0.34,5.67,0.31,0.64
17HR-275,335.0,337.0,,2.11,31.8,42.5,109.0,60.5,7.44,4.15,0.52,3.37,0.57,5.28,0.294,1.11
17HR-275,337.0,339.0,,1.55,41.4,18.2,100.0,27.3,7.66,4.1,0.52,3.21,0.54,4.98,0.332,0.57
17HR-275,339.0,341.0,,0.8,30.6,13.9,94.0,25.3,7.74,4.06,0.59,3.64,0.44,4.99,0.322,0.39
17HR-275,341.0,343.0,,3.85,88.9,37.1,105.0,88.4,7.17,4.12,0.54,2.28,0.09,4.54,0.292,1.54
17HR-275,343.0,345.0,,3.89,80.9,36.0,82.0,118.0,6.59,4.19,0.5,2.96,0.15,4.76,0.258,1.88
17HR-275,343.0,345.0,,4.1,64.5,61.4,72.0,116.5,5.8,6.39,0.46,3.13,0.12,4.69,0.245,4.18
17HR-275,345.0,347.0,,2.69,33.9,45.7,128.0,159.5,7.07,4.96,0.63,3.09,0.13,4.93,0.278,1.98
17HR-275,347.0,349.0,,2.36,31.8,25.7,95.0,82.4,7.16,4.49,0.63,3.16,0.13,4.39,0.28,1.43
17HR-275,349.0,351.0,,2.39,35.9,23.3,79.0,96.7,6.59,3.27,0.4,2.94,0.21,4.56,0.266,1.26
17HR-275,351.0,353.0,,0.5,21.3,12.1,102.0,10.8,7.75,3.89,0.71,3.87,0.62,5.66,0.292,0.28
17HR-275,353.0,355.0,,0.64,26.9,11.6,101.0,22.4,8.01,4.08,0.88,2.92,0.79,5.81,0.289,0.18
17HR-275,355.0,357.0,,1.14,81.7,27.8,115.0,34.5,7.54,3.6,1.01,4.36,1.03,4.77,0.284,0.7
17HR-275,357.0,359.0,,0.31,34.1,12.8,98.0,4.6,7.73,4.08,0.86,3.9,1.54,4.55,0.286,0.04
17HR-275,359.0,361.0,,0.83,30.8,15.5,126.0,16.2,7.2,4.1,0.99,4.32,1.13,4.31,0.276,0.2
17HR-275,361.0,363.0,,0.14,9.9,11.1,98.0,4.5,6.96,4.23,0.76,3.86,1.35,4.03,0.27,0.02
17HR-275,363.0,365.0,,0.84,12.4,36.0,97.0,10.9,7.38,4.41,0.64,3.43,1.69,4.56,0.286,0.2
17HR-275,365.0,367.0,,1.18,30.8,21.5,108.0,21.1,6.94,4.33,0.81,4.33,1.01,4.49,0.263,0.32
17HR-275,367.0,369.0,,1.1,17.3,29.8,105.0,20.5,7.41,4.36,0.64,3.66,1.58,4.32,0.282,0.49
17HR-275,369.0,371.0,,0.75,13.7,17.0,106.0,9.5,6.78,3.88,0.55,3.58,1.31,4.47,0.273,0.24
17HR-276,6.0,8.0,,0.07,16.9,4.0,107.0,49.6,8.73,7.49,3.46,4.67,1.9,0.47,0.55,0.25
17HR-276,8.0,10.0,,0.03,24.5,3.7,108.0,70.7,8.93,7.64,3.9,5.97,2.03,0.27,0.543,0.38
17HR-276,10.0,12.0,,0.32,48.2,69.2,117.0,52.0,8.95,7.17,2.39,5.86,2.19,0.61,0.518,0.64
17HR-276,12.0,14.0,,0.05,26.6,3.9,117.0,44.8,9.19,7.37,3.1,6.03,2.5,0.28,0.528,0.02
17HR-276,14.0,16.0,,0.05,26.0,3.5,118.0,38.9,9.34,8.18,3.04,6.53,2.27,0.2,0.541,0.12
17HR-276,16.0,18.0,,0.15,29.6,9.4,118.0,101.5,9.5,7.79,1.98,6.43,2.46,0.49,0.548,0.76
17HR-276,18.0,20.0,,0.1,23.9,5.8,111.0,76.8,9.2,7.65,2.38,5.94,2.09,0.51,0.546,0.33
17HR-276,20.0,22.0,0.006,0.37,57.2,13.4,92.0,192.0,8.92,7.8,1.63,6.23,1.87,0.57,0.513,1.08
17HR-276,22.0,24.0,,0.05,25.0,4.7,105.0,87.2,9.18,7.73,2.71,7.3,1.99,0.45,0.535,
17HR-276,24.0,26.0,,0.07,30.0,5.7,113.0,126.0,9.04,7.87,2.59,7.38,2.02,0.36,0.544,
17HR-276,26.0,28.0,,0.04,19.8,5.6,109.0,91.6,8.94,8.1,2.76,7.24,1.96,0.4,0.547,
17HR-276,28.0,30.0,,0.04,21.2,5.9,115.0,53.8,8.36,7.58,2.63,7.06,2.11,0.38,0.545,0.01
17HR-276,30.0,32.0,0.006,0.08,39.5,7.9,109.0,52.7,8.67,7.46,2.17,7.03,2.02,0.52,0.55,0.09
17HR-276,32.0,34.0,,0.04,27.7,8.1,138.0,46.0,8.83,6.95,1.87,7.23,2.26,0.57,0.565,0.19
17HR-276,34.0,36.0,,0.44,53.0,25.1,101.0,711.0,7.76,7.21,1.55,6.83,1.49,1.45,0.499,2.91
17HR-276,36.0,38.0,,1.1,168.5,60.4,61.0,2610.0,6.98,9.67,1.19,6.22,1.22,1.87,0.419,8.09
17HR-276,38.0,40.0,,0.56,43.8,28.6,97.0,1040.0,7.26,7.16,1.04,3.41,1.22,2.3,0.474,5.37
17HR-276,40.0,42.0,,0.18,32.1,16.0,137.0,674.0,8.26,7.3,1.39,2.64,0.69,2.69,0.501,3.49
17HR-276,42.0,44.0,,0.09,21.4,7.6,135.0,56.9,7.99,5.97,1.57,3.97,0.86,2.44,0.466,1.67
17HR-276,44.0,46.0,,0.07,23.4,9.0,95.0,416.0,7.36,5.54,1.12,5.82,1.02,2.45,0.474,3.6
17HR-276,46.0,48.0,,0.1,33.0,11.8,77.0,566.0,8.27,6.36,1.13,5.47,1.15,2.84,0.516,6.01
17HR-276,48.0,50.0,,0.1,24.0,12.9,85.0,240.0,7.37,6.01,1.36,6.63,1.32,2.17,0.451,5.43
17HR-276,50.0,52.0,,0.11,25.4,8.9,107.0,186.0,7.56,6.1,1.5,4.44,1.31,2.03,0.478,3.38
17HR-276,52.0,54.0,,0.01,13.7,2.4,146.0,13.1,8.1,7.17,1.93,5.32,1.07,1.68,0.485,0.03
17HR-276,54.0,56.0,,0.14,28.4,9.0,106.0,27.7,7.83,5.22,1.64,6.16,0.79,2.0,0.41,1.23
17HR-276,56.0,58.0,,0.08,20.4,6.7,95.0,9.9,7.24,4.67,1.89,6.17,0.59,1.7,0.325,0.56
17HR-276,58.0,60.0,,0.06,32.6,5.9,93.0,9.3,7.23,4.69,2.02,4.7,0.53,1.65,0.333,0.6
17HR-276,60.0,62.0,,0.15,31.1,16.4,81.0,59.3,7.61,4.55,1.64,6.95,0.61,1.84,0.345,1.82
17HR-276,62.0,64.0,,0.14,28.1,14.2,86.0,189.0,7.29,4.12,1.47,6.95,0.66,1.92,0.35,2.01
17HR-276,64.0,66.0,,0.18,25.7,11.9,63.0,71.3,6.3,3.67,1.12,8.04,0.51,1.65,0.259,2.2
17HR-276,66.0,68.0,,0.17,30.3,15.3,94.0,84.6,7.38,5.35,1.48,5.21,0.63,2.08,0.395,3.7
17HR-276,68.0,70.0,,0.1,34.2,14.0,70.0,85.2,7.75,4.69,1.23,6.23,0.6,2.19,0.364,3.26
17HR-276,70.0,72.0,,0.12,30.0,20.1,89.0,152.0,8.73,6.42,1.46,1.33,0.61,2.47,0.46,4.67
17HR-276,72.0,74.0,,0.04,15.0,5.2,68.0,68.7,7.39,3.62,1.41,6.41,0.45,1.99,0.305,0.84
17HR-276,74.0,76.0,,0.05,25.5,3.3,73.0,51.2,7.39,3.91,1.55,6.29,0.43,1.95,0.324,0.38
17HR-276,76.0,78.0,,0.05,29.7,3.7,116.0,27.2,8.35,6.52,2.34,7.1,0.65,1.71,0.492,0.38
17HR-276,78.0,80.0,,0.1,36.7,5.9,116.0,33.8,8.5,6.44,2.16,4.65,0.66,1.93,0.439,0.4
17HR-276,80.0,82.0,,0.07,56.1,3.3,104.0,32.3,7.66,5.6,1.83,4.99,0.49,1.99,0.372,0.12
17HR-276,82.0,84.0,,0.06,42.1,4.3,117.0,60.2,8.32,6.35,2.24,7.21,0.44,1.8,0.414,0.31
17HR-276,84.0,86.0,,0.08,32.2,7.3,102.0,126.0,7.76,5.77,1.79,6.92,0.58,1.89,0.387,0.76
17HR-276,86.0,88.0,,0.14,35.3,11.3,103.0,177.5,8.11,6.37,1.8,6.76,0.51,1.96,0.419,1.62
17HR-276,88.0,90.0,,0.1,32.1,9.4,99.0,88.9,8.32,6.2,1.85,6.26,0.59,2.1,0.436,1.39
17HR-276,90.0,92.0,,0.1,28.1,6.3,120.0,38.7,7.59,5.34,1.69,6.56,0.44,2.02,0.374,0.43
17HR-276,92.0,94.0,,0.16,37.2,13.8,122.0,69.0,8.48,5.41,1.55,4.49,0.55,2.27,0.358,0.91
17HR-276,92.0,94.0,,0.14,35.9,12.3,121.0,69.5,8.18,5.33,1.5,4.22,0.58,2.24,0.376,0.74
17HR-276,94.0,96.0,,0.16,32.8,13.3,85.0,111.0,8.08,4.65,1.29,3.69,0.47,2.24,0.333,0.74
17HR-276,96.0,98.0,,0.16,33.5,11.9,87.0,59.2,8.14,4.67,1.35,5.6,0.38,2.34,0.346,0.48
17HR-276,98.0,100.0,,0.12,30.3,9.8,101.0,60.2,7.61,4.95,1.51,6.04,0.33,2.15,0.328,0.36
17HR-276,100.0,102.0,0.153,2.3,33.3,33.6,77.0,1735.0,8.08,6.1,0.56,3.47,0.2,3.36,0.42,5.5
17HR-276,102.0,104.0,0.012,0.28,21.9,13.2,77.0,492.0,8.02,4.85,0.7,1.79,0.49,2.9,0.332,4.06
17HR-276,104.0,106.0,0.006,0.09,18.7,7.3,57.0,55.0,7.59,2.57,0.85,2.01,0.56,2.54,0.245,0.58
17HR-276,106.0,108.0,,0.06,24.8,5.7,75.0,37.7,7.8,3.48,1.12,2.91,0.71,2.36,0.286,0.6
17HR-276,108.0,110.0,0.005,0.06,33.8,8.1,88.0,62.8,7.56,4.26,1.28,2.64,0.73,2.09,0.357,0.61
17HR-276,110.0,112.0,0.007,0.09,50.3,8.8,95.0,184.5,7.85,4.35,1.25,2.53,0.72,2.27,0.357,0.85
17HR-276,112.0,114.0,0.006,0.08,71.2,7.2,104.0,78.4,7.77,4.3,1.3,3.31,0.67,2.24,0.35,0.66
17HR-276,114.0,116.0,,0.1,79.2,13.3,94.0,297.0,9.03,6.06,1.12,3.17,1.01,2.78,0.433,3.82
17HR-276,116.0,118.0,,0.06,49.4,9.9,46.0,408.0,8.17,5.39,0.59,3.09,1.29,2.68,0.429,5.05
17HR-276,118.0,120.0,,0.08,51.4,8.2,49.0,471.0,8.19,5.21,0.67,3.99,1.23,2.68,0.418,4.89
17HR-276,120.0,122.0,,0.07,53.5,7.8,62.0,538.0,7.87,5.96,0.68,2.99,1.41,2.52,0.409,5.67
17HR-276,122.0,124.0,,0.09,51.2,8.2,57.0,1500.0,6.89,8.06,0.56,2.97,1.23,2.48,0.398,8.04
17HR-276,124.0,126.0,,0.1,60.3,14.5,49.0,1315.0,8.64,6.28,0.62,0.8,1.02,3.07,0.411,6.11
17HR-276,126.0,128.0,,0.07,37.1,11.9,88.0,272.0,7.84,4.56,0.91,1.35,0.81,2.73,0.336,3.63
17HR-276,128.0,130.0,,0.07,28.0,10.7,98.0,220.0,8.81,4.82,1.03,2.43,1.24,3.0,0.404,3.89
17HR-276,130.0,132.0,,0.08,33.5,28.9,96.0,840.0,8.28,6.49,1.08,1.81,1.44,2.64,0.376,5.87
17HR-276,132.0,134.0,,0.59,43.2,283.0,51.0,4770.0,6.76,13.65,0.64,1.38,0.88,2.44,0.3,
17HR-276,134.0,136.0,,0.32,45.3,95.5,66.0,1635.0,8.83,8.14,0.97,1.41,1.48,2.94,0.384,8.06
17HR-276,136.0,138.0,0.006,0.1,33.7,42.5,112.0,1235.0,8.32,6.58,1.37,1.97,1.96,2.34,0.384,5.62
17HR-276,138.0,140.0,0.015,0.42,62.5,73.9,99.0,3140.0,7.03,11.8,1.12,3.11,1.35,2.07,0.304,
17HR-276,140.0,142.0,0.037,1.78,82.5,79.0,95.0,3380.0,6.71,11.05,1.25,2.03,1.26,2.13,0.321,
17HR-276,142.0,144.0,0.007,0.31,40.9,42.0,90.0,1555.0,7.24,6.92,1.12,2.94,0.93,2.84,0.361,6.49
17HR-276,144.0,146.0,,0.07,32.4,32.7,50.0,1495.0,6.8,6.09,0.97,6.74,1.29,2.33,0.313,5.92
17HR-276,146.0,148.0,,0.09,36.8,46.9,62.0,1635.0,7.06,6.43,1.07,5.0,1.13,2.81,0.346,6.07
17HR-276,148.0,150.0,0.008,0.14,41.4,77.5,49.0,1930.0,7.22,7.79,0.94,5.16,0.48,3.66,0.379,7.82
17HR-276,150.0,152.0,,0.65,43.6,102.0,47.0,2850.0,6.51,9.52,0.78,3.03,0.82,2.81,0.322,9.61
17HR-276,152.0,154.0,,0.17,35.2,55.3,57.0,1200.0,7.39,6.45,1.0,3.05,1.22,3.04,0.359,5.62
17HR-276,154.0,156.0,,0.3,41.1,51.7,67.0,1520.0,7.29,7.6,1.12,4.67,1.64,2.33,0.339,5.72
17HR-276,156.0,158.0,,0.31,30.6,41.7,55.0,687.0,7.45,5.58,0.92,4.34,1.98,2.52,0.355,3.93
17HR-276,158.0,160.0,,1.49,50.0,75.4,45.0,1570.0,7.31,7.94,0.71,3.92,1.82,2.71,0.346,7.21
17HR-276,160.0,162.0,,0.25,45.1,78.6,44.0,1515.0,7.03,6.66,0.65,4.48,1.85,2.57,0.334,5.9
17HR-276,162.0,164.0,,0.13,33.2,34.6,56.0,546.0,8.42,5.38,0.79,2.56,2.06,3.01,0.386,4.14
17HR-276,164.0,166.0,,0.08,28.4,23.2,89.0,378.0,8.25,5.36,1.09,2.44,1.98,2.9,0.392,3.24
17HR-276,166.0,168.0,0.006,0.3,41.8,54.7,38.0,1165.0,8.04,7.51,0.58,1.36,1.92,2.94,0.344,7.57
17HR-276,168.0,170.0,0.008,0.36,43.1,42.6,37.0,1065.0,8.5,6.32,0.61,0.98,1.9,3.17,0.374,6.05
17HR-276,170.0,172.0,0.006,0.45,25.1,21.0,132.0,251.0,8.85,5.43,1.27,2.36,1.9,3.15,0.421,1.84
17HR-276,172.0,174.0,0.005,0.8,45.1,28.8,179.0,518.0,7.98,6.12,1.69,3.23,1.81,2.61,0.393,2.35
17HR-276,174.0,176.0,0.011,0.98,38.8,34.4,169.0,550.0,6.61,6.27,1.75,6.32,1.47,1.65,0.29,2.68
17HR-276,176.0,178.0,,0.15,24.1,8.9,131.0,91.1,7.25,4.61,1.25,4.44,1.74,2.59,0.362,0.43
17HR-276,178.0,180.0,,0.08,29.5,4.8,105.0,66.8,7.22,5.03,1.55,3.64,2.1,1.73,0.335,0.2
17HR-276,180.0,182.0,,0.11,47.3,7.0,110.0,24.0,7.98,4.93,1.81,4.14,2.64,1.66,0.369,0.05
17HR-276,180.0,182.0,,0.13,70.5,7.5,113.0,26.5,8.05,4.86,1.79,3.21,2.78,1.66,0.385,0.04
17HR-276,182.0,184.0,,0.1,33.6,6.9,122.0,122.5,7.76,4.57,1.77,3.82,2.31,2.03,0.382,0.3
17HR-276,184.0,186.0,0.006,0.12,19.9,9.8,158.0,146.5,8.06,5.1,2.28,4.63,2.1,1.76,0.367,0.81
17HR-276,186.0,188.0,0.009,0.12,41.2,14.0,142.0,257.0,8.31,4.87,1.89,4.43,2.22,2.06,0.392,1.55
17HR-276,188.0,190.0,,0.05,18.5,7.4,236.0,221.0,8.32,5.23,2.06,4.55,1.95,1.95,0.402,0.56
17HR-276,190.0,192.0,0.007,0.15,43.2,34.1,296.0,1370.0,8.16,6.94,1.08,4.27,1.08,2.77,0.382,4.9
17HR-276,192.0,194.0,,0.06,6.3,4.3,104.0,49.0,8.84,5.29,1.19,1.18,0.43,2.87,0.396,0.6
17HR-276,194.0,196.0,0.006,0.21,19.2,14.9,65.0,79.8,8.85,3.71,0.6,0.14,0.28,3.5,0.339,1.91
17HR-276,196.0,198.0,0.032,0.55,32.3,21.6,68.0,369.0,6.95,2.67,0.17,0.23,0.15,2.84,0.291,2.48
17HR-276,198.0,200.0,0.119,0.32,25.3,15.9,48.0,190.5,7.37,3.19,0.11,0.21,0.19,2.94,0.275,3.18
17HR-276,200.0,202.0,0.069,0.35,17.9,17.8,41.0,191.0,8.51,4.23,0.11,0.27,0.24,3.45,0.272,4.43
17HR-276,202.0,204.0,0.072,0.33,18.8,13.9,63.0,211.0,8.11,3.66,0.11,0.35,0.23,3.11,0.233,3.65
17HR-276,204.0,206.0,0.034,0.4,16.4,14.8,105.0,231.0,8.09,4.32,0.14,0.27,0.24,3.16,0.204,4.23
17HR-276,206.0,208.0,0.016,0.33,17.5,14.5,71.0,181.0,8.76,3.74,0.11,0.27,0.28,3.29,0.203,3.61
17HR-276,208.0,210.0,0.019,0.23,12.0,14.1,34.0,125.0,8.27,3.81,0.06,0.24,0.29,3.07,0.189,3.9
17HR-276,210.0,212.0,0.015,0.26,15.6,15.9,13.0,182.0,8.2,4.05,0.03,0.33,0.31,2.94,0.145,4.41
17HR-276,212.0,214.0,0.013,0.2,14.6,16.0,8.0,160.0,9.92,3.97,0.03,0.4,0.4,3.59,0.173,4.4
17HR-276,214.0,216.0,,0.2,12.0,14.7,6.0,51.5,8.88,3.43,0.02,0.27,0.33,3.03,0.193,3.81
17HR-276,216.0,218.0,,0.19,11.1,15.4,3.0,47.1,10.3,3.0,0.02,0.33,0.42,3.52,0.235,3.42
17HR-276,218.0,220.0,0.01,0.52,19.0,23.0,2.0,58.5,9.53,4.73,0.02,0.37,0.43,3.26,0.24,5.26
17HR-276,220.0,222.0,,0.54,29.3,22.6,4.0,85.3,8.52,5.46,0.02,0.37,0.39,2.88,0.199,5.85
17HR-276,222.0,224.0,,0.23,15.4,9.4,78.0,17.2,9.3,4.2,0.29,0.25,0.34,2.93,0.185,0.84
17HR-276,224.0,226.0,,0.1,8.6,8.4,65.0,12.3,9.27,4.24,0.4,0.2,0.29,3.01,0.273,0.04
17HR-276,226.0,228.0,,0.05,10.1,10.5,69.0,9.4,9.57,5.59,0.58,0.31,0.27,3.08,0.311,0.02
17HR-276,228.0,230.0,,0.05,6.7,10.3,56.0,11.6,9.27,4.81,0.54,0.37,0.27,3.13,0.293,0.13
17HR-276,230.0,232.0,0.018,0.04,5.8,10.6,66.0,9.0,8.68,4.97,0.74,0.45,0.23,2.91,0.293,0.02
17HR-276,232.0,234.0,,0.01,1.2,13.6,63.0,10.1,9.25,4.78,0.7,0.37,0.28,3.35,0.321,0.01
17HR-276,234.0,236.0,,0.01,1.6,13.2,76.0,10.4,9.09,4.28,0.79,1.17,0.34,3.31,0.317,0.01
17HR-276,236.0,238.0,,0.02,2.2,12.4,85.0,9.0,9.12,3.89,0.87,1.33,0.37,3.31,0.312,0.01
17HR-276,238.0,240.0,,0.01,2.1,12.6,69.0,7.8,8.62,3.88,0.75,1.09,0.36,3.13,0.288,0.01
17HR-276,240.0,242.0,,0.02,2.2,12.0,48.0,8.7,8.54,3.65,0.56,1.11,0.38,3.11,0.294,0.01
17HR-276,242.0,244.0,0.019,0.14,2.5,12.3,59.0,75.7,8.88,3.85,0.6,0.51,0.33,3.37,0.307,2.16
17HR-276,244.0,246.0,,0.02,3.0,11.6,65.0,95.1,8.12,3.76,0.63,2.34,0.36,2.97,0.291,0.49
17HR-276,246.0,248.0,,0.03,4.4,13.5,57.0,69.2,8.69,4.25,0.59,1.61,0.43,3.22,0.309,0.44
17HR-276,248.0,250.0,,0.25,47.0,12.4,74.0,19.1,7.98,4.24,0.78,1.68,0.28,2.84,0.29,0.03
17HR-276,250.0,252.0,,0.21,49.5,11.8,82.0,8.7,8.9,4.4,0.9,0.66,0.54,3.02,0.305,0.01
17HR-276,252.0,254.0,,0.21,40.4,11.8,90.0,7.9,8.88,4.91,0.91,1.1,0.66,2.94,0.306,0.05
17HR-276,254.0,256.0,,0.1,16.8,11.3,78.0,7.6,8.78,4.24,0.8,2.01,0.88,2.94,0.318,0.02
17HR-276,256.0,258.0,,0.07,16.0,11.3,76.0,8.0,8.0,4.25,0.77,2.22,0.97,2.57,0.282,0.02
17HR-276,258.0,260.0,,0.16,24.9,11.4,72.0,8.1,8.04,4.02,0.75,1.57,0.9,2.64,0.282,0.04
17HR-276,260.0,262.0,,0.12,24.4,10.3,80.0,6.7,8.83,4.14,0.88,0.88,0.87,2.94,0.305,0.02
17HR-276,262.0,264.0,,0.1,16.5,10.1,73.0,6.6,8.63,4.27,0.75,1.85,1.73,2.47,0.296,0.02
17HR-276,264.0,266.0,,0.1,17.9,11.7,75.0,7.4,8.58,4.21,0.77,2.04,1.38,2.63,0.3,0.02
17HR-276,266.0,268.0,0.005,0.29,32.7,10.9,67.0,11.3,8.15,3.9,0.67,2.17,1.13,2.59,0.284,0.68
17HR-276,268.0,270.0,0.006,0.06,4.0,11.1,60.0,10.5,8.09,4.08,0.63,2.06,1.2,2.56,0.288,0.39
17HR-276,268.0,270.0,,0.02,4.9,11.1,63.0,9.3,8.16,4.29,0.64,2.31,1.26,2.61,0.285,0.31
17HR-276,270.0,272.0,,0.04,12.1,12.5,75.0,5.7,8.25,4.09,0.76,1.27,1.36,2.7,0.295,0.04
17HR-276,272.0,274.0,,0.2,43.6,10.4,77.0,6.3,8.43,4.6,0.85,2.21,1.43,2.62,0.284,0.04
17HR-276,274.0,276.0,,0.07,10.4,12.2,77.0,7.8,9.23,4.55,0.91,1.14,0.58,3.38,0.324,0.01
17HR-276,276.0,278.0,0.005,0.19,13.7,10.8,79.0,12.8,9.41,3.84,0.88,0.85,0.98,3.25,0.311,0.96
17HR-276,278.0,280.0,,0.02,2.7,10.3,99.0,16.1,8.82,4.33,0.9,2.23,1.68,2.69,0.311,0.43
17HR-276,280.0,282.0,0.026,1.0,2.3,9.6,104.0,33.0,8.06,3.76,0.82,3.63,1.41,2.51,0.281,1.92
17HR-276,282.0,284.0,,0.11,15.0,9.8,104.0,6.7,8.32,4.33,0.92,1.95,1.63,2.54,0.297,0.06
17HR-276,284.0,286.0,,0.11,16.7,9.0,108.0,5.8,8.77,5.17,0.95,1.49,1.41,2.75,0.29,0.04
17HR-276,286.0,288.0,,0.02,2.6,8.4,100.0,5.8,9.07,5.16,0.72,1.68,1.39,3.0,0.297,0.03
17HR-276,288.0,290.0,,0.07,13.3,15.5,35.0,7.8,9.54,4.38,0.3,0.63,0.21,3.96,0.364,0.03
17HR-276,290.0,292.0,,0.13,13.4,12.6,64.0,8.8,9.56,5.47,0.49,0.95,0.2,3.7,0.394,0.38
17HR-276,292.0,294.0,,0.35,23.0,16.9,134.0,7.9,10.05,6.72,1.02,0.35,0.52,3.31,0.402,0.7
17HR-276,294.0,296.0,,0.04,7.6,6.8,94.0,6.6,7.97,5.67,0.78,1.29,1.02,2.33,0.346,0.07
17HR-276,296.0,298.0,,0.01,4.9,4.7,115.0,5.3,8.31,5.55,0.81,2.42,1.98,2.12,0.354,0.03
17HR-276,298.0,300.0,0.007,0.14,16.2,11.1,94.0,10.2,8.07,6.17,0.75,1.79,1.41,2.33,0.337,3.85
17HR-276,300.0,302.0,,0.08,5.3,7.6,145.0,6.9,7.78,4.41,1.14,2.59,1.75,1.93,0.352,1.09
17HR-276,302.0,304.0,0.005,0.15,15.8,11.6,75.0,15.9,8.02,5.99,0.68,2.56,1.76,2.27,0.352,4.43
17HR-276,304.0,306.0,,0.07,9.7,6.1,124.0,14.3,7.98,5.31,1.2,2.3,1.74,1.77,0.338,1.27
17HR-276,306.0,308.0,,0.09,11.7,13.3,76.0,13.6,7.84,5.64,0.59,2.55,1.71,2.47,0.364,5.19
17HR-276,308.0,310.0,,0.09,11.2,12.6,59.0,23.9,8.56,5.09,0.5,2.37,1.79,2.75,0.386,5.02
17HR-276,310.0,312.0,,0.08,16.8,8.1,85.0,29.2,8.83,5.34,1.01,1.71,1.71,2.53,0.381,3.39
17HR-276,312.0,314.0,,0.01,3.9,3.8,107.0,9.9,8.38,5.28,1.13,2.44,1.8,2.14,0.374,0.1
17HR-276,314.0,316.0,,0.01,2.0,4.1,90.0,14.4,7.83,4.7,0.87,3.75,1.96,2.12,0.374,0.02
17HR-276,316.0,318.0,,0.01,2.9,3.9,81.0,12.5,7.5,4.93,0.88,4.45,1.56,2.12,0.353,0.06
17HR-276,318.0,320.0,,0.07,38.5,6.2,105.0,4.6,8.54,5.29,1.62,0.88,0.59,2.52,0.34,0.86
17HR-276,320.0,322.0,,0.04,15.7,4.9,91.0,7.2,7.48,4.7,1.69,1.64,0.22,2.22,0.305,0.69
17HR-276,322.0,324.0,,0.03,8.7,5.5,91.0,5.3,8.86,4.44,1.73,1.42,0.39,2.85,0.367,0.78
17HR-276,324.0,326.0,,0.11,17.3,13.9,101.0,7.4,7.63,5.39,1.76,3.45,0.9,2.19,0.332,2.73
17HR-276,326.0,328.0,,0.09,17.1,12.2,84.0,6.4,8.45,4.44,1.42,3.09,1.82,2.26,0.375,2.33
17HR-276,328.0,330.0,,0.15,20.8,14.6,70.0,7.2,8.35,4.47,1.18,3.33,1.57,2.46,0.368,2.9
17HR-276,330.0,332.0,,0.17,21.8,17.0,91.0,7.0,8.2,4.96,1.76,5.4,0.72,2.56,0.339,3.18
17HR-276,332.0,334.0,,0.09,16.1,10.6,126.0,6.2,7.93,4.74,2.75,6.95,0.64,2.08,0.334,2.24
17HR-276,334.0,336.0,,0.1,15.8,6.5,110.0,5.4,8.28,4.03,2.05,3.26,1.09,2.29,0.365,0.92
17HR-276,336.0,338.0,,0.1,15.2,8.6,122.0,7.9,7.68,4.25,2.4,6.62,0.77,1.89,0.332,1.19
17HR-276,338.0,340.0,,0.11,17.4,13.0,106.0,10.4,7.41,4.48,2.17,6.38,0.34,2.17,0.32,2.55
17HR-276,340.0,342.0,,0.19,18.2,20.8,130.0,14.0,6.74,5.23,2.1,7.45,0.11,2.07,0.278,3.94
17HR-276,342.0,344.0,,0.18,20.6,23.4,149.0,14.3,8.31,5.01,1.64,3.47,0.23,2.96,0.367,3.92
17HR-276,344.0,346.0,,0.12,21.8,24.3,156.0,17.0,7.82,5.15,1.78,4.99,0.15,2.66,0.342,4.02
17HR-276,346.0,348.0,,0.14,21.6,25.5,99.0,14.8,8.21,5.04,1.75,4.28,0.15,2.86,0.354,4.37
17HR-276,348.0,350.0,,0.13,22.9,19.8,86.0,13.0,8.08,5.07,1.84,3.73,0.15,2.8,0.354,4.86
17HR-276,350.0,352.0,,0.1,20.4,14.9,65.0,9.8,8.54,5.69,1.43,2.19,0.18,3.13,0.373,6.04
17HR-276,352.0,354.0,,0.22,17.8,19.4,75.0,13.1,7.22,4.3,1.3,4.22,0.15,2.71,0.319,4.57
17HR-276,354.0,356.0,0.005,0.34,21.7,20.0,66.0,18.4,7.98,5.01,0.97,3.16,0.17,3.12,0.362,5.54
17HR-276,356.0,358.0,,0.3,14.6,13.6,89.0,9.8,7.52,3.8,1.16,2.66,0.16,2.87,0.27,4.12
17HR-276,358.0,360.0,0.009,0.46,11.5,13.9,57.0,8.1,7.53,4.05,0.88,2.66,0.17,2.99,0.287,4.44
17HR-276,360.0,362.0,0.019,0.77,17.4,16.0,68.0,8.1,7.59,3.75,0.92,2.7,0.17,2.9,0.28,4.14
17HR-276,362.0,364.0,0.008,0.32,11.3,11.7,64.0,6.1,7.48,3.7,1.79,4.27,0.16,2.53,0.254,4.38
17HR-276,364.0,366.0,0.006,0.27,11.8,13.2,64.0,7.5,7.48,3.61,1.93,3.9,0.15,2.36,0.255,4.31
17HR-276,366.0,368.0,,0.2,10.7,11.8,52.0,6.8,7.35,3.67,1.83,3.45,0.15,2.27,0.256,4.62
17HR-276,368.0,370.0,0.005,0.13,10.3,10.9,73.0,8.5,6.88,3.55,1.63,4.34,0.15,2.18,0.249,4.47
17HR-276,370.0,372.0,0.005,0.12,11.8,11.7,108.0,10.3,7.03,3.63,1.7,3.86,0.16,2.28,0.258,4.55
17HR-276,372.0,374.0,,0.1,10.8,11.0,75.0,8.2,7.45,3.64,1.84,4.13,0.16,2.38,0.248,4.73
17HR-276,374.0,376.0,,0.14,11.0,12.6,79.0,12.6,7.78,3.89,1.62,2.15,0.18,2.6,0.277,4.75
17HR-276,376.0,378.0,0.008,0.47,14.6,15.6,82.0,24.4,8.05,4.57,0.3,1.07,0.22,3.03,0.295,5.74
17HR-276,378.0,380.0,0.042,0.68,14.0,10.4,,18.8,8.49,4.41,0.07,0.44,0.25,3.22,0.264,5.2
17HR-276,380.0,382.0,0.035,0.28,14.8,4.5,2.0,8.9,2.06,2.55,0.02,0.5,0.06,0.72,0.367,2.75
17HR-276,382.0,384.0,0.108,0.6,24.9,8.1,,16.0,7.41,4.54,0.04,0.65,0.2,2.76,0.481,5.11
17HR-276,384.0,386.0,0.12,0.42,14.0,7.1,,11.9,7.77,3.43,0.04,1.93,0.22,3.11,0.236,5.48
17HR-276,386.0,388.0,0.035,0.47,10.0,6.7,,10.9,4.98,3.42,0.02,5.11,0.2,2.34,0.225,7.89
17HR-276,388.0,390.0,0.007,0.29,15.8,9.4,,12.9,5.09,3.56,0.03,3.89,0.2,2.37,0.209,7.03
17HR-276,390.0,392.0,,0.22,30.4,15.5,2.0,14.6,5.36,4.4,0.04,3.44,0.2,2.44,0.218,7.53
17HR-276,392.0,394.0,,0.11,16.9,9.0,2.0,16.4,5.07,4.15,0.04,3.02,0.19,2.35,0.25,6.8
17HR-276,394.0,396.0,,0.09,23.4,7.8,2.0,19.5,3.69,3.73,0.04,1.82,0.1,1.3,0.292,5.25
17HR-276,396.0,398.0,,0.09,25.4,12.1,3.0,29.3,8.41,4.11,0.11,2.3,0.25,3.55,0.233,6.31
17HR-276,398.0,400.0,,0.15,18.0,36.0,8.0,53.9,7.4,4.69,0.24,0.86,0.18,2.84,0.265,5.26
17HR-276,400.0,402.0,0.044,0.15,19.0,49.5,39.0,55.6,7.25,4.1,0.93,1.9,0.15,2.75,0.269,4.5
17HR-276,402.0,404.0,,0.03,11.4,26.6,76.0,42.6,7.68,4.31,1.77,0.39,0.15,2.77,0.285,4.77
17HR-276,404.0,406.0,0.005,0.13,13.6,52.4,103.0,47.2,7.69,3.99,2.15,1.73,0.14,2.5,0.27,4.42
17HR-276,406.0,408.0,0.01,0.16,14.9,31.5,72.0,20.7,7.55,4.07,1.12,1.62,0.15,2.68,0.268,4.44
17HR-276,408.0,410.0,,0.15,12.3,24.8,113.0,17.5,7.72,4.0,1.24,2.9,0.16,2.76,0.291,4.39
17HR-276,410.0,412.0,,0.12,11.1,20.9,43.0,14.2,7.71,3.71,1.19,2.27,0.17,2.75,0.281,4.09
17HR-276,412.0,414.0,,0.09,12.7,19.0,48.0,16.2,7.31,3.86,1.24,3.01,0.16,2.62,0.276,4.29
17HR-276,414.0,416.0,,0.1,19.7,23.4,63.0,20.0,6.74,3.68,1.51,3.7,0.15,2.37,0.269,4.16
17HR-276,416.0,418.0,0.006,0.08,13.0,21.1,42.0,23.8,7.34,4.1,1.46,3.08,0.16,2.67,0.316,4.6
17HR-276,418.0,420.0,,0.1,12.4,18.0,18.0,26.0,7.95,3.87,0.95,2.58,0.18,3.01,0.279,4.35
17HR-276,420.0,422.0,0.005,0.1,14.0,12.1,37.0,17.0,7.35,3.39,1.92,4.73,0.15,2.58,0.305,3.49
17HR-276,422.0,424.0,0.006,0.19,18.6,18.4,36.0,24.5,7.78,4.6,1.72,3.69,0.16,2.68,0.331,4.77
17HR-276,424.0,426.0,,0.33,23.4,19.1,51.0,22.3,8.07,5.22,2.14,4.69,0.15,2.67,0.403,5.31
17HR-276,426.0,428.0,,0.34,15.0,17.1,63.0,21.5,7.7,3.94,2.07,4.19,0.15,2.59,0.309,4.0
17HR-276,428.0,430.0,0.007,0.53,14.9,20.8,78.0,21.8,7.52,4.1,1.69,3.85,0.16,2.67,0.308,4.39
17HR-276,430.0,432.0,0.013,0.96,18.4,28.9,76.0,28.2,7.66,4.6,1.62,4.17,0.16,2.75,0.357,5.06
17HR-276,432.0,434.0,0.013,1.17,16.2,24.2,74.0,24.7,7.28,3.86,1.54,3.89,0.16,2.65,0.289,4.3
17HR-276,434.0,436.0,0.025,2.12,17.2,29.5,69.0,27.6,8.03,4.1,1.22,2.84,0.17,3.02,0.297,4.57
17HR-276,436.0,438.0,0.044,2.19,17.8,29.8,65.0,28.7,8.08,4.13,1.23,2.86,0.17,3.05,0.302,4.57
17HR-276,438.0,440.0,0.125,4.22,21.3,46.7,89.0,20.8,7.8,4.06,0.84,2.71,0.17,3.0,0.287,4.55
17HR-276,440.0,442.0,0.081,5.12,22.1,42.4,117.0,40.4,6.99,3.63,0.69,2.67,0.16,2.67,0.267,4.08
17HR-276,442.0,444.0,0.036,2.86,14.7,29.8,74.0,26.5,8.81,4.54,1.42,1.07,0.19,3.27,0.345,5.06
17HR-276,444.0,446.0,0.038,3.61,19.0,52.1,56.0,57.5,8.52,4.92,0.69,0.73,0.2,3.44,0.33,5.53
17HR-276,444.0,446.0,0.038,3.25,16.7,43.9,53.0,56.8,8.6,4.65,0.74,1.01,0.2,3.42,0.329,5.23
17HR-276,446.0,448.0,0.05,4.58,18.5,55.3,52.0,63.1,8.41,4.43,0.72,1.38,0.19,3.24,0.313,4.91
17HR-276,448.0,450.0,0.057,5.34,16.5,86.0,70.0,37.8,7.97,4.21,1.28,1.49,0.17,2.94,0.295,4.69
17HR-276,450.0,452.0,0.06,27.7,144.0,432.0,1260.0,41.5,7.29,3.9,1.1,5.6,0.17,2.85,0.281,4.39
17HR-276,452.0,454.0,0.039,2.16,16.3,22.7,122.0,34.6,7.63,4.14,1.61,4.07,0.15,2.69,0.304,4.16
17HR-276,454.0,456.0,0.017,0.57,14.9,16.4,114.0,23.6,7.56,3.76,1.97,4.72,0.14,2.57,0.297,3.31
17HR-276,456.0,458.0,0.045,1.25,17.9,21.6,121.0,19.1,7.8,4.17,1.61,4.1,0.16,2.75,0.313,3.81
17HR-276,458.0,460.0,0.009,0.27,11.0,10.3,123.0,14.7,7.89,3.39,2.24,4.04,0.13,2.46,0.28,2.1
17HR-276,460.0,462.0,0.029,0.72,15.2,14.9,101.0,18.7,7.59,4.06,1.84,3.82,0.15,2.59,0.303,3.41
17HR-276,462.0,464.0,0.029,1.05,20.5,18.5,91.0,22.1,7.57,3.89,1.71,4.91,0.14,2.52,0.27,3.31
17HR-276,464.0,466.0,0.029,1.05,17.4,20.3,105.0,24.5,7.76,4.12,1.57,3.99,0.16,2.75,0.306,3.86
17HR-276,466.0,468.0,0.079,1.83,17.8,42.4,348.0,31.5,7.11,4.28,1.39,5.22,0.15,2.55,0.29,4.21
17HR-276,468.0,470.0,0.03,0.75,13.6,23.6,159.0,21.0,7.34,3.65,1.61,4.84,0.15,2.57,0.294,3.42
17HR-276,470.0,472.0,0.053,1.49,13.5,36.8,140.0,20.8,7.51,3.89,1.32,4.13,0.17,2.78,0.283,4.19
17HR-276,472.0,474.0,0.057,1.95,16.9,51.7,466.0,24.9,7.3,3.96,1.15,4.11,0.18,2.75,0.292,4.4
17HR-276,474.0,476.0,0.049,2.0,14.5,68.5,104.0,19.0,7.4,3.7,1.34,4.17,0.17,2.7,0.263,4.3
17HR-276,476.0,478.0,0.019,1.02,15.9,27.9,107.0,23.8,7.44,3.66,1.75,4.36,0.19,2.52,0.274,3.82
17HR-276,478.0,480.0,0.016,1.21,16.2,16.5,79.0,29.6,7.33,3.87,1.58,4.2,0.26,2.52,0.284,3.79
17HR-276,480.0,482.0,0.012,0.42,15.2,14.0,84.0,20.1,7.6,3.73,1.89,4.31,0.3,2.46,0.287,2.96
17HR-276,482.0,484.0,0.011,0.53,16.6,13.4,86.0,21.9,7.74,4.12,1.99,4.49,0.25,2.43,0.309,3.12
17HR-276,484.0,486.0,0.016,1.18,20.6,12.3,94.0,18.2,7.84,3.9,1.92,4.95,0.17,2.5,0.296,2.59
17HR-276,486.0,488.0,0.007,0.34,19.1,11.1,93.0,16.9,7.84,4.16,1.94,4.71,0.18,2.51,0.326,2.14
17HR-276,488.0,490.0,0.01,0.85,18.2,15.0,84.0,19.2,8.08,4.03,2.06,4.29,0.26,2.42,0.31,1.63
17HR-276,490.0,492.0,0.033,1.98,18.6,18.5,76.0,29.9,7.54,4.14,1.96,3.39,0.19,2.35,0.301,2.38
17HR-276,492.0,494.0,0.012,1.01,14.3,10.7,84.0,34.7,7.9,3.7,2.25,4.23,0.17,2.33,0.292,2.07
17HR-276,494.0,496.0,0.013,0.61,15.7,11.0,80.0,46.3,8.25,3.96,2.26,2.74,0.19,2.51,0.311,3.08
17HR-276,496.0,498.0,0.009,0.63,22.7,14.7,105.0,46.7,7.85,4.05,1.94,3.23,0.19,2.5,0.303,3.97
17HR-276,498.0,500.0,0.009,0.54,23.6,28.2,184.0,44.1,6.95,3.9,1.62,3.39,0.2,2.52,0.292,4.39
17HR-276,500.0,502.0,0.012,1.67,26.8,32.2,130.0,36.1,7.39,4.99,1.03,3.2,0.27,2.99,0.323,5.83
17HR-276,502.0,503.0,0.009,0.41,28.2,18.5,75.0,50.5,6.98,4.62,1.47,4.23,0.84,2.43,0.296,5.35
17HR-277,4.0,6.0,0.011,0.1,21.5,25.3,54.0,22.1,8.09,4.09,1.36,2.66,0.19,3.6,0.289,4.31
17HR-277,6.0,8.0,0.01,0.2,25.4,30.2,132.0,25.9,8.28,4.28,1.43,2.87,0.2,3.7,0.305,4.59
17HR-277,8.0,10.0,0.006,0.18,25.4,21.0,50.0,26.6,8.54,4.48,1.27,2.82,0.11,3.93,0.321,4.75
17HR-277,10.0,12.0,,0.28,17.8,22.6,76.0,24.5,7.79,4.18,0.8,3.25,0.22,3.76,0.297,3.75
17HR-277,12.0,14.0,0.012,1.98,52.3,18.9,260.0,128.0,5.31,4.04,0.79,6.95,0.89,1.86,0.241,3.49
17HR-277,14.0,16.0,0.009,3.25,95.7,9.5,661.0,71.8,6.2,3.43,0.82,1.09,1.08,2.0,0.279,2.76
17HR-277,16.0,18.0,,2.38,73.0,8.3,1260.0,53.4,5.92,2.95,1.27,2.16,0.79,1.93,0.246,2.07
17HR-277,18.0,20.0,0.008,3.15,107.5,11.3,1860.0,90.1,6.07,4.34,0.96,1.9,1.73,1.48,0.31,4.01
17HR-277,20.0,22.0,0.009,2.2,77.6,9.8,1160.0,43.2,6.44,3.41,1.14,1.51,1.07,1.84,0.31,2.62
17HR-277,22.0,24.0,,1.88,48.7,10.0,580.0,39.6,6.83,3.33,1.38,1.6,0.85,1.98,0.291,2.42
17HR-277,24.0,26.0,,1.57,54.8,9.3,599.0,31.3,5.97,3.04,1.27,1.15,0.95,1.5,0.248,2.19
17HR-277,26.0,28.0,0.006,1.45,52.2,9.0,537.0,22.5,6.49,3.01,1.48,1.1,1.38,1.39,0.3,1.64
17HR-277,28.0,30.0,0.007,1.5,47.0,10.1,156.0,26.8,6.43,3.33,1.38,0.89,1.24,1.41,0.289,2.21
17HR-277,30.0,32.0,,1.41,45.8,11.1,256.0,32.6,7.8,3.34,1.38,1.05,1.15,2.1,0.323,2.63
17HR-277,32.0,34.0,0.01,1.73,55.6,9.0,503.0,28.1,6.61,3.0,1.26,0.9,0.96,1.75,0.275,2.29
17HR-277,34.0,36.0,,3.57,109.0,8.6,1120.0,46.7,5.72,4.66,0.9,1.3,1.44,1.37,0.288,4.47
17HR-277,36.0,38.0,0.011,4.68,145.5,11.0,1650.0,43.2,5.38,4.6,0.87,1.85,1.33,1.37,0.26,4.36
17HR-277,38.0,40.0,0.012,3.07,72.0,9.6,347.0,46.5,6.57,5.08,1.11,2.58,1.38,1.84,0.306,4.93
17HR-277,40.0,42.0,0.014,2.47,93.8,7.5,1080.0,34.2,5.98,4.16,1.01,5.52,1.2,1.58,0.319,3.75
17HR-277,42.0,44.0,0.007,2.69,77.4,7.4,491.0,22.5,6.47,3.87,0.95,1.81,1.4,1.66,0.354,3.21
17HR-277,44.0,46.0,0.008,1.53,52.8,6.6,141.0,18.2,6.23,3.79,0.89,5.0,1.31,1.61,0.345,3.1
17HR-277,46.0,48.0,0.007,2.23,67.4,7.8,187.0,25.4,6.61,4.05,1.03,1.6,1.4,1.72,0.351,3.07
17HR-277,48.0,50.0,0.01,2.01,64.1,7.5,183.0,26.3,7.59,4.09,0.95,1.44,1.6,1.93,0.435,3.05
17HR-277,50.0,52.0,0.009,2.14,64.2,7.7,407.0,20.6,7.28,3.98,1.03,2.03,1.39,1.88,0.384,3.02
17HR-277,52.0,54.0,0.007,2.86,77.2,8.4,401.0,31.0,7.84,4.78,0.92,1.07,1.69,2.0,0.402,4.22
17HR-277,54.0,56.0,0.008,1.85,59.9,7.7,192.0,22.0,8.06,4.5,1.1,0.85,1.76,1.95,0.461,3.48
17HR-277,56.0,58.0,0.006,1.71,41.8,6.0,263.0,12.0,5.58,2.68,1.15,9.39,0.97,1.36,0.276,1.27
17HR-277,58.0,60.0,,1.54,46.5,7.4,164.0,15.9,6.3,3.0,1.06,3.41,1.19,1.54,0.31,1.49
17HR-277,60.0,62.0,,0.74,33.0,7.3,126.0,13.4,6.78,2.98,1.13,1.31,1.06,1.76,0.323,1.26
17HR-277,62.0,64.0,0.007,0.74,35.4,8.6,134.0,9.4,7.95,2.91,1.2,0.9,1.03,2.26,0.372,1.14
17HR-277,64.0,66.0,0.005,0.97,39.9,9.6,164.0,15.2,7.18,3.11,1.13,1.3,1.14,1.95,0.317,1.52
17HR-277,64.0,66.0,0.012,0.95,39.6,11.1,179.0,19.0,7.57,3.33,1.18,1.32,1.21,2.05,0.334,1.66
17HR-277,66.0,68.0,0.015,1.43,52.0,7.7,221.0,17.3,7.65,3.33,1.04,1.18,1.23,2.21,0.356,1.98
17HR-277,68.0,70.0,,1.95,64.2,8.6,362.0,34.3,6.61,4.49,0.95,1.36,1.46,1.63,0.321,3.49
17HR-277,70.0,72.0,0.007,1.81,73.3,6.9,467.0,37.7,6.77,3.5,1.07,0.87,1.35,1.74,0.332,2.19
17HR-277,72.0,74.0,0.007,1.9,78.8,7.3,415.0,36.4,7.15,3.54,0.98,0.64,1.35,1.89,0.348,2.28
17HR-277,74.0,76.0,0.006,1.9,78.1,7.0,968.0,40.7,7.03,4.82,0.99,2.0,1.44,1.82,0.405,3.89
17HR-277,76.0,78.0,0.008,1.09,36.4,7.3,161.0,19.1,7.47,4.34,1.14,1.15,1.57,1.82,0.453,2.87
17HR-277,78.0,80.0,,0.3,36.7,7.1,120.0,14.1,6.75,3.35,1.18,0.92,1.24,1.65,0.338,1.49
17HR-277,80.0,82.0,0.008,0.43,47.5,8.1,121.0,21.1,7.24,3.65,1.08,2.1,1.22,2.05,0.424,2.32
17HR-277,82.0,84.0,0.01,0.27,37.6,6.9,132.0,16.1,7.5,3.25,1.09,2.11,1.29,2.14,0.398,1.68
17HR-277,84.0,86.0,,0.28,40.4,6.2,127.0,20.7,6.03,3.23,0.99,6.74,1.0,1.77,0.32,1.83
17HR-277,86.0,88.0,0.008,3.0,35.5,5.8,146.0,25.1,6.15,3.05,0.98,5.09,0.9,1.93,0.297,1.75
17HR-277,88.0,90.0,0.028,2.33,62.1,6.6,313.0,45.3,5.61,3.87,0.94,1.22,0.96,1.51,0.298,2.85
17HR-277,90.0,92.0,0.011,2.25,65.0,6.9,200.0,47.4,6.48,4.15,1.12,0.96,0.97,1.8,0.338,2.86
17HR-277,92.0,94.0,0.007,2.18,62.2,6.1,326.0,43.8,6.07,3.84,0.77,1.76,1.14,1.72,0.304,3.18
17HR-277,94.0,96.0,0.008,1.76,59.6,7.4,178.0,38.6,7.29,3.84,1.07,1.34,1.21,2.13,0.4,2.62
17HR-277,96.0,98.0,0.005,1.32,40.2,7.1,191.0,24.3,6.19,3.05,1.06,4.97,0.69,1.87,0.296,1.4
17HR-277,98.0,100.0,,0.53,45.8,7.1,123.0,20.1,8.04,5.33,2.63,4.05,1.9,1.65,0.62,0.8
17HR-277,100.0,102.0,,0.75,46.8,7.0,169.0,14.6,7.72,4.47,2.29,1.93,1.49,1.79,0.503,0.93
17HR-277,102.0,104.0,0.013,1.74,79.8,7.0,304.0,21.1,6.25,3.22,0.92,1.53,1.2,1.65,0.307,2.01
17HR-277,104.0,106.0,0.012,2.21,67.8,8.0,459.0,35.5,6.57,4.27,1.02,2.13,1.1,1.77,0.335,3.09
17HR-277,106.0,108.0,0.008,2.3,81.2,7.9,667.0,25.3,6.84,3.57,0.98,0.82,1.27,1.83,0.338,2.46
17HR-277,108.0,110.0,0.012,1.89,70.2,6.7,622.0,34.2,6.01,4.0,1.38,7.15,1.3,1.43,0.387,2.38
17HR-277,110.0,112.0,,0.05,49.4,5.6,102.0,19.7,8.61,5.74,3.46,6.11,2.67,1.36,0.818,0.29
17HR-277,112.0,114.0,,0.05,48.0,5.7,96.0,11.4,8.0,6.85,3.77,5.31,2.05,1.34,0.771,0.25
17HR-277,114.0,116.0,,0.06,53.5,6.0,112.0,21.2,8.43,6.45,4.16,5.43,2.01,1.51,0.847,0.39
17HR-277,116.0,118.0,0.005,0.28,39.9,8.1,188.0,16.6,7.21,3.63,1.37,4.19,1.56,1.84,0.379,1.79
17HR-277,118.0,120.0,,0.29,33.7,7.9,161.0,13.9,7.19,3.7,1.15,4.22,1.21,1.99,0.347,2.26
17HR-277,120.0,122.0,,0.31,38.3,8.9,169.0,14.7,7.57,4.13,1.26,3.59,1.51,1.99,0.409,2.71
17HR-277,122.0,124.0,0.006,0.21,40.9,8.3,151.0,32.5,7.41,4.6,1.83,7.56,1.27,1.94,0.481,2.0
17HR-277,124.0,126.0,0.007,1.17,42.2,10.4,227.0,23.5,7.22,4.39,1.44,3.22,1.22,2.04,0.375,2.83
17HR-277,126.0,128.0,0.006,11.0,67.9,9.0,157.0,20.2,7.3,4.84,2.11,2.53,1.53,1.67,0.49,1.32
17HR-277,128.0,130.0,,0.33,39.7,9.2,177.0,16.3,7.65,3.79,1.55,3.62,1.36,2.17,0.443,1.96
17HR-277,130.0,132.0,0.008,0.26,25.3,7.3,142.0,11.9,5.24,2.81,0.9,12.15,0.86,1.71,0.283,2.31
17HR-277,132.0,134.0,,0.28,37.1,8.7,191.0,16.2,7.05,3.54,1.08,7.85,1.34,2.22,0.371,2.98
17HR-277,134.0,136.0,,0.26,29.2,8.6,185.0,15.4,6.86,3.46,1.06,4.19,1.25,2.2,0.34,2.98
17HR-277,136.0,138.0,0.005,0.29,30.5,7.1,204.0,12.5,6.2,3.0,0.88,10.45,1.15,2.07,0.305,2.81
17HR-277,138.0,140.0,0.006,0.24,29.3,8.8,185.0,12.6,6.41,4.13,0.82,8.85,1.05,2.24,0.318,4.27
17HR-277,140.0,142.0,,0.22,22.2,9.4,176.0,13.9,6.27,3.2,0.96,8.11,0.95,2.28,0.29,2.99
17HR-277,142.0,144.0,,0.25,26.0,17.7,189.0,23.0,7.07,3.45,0.94,6.13,0.96,2.53,0.299,3.19
17HR-277,144.0,146.0,,0.25,25.5,15.9,177.0,39.5,7.16,4.0,1.04,7.27,0.88,2.62,0.318,3.26
17HR-277,146.0,148.0,,0.18,20.5,11.7,153.0,53.9,6.37,3.88,1.06,8.42,0.71,2.4,0.268,3.08
17HR-277,148.0,150.0,0.009,0.28,33.6,14.3,220.0,55.1,6.72,4.42,0.91,4.73,0.94,2.48,0.327,4.13
17HR-277,150.0,152.0,,0.25,22.8,13.9,189.0,37.6,7.35,3.73,0.86,5.23,1.2,2.74,0.334,3.66
17HR-277,152.0,154.0,0.005,0.22,19.3,15.6,146.0,18.8,7.05,3.44,0.92,9.15,1.25,2.56,0.334,3.28
17HR-277,152.0,154.0,0.007,0.22,19.0,15.6,156.0,18.8,7.15,3.46,0.88,8.6,1.26,2.63,0.34,3.38
17HR-277,154.0,156.0,,0.23,24.7,14.9,139.0,16.2,7.42,4.44,1.0,3.59,1.26,2.75,0.35,4.27
17HR-277,156.0,158.0,,0.21,24.6,14.1,176.0,28.0,6.71,4.1,1.01,4.25,0.98,2.67,0.304,3.56
17HR-277,158.0,160.0,0.006,0.28,26.5,18.7,169.0,52.5,7.78,5.12,1.14,6.47,0.76,3.32,0.383,4.58
17HR-277,160.0,162.0,,0.34,24.2,35.7,203.0,43.5,8.7,5.34,1.15,3.51,0.7,3.67,0.436,4.49
17HR-277,162.0,164.0,,1.11,25.1,136.0,464.0,48.0,8.31,5.42,1.21,4.58,0.51,3.51,0.373,4.29
17HR-277,164.0,166.0,,0.73,24.9,90.0,511.0,45.1,6.94,3.57,1.05,6.54,0.69,2.74,0.316,3.12
17HR-277,166.0,168.0,,0.31,26.2,17.1,208.0,50.9,7.22,3.64,0.92,5.67,1.29,2.67,0.341,3.54
17HR-277,168.0,170.0,0.01,0.31,24.7,31.0,203.0,50.6,7.75,3.89,0.84,4.03,1.11,3.09,0.368,3.94
17HR-277,170.0,172.0,,0.36,21.3,56.1,163.0,51.0,8.2,4.51,0.99,5.0,0.76,3.35,0.364,4.33
17HR-277,172.0,174.0,,1.45,23.6,131.5,1100.0,54.6,7.15,3.93,1.06,7.48,0.32,3.06,0.313,3.29
17HR-277,174.0,176.0,,2.17,28.5,135.0,445.0,81.2,7.89,4.17,1.02,5.48,0.6,3.34,0.382,4.03
17HR-277,176.0,178.0,,0.38,20.2,38.2,157.0,57.6,6.16,3.26,0.8,6.36,0.88,2.3,0.286,3.05
17HR-277,178.0,180.0,0.008,0.3,28.0,24.5,192.0,73.3,6.89,4.12,0.88,5.23,1.07,2.6,0.342,4.03
17HR-277,180.0,182.0,0.01,0.74,29.0,10.1,192.0,42.2,6.86,3.36,0.92,5.44,0.94,2.51,0.339,2.78
17HR-277,182.0,184.0,0.007,1.14,28.9,10.5,162.0,25.6,6.61,3.44,0.92,7.0,0.99,2.33,0.308,2.99
17HR-277,184.0,186.0,,0.24,26.0,15.2,160.0,49.6,7.2,4.94,1.02,5.93,1.18,2.69,0.34,4.25
17HR-277,186.0,188.0,,0.22,21.5,15.7,136.0,26.2,6.77,3.97,0.92,4.94,1.13,2.65,0.334,3.48
17HR-277,188.0,190.0,,0.26,22.6,17.4,154.0,16.7,6.54,4.04,0.78,4.32,1.08,2.45,0.313,3.95
17HR-277,190.0,192.0,,0.21,23.7,17.6,151.0,54.5,7.78,4.79,1.01,4.93,1.23,3.18,0.395,3.96
17HR-277,192.0,194.0,,0.22,23.9,22.1,156.0,49.0,8.38,4.9,1.03,3.06,1.26,3.22,0.393,3.75
17HR-277,194.0,196.0,0.008,0.18,19.8,22.0,113.0,37.4,8.71,3.8,1.09,2.61,2.05,2.81,0.49,1.08
17HR-277,196.0,198.0,,0.14,20.5,16.1,58.0,32.7,7.66,4.66,1.18,3.72,2.42,1.63,0.458,0.42
17HR-277,198.0,200.0,,0.11,27.6,13.9,75.0,41.8,7.42,6.36,1.48,3.99,1.41,1.67,0.54,0.2
17HR-277,200.0,202.0,,0.14,29.6,17.2,82.0,43.0,7.53,6.95,1.49,4.88,1.1,2.05,0.562,0.59
17HR-277,202.0,204.0,0.005,0.11,20.4,14.5,78.0,42.8,7.88,4.98,1.1,5.49,1.08,2.71,0.475,0.72
17HR-277,204.0,206.0,,0.1,19.1,12.5,70.0,30.0,6.56,4.63,0.93,9.05,1.01,2.26,0.444,0.55
17HR-277,206.0,208.0,0.005,0.09,18.8,12.0,95.0,31.0,6.63,5.02,0.99,9.59,0.93,2.3,0.447,0.57
17HR-277,208.0,210.0,,0.12,20.9,13.2,99.0,38.7,6.87,4.91,0.95,8.13,0.91,2.67,0.459,0.87
17HR-277,210.0,212.0,,0.11,21.9,16.0,109.0,49.9,8.4,4.93,1.05,3.52,0.57,4.14,0.491,0.92
17HR-277,212.0,214.0,,0.14,25.4,10.7,88.0,28.3,7.3,5.28,1.04,4.27,0.67,3.62,0.505,0.66
17HR-277,214.0,216.0,,0.16,29.1,12.8,103.0,24.3,7.12,2.79,0.65,3.58,0.32,5.2,0.534,0.63
17HR-277,216.0,218.0,,0.17,26.3,12.2,74.0,36.5,7.87,2.53,0.62,4.19,0.38,5.59,0.571,0.88
17HR-277,218.0,220.0,0.008,0.29,29.9,15.1,171.0,79.9,7.82,3.3,0.48,1.84,0.24,5.01,0.505,2.37
17HR-277,220.0,222.0,0.007,0.3,31.3,21.5,254.0,55.0,8.13,2.9,0.34,1.85,0.26,4.85,0.405,2.35
17HR-277,222.0,224.0,,0.14,25.0,16.0,174.0,11.8,8.85,2.45,0.36,1.18,0.62,4.57,0.36,1.78
17HR-277,224.0,226.0,,0.18,33.1,14.9,426.0,33.1,9.09,3.21,0.5,1.44,0.49,4.76,0.354,2.24
17HR-277,226.0,228.0,0.005,0.17,26.7,10.4,636.0,23.1,8.39,3.32,0.55,1.84,0.5,5.06,0.34,1.57
17HR-277,228.0,230.0,0.005,0.17,27.5,13.9,57.0,33.2,8.21,3.33,0.43,1.48,0.48,4.8,0.332,2.15
17HR-277,230.0,232.0,0.005,0.51,54.7,20.9,329.0,37.9,8.59,3.98,0.52,0.92,0.49,4.5,0.335,2.9
17HR-277,232.0,234.0,,0.19,39.6,8.7,90.0,33.1,8.84,3.26,0.77,1.36,0.37,5.27,0.342,1.11
17HR-277,234.0,236.0,0.005,0.35,25.0,19.6,132.0,29.4,8.44,3.33,0.55,1.68,0.33,4.87,0.334,2.28
17HR-277,236.0,238.0,,0.21,28.5,16.3,130.0,23.1,8.1,2.85,0.51,2.06,0.64,4.77,0.333,1.62
17HR-277,238.0,240.0,,0.07,33.3,17.8,74.0,18.1,8.8,3.48,0.5,2.02,0.84,5.17,0.35,2.22
17HR-277,240.0,242.0,,0.12,28.0,19.6,57.0,28.5,8.03,3.78,0.49,2.51,0.88,5.02,0.336,2.76
17HR-277,240.0,242.0,0.006,0.09,24.5,16.8,54.0,26.4,7.83,3.51,0.5,2.47,0.9,4.51,0.329,2.45
17HR-277,242.0,244.0,,0.14,24.1,27.0,64.0,46.4,8.51,4.84,0.58,2.26,0.98,5.12,0.354,3.57
17HR-277,244.0,246.0,,0.53,67.2,14.9,48.0,24.2,7.4,2.85,0.43,3.38,0.37,5.23,0.312,1.55
17HR-277,246.0,248.0,0.006,0.1,30.1,9.3,50.0,36.3,7.53,3.8,0.59,4.56,0.18,5.14,0.318,0.67
17HR-277,248.0,250.0,0.007,0.2,24.4,14.6,81.0,30.0,8.61,3.9,1.06,3.27,0.41,4.69,0.356,0.67
17HR-277,250.0,252.0,,0.08,25.4,10.0,94.0,14.0,8.69,3.87,1.33,3.97,0.41,4.84,0.353,0.25
17HR-277,252.0,254.0,,0.19,22.5,29.5,66.0,32.7,8.36,3.55,0.76,4.8,0.91,5.52,0.361,1.89
17HR-277,254.0,256.0,,0.2,27.3,39.1,65.0,33.7,8.21,3.65,0.76,3.66,1.11,5.03,0.364,2.41
17HR-277,256.0,258.0,,0.17,25.0,33.8,81.0,27.8,8.01,3.05,0.84,4.45,0.92,4.81,0.337,1.3
17HR-277,258.0,260.0,0.005,0.14,27.0,29.3,109.0,20.9,8.23,3.31,0.97,5.04,0.5,4.46,0.333,0.81
17HR-277,260.0,262.0,0.005,0.22,41.1,27.7,107.0,20.6,8.6,3.1,0.88,3.96,1.29,4.49,0.364,0.81
17HR-277,262.0,264.0,,0.08,20.8,16.2,84.0,8.0,7.76,3.94,0.83,4.85,1.27,4.0,0.33,0.39
17HR-277,264.0,266.0,,0.13,40.0,14.2,81.0,10.4,7.73,4.12,0.7,3.95,1.54,4.7,0.358,0.57
17HR-277,266.0,268.0,0.005,0.19,48.1,22.6,77.0,12.8,7.82,3.61,0.58,4.66,0.98,4.96,0.348,1.06
17HR-277,268.0,270.0,,0.08,31.2,12.3,97.0,9.9,7.49,4.51,1.14,4.53,1.17,4.59,0.323,0.29
17HR-277,270.0,272.0,,0.23,24.4,24.3,69.0,14.1,7.28,4.25,0.82,5.26,0.71,5.51,0.318,0.65
17HR-277,272.0,274.0,,0.1,19.0,11.0,73.0,12.5,7.61,4.24,1.01,4.71,0.91,5.16,0.332,0.27
17HR-277,274.0,276.0,,0.09,16.5,11.1,78.0,11.5,8.11,4.01,0.79,3.18,1.33,4.59,0.353,0.31
17HR-277,276.0,278.0,,0.17,18.8,24.0,72.0,14.4,7.37,3.61,0.68,4.44,1.46,4.21,0.335,0.46
17HR-277,278.0,280.0,,0.08,25.3,8.9,86.0,7.5,8.15,4.2,0.76,4.04,1.88,4.64,0.355,0.1
17HR-277,280.0,282.0,0.007,0.11,45.3,8.4,96.0,2.2,7.68,4.62,0.64,4.71,2.3,4.5,0.342,0.04
17HR-277,282.0,284.0,,0.16,38.2,15.9,110.0,3.4,7.8,4.45,0.71,4.88,2.35,4.03,0.336,0.03
17HR-277,284.0,286.0,,0.08,19.9,9.4,80.0,2.0,7.71,4.08,0.65,4.52,2.14,4.13,0.334,0.01
17HR-277,286.0,288.0,,0.1,25.5,10.8,84.0,3.3,7.75,3.86,0.64,3.82,2.02,5.18,0.361,0.03
17HR-277,288.0,290.0,,0.17,30.7,14.9,77.0,9.9,7.71,3.96,0.63,4.86,1.8,4.88,0.344,0.31
17HR-277,290.0,292.0,,0.21,29.9,19.3,84.0,10.2,8.5,4.36,0.71,3.15,1.28,5.36,0.376,0.07
17HR-277,292.0,294.0,0.01,0.1,26.2,5.1,82.0,8.8,7.09,3.71,0.54,4.27,2.45,4.09,0.334,0.03
17HR-277,294.0,296.0,,0.09,47.2,5.6,71.0,11.0,7.64,4.29,0.63,4.82,1.89,4.23,0.344,0.07
17HR-277,296.0,298.0,,0.26,30.2,12.5,77.0,10.2,7.94,3.77,0.64,3.29,2.73,4.48,0.363,0.03
17HR-277,298.0,300.0,0.012,1.15,31.1,12.1,91.0,307.0,8.33,4.43,0.75,3.67,2.14,3.61,0.361,0.11
17HR-277,300.0,302.0,,2.29,38.0,5.5,77.0,14.3,7.35,4.13,0.73,4.7,2.44,3.23,0.343,0.5
17HR-277,302.0,304.0,,1.92,37.6,5.8,82.0,15.1,8.1,4.44,0.79,3.88,1.82,3.88,0.356,0.09
17HR-277,304.0,306.0,0.018,1.46,39.6,15.0,85.0,191.0,7.52,4.16,0.87,5.01,0.69,3.92,0.322,0.35
17HR-277,306.0,308.0,,0.11,20.0,18.6,92.0,13.6,6.57,4.03,1.27,4.38,0.97,3.16,0.263,0.03
17HR-277,308.0,310.0,,0.11,21.7,19.2,91.0,12.0,6.97,4.19,1.42,6.0,0.66,3.69,0.297,0.03
17HR-277,310.0,312.0,0.005,2.7,112.0,135.0,117.0,15.1,8.07,4.63,1.26,4.67,0.18,3.7,0.322,0.1
17HR-277,312.0,314.0,0.006,0.5,31.7,37.9,143.0,150.0,7.01,4.15,1.08,5.53,0.11,3.06,0.282,0.19
17HR-277,314.0,316.0,,0.99,26.2,24.3,78.0,18.5,7.0,4.2,1.23,5.82,0.4,3.53,0.296,0.27
17HR-277,316.0,318.0,,1.65,35.8,9.8,93.0,17.4,7.14,4.49,1.03,7.05,0.37,3.4,0.289,0.1
17HR-277,318.0,320.0,,0.41,22.8,9.4,97.0,16.6,7.02,4.53,1.29,4.98,0.72,3.81,0.313,0.03
17HR-277,320.0,322.0,0.014,0.53,20.2,14.8,91.0,417.0,7.2,4.17,0.98,7.03,0.42,3.74,0.297,0.13
17HR-277,322.0,324.0,,0.48,22.5,12.4,82.0,12.3,7.2,3.97,0.77,8.16,0.47,3.56,0.298,0.04
17HR-277,324.0,326.0,0.005,2.02,86.5,7.9,92.0,10.6,6.29,3.65,1.14,7.58,0.06,2.99,0.238,0.16
17HR-277,326.0,328.0,,0.82,23.5,34.8,99.0,11.0,6.95,3.75,1.48,8.2,0.07,3.27,0.259,0.09
17HR-277,328.0,330.0,,0.53,18.6,13.8,93.0,17.4,7.34,3.8,1.23,6.24,0.16,3.55,0.289,0.16
17HR-277,328.0,330.0,0.147,1.1,25.6,90.6,96.0,82.8,7.73,4.22,1.23,6.55,0.13,3.71,0.307,0.52
17HR-277,330.0,332.0,,0.17,17.6,19.9,99.0,10.2,7.4,3.99,1.55,9.0,1.11,3.34,0.281,0.04
17HR-277,332.0,334.0,,0.29,26.8,26.1,100.0,10.2,7.58,4.0,1.39,7.38,1.32,3.71,0.289,0.07
17HR-277,334.0,336.0,,0.55,37.1,18.5,104.0,7.4,7.48,4.0,0.86,4.38,1.22,4.19,0.337,0.04
17HR-277,336.0,338.0,,0.22,28.0,18.3,91.0,9.0,7.65,4.47,1.1,5.49,0.82,4.0,0.306,0.03
17HR-277,338.0,340.0,,0.09,22.2,16.1,96.0,3.5,7.11,4.21,1.25,5.67,1.12,4.02,0.308,0.02
17HR-277,340.0,342.0,,0.1,19.6,19.1,100.0,2.9,7.17,4.32,1.42,9.3,0.85,3.42,0.269,0.03
17HR-277,342.0,344.0,,0.14,19.6,21.4,93.0,2.3,7.58,4.28,1.31,6.64,1.42,3.98,0.308,0.03
17HR-277,344.0,346.0,,0.16,21.0,18.0,99.0,2.7,7.49,4.28,1.32,8.7,1.19,3.58,0.283,0.03
17HR-277,346.0,348.0,,0.15,26.1,16.1,98.0,1.5,7.34,4.57,1.21,5.38,1.62,3.82,0.325,0.01
17HR-277,348.0,350.0,,0.13,23.1,20.9,84.0,3.2,7.86,4.27,1.3,6.12,0.86,3.79,0.32,0.05
17HR-277,350.0,352.0,,0.08,33.4,7.5,96.0,2.4,7.97,4.71,1.53,4.43,1.53,3.81,0.343,0.03
17HR-277,352.0,354.0,,0.11,22.9,15.7,97.0,3.7,7.73,4.59,1.45,4.71,1.14,3.8,0.331,0.1
17HR-277,354.0,356.0,,0.15,23.4,13.8,84.0,3.4,7.8,4.19,1.89,7.26,1.19,3.28,0.368,0.13
17HR-277,356.0,358.0,,0.13,44.2,10.6,112.0,3.6,8.81,6.42,3.65,5.11,0.42,3.2,0.658,0.27
17HR-277,358.0,360.0,,0.07,26.8,12.0,81.0,5.1,7.34,4.34,1.25,5.35,1.02,3.9,0.353,0.11
17HR-277,360.0,362.0,,0.04,27.1,9.9,84.0,2.8,7.45,4.65,1.4,4.23,1.67,3.97,0.327,0.02
17HR-277,362.0,364.0,,0.18,39.4,18.2,86.0,7.7,7.34,4.18,1.43,4.22,1.21,3.83,0.326,0.2
17HR-277,364.0,366.0,,0.39,43.3,8.7,85.0,11.8,7.6,4.52,1.38,4.23,0.38,3.8,0.324,0.18
17HR-277,366.0,368.0,,0.11,25.2,17.0,86.0,6.3,7.53,4.22,1.59,5.07,1.18,3.51,0.307,0.14
17HR-277,368.0,370.0,,0.12,30.8,17.1,92.0,5.3,6.97,4.46,1.45,4.98,1.39,3.98,0.317,0.1
17HR-277,370.0,372.0,,0.08,26.1,16.9,88.0,3.6,6.88,4.39,1.3,4.05,1.3,4.08,0.311,0.03
17HR-277,372.0,374.0,,0.08,27.7,17.4,101.0,3.9,7.0,4.49,1.4,5.0,1.33,3.94,0.316,0.04
17HR-277,374.0,376.0,,0.14,28.3,27.3,113.0,9.5,7.21,4.66,1.66,5.96,1.62,3.15,0.308,0.43
17HR-277,376.0,378.0,,0.07,22.9,12.3,79.0,4.2,6.76,4.31,1.21,3.91,1.7,3.84,0.326,0.05
17HR-277,378.0,380.0,,0.05,23.3,13.4,95.0,4.8,7.06,4.28,1.45,4.63,1.53,3.67,0.307,0.05
17HR-277,380.0,382.0,,0.11,27.4,21.4,92.0,3.7,6.51,4.27,1.34,4.49,1.54,3.85,0.311,0.09
17HR-277,382.0,384.0,,0.07,21.8,14.1,96.0,4.2,7.19,4.68,1.33,4.21,1.76,3.89,0.33,0.07
17HR-277,384.0,386.0,,0.05,24.6,12.7,91.0,2.6,7.2,4.46,1.15,4.32,1.96,3.85,0.323,0.03
17HR-277,386.0,388.0,,0.09,26.5,20.4,85.0,4.4,7.04,4.25,1.07,4.61,1.8,3.52,0.308,0.27
17HR-277,388.0,390.0,,0.07,24.0,14.8,85.0,4.3,6.63,4.2,1.24,5.03,1.58,3.61,0.307,0.05
17HR-277,390.0,392.0,,0.07,26.1,14.6,82.0,11.6,7.0,4.29,1.41,5.68,1.24,3.74,0.299,0.14
17HR-277,392.0,394.0,,0.07,25.0,14.6,79.0,3.6,6.7,4.11,1.34,4.29,1.56,3.81,0.303,0.06
17HR-277,394.0,396.0,,0.06,26.6,16.7,80.0,3.6,6.9,4.24,1.24,5.55,1.53,4.04,0.312,0.03
17HR-277,396.0,398.0,,0.11,29.9,25.5,76.0,4.1,6.8,3.8,1.37,6.2,1.35,3.66,0.28,0.08
17HR-277,398.0,400.0,0.008,0.07,22.5,13.5,80.0,9.3,6.7,4.18,1.21,5.1,1.62,3.7,0.305,0.06
17HR-277,400.0,402.0,,0.11,31.0,13.4,80.0,6.0,6.56,3.99,1.42,4.93,1.54,3.33,0.28,0.11
17HR-277,402.0,404.0,,0.06,28.7,14.6,70.0,2.4,6.34,3.94,1.0,5.48,1.59,3.34,0.286,0.04
17HR-277,404.0,405.0,,0.06,25.9,14.4,82.0,3.5,6.74,4.08,1.28,4.45,2.01,3.37,0.312,0.03
17HR-278,6.0,8.0,,0.07,33.4,7.3,141.0,140.0,8.83,7.59,1.66,2.96,1.88,1.92,0.577,1.62
17HR-278,8.0,10.0,,0.49,106.5,65.0,200.0,94.9,8.19,6.5,1.76,4.42,1.96,1.31,0.528,0.33
17HR-278,10.0,12.0,0.006,0.13,17.0,7.9,106.0,69.3,8.03,7.25,2.57,5.79,1.96,0.62,0.512,0.2
17HR-278,12.0,14.0,0.006,1.65,206.0,184.5,160.0,168.5,7.54,7.52,1.75,5.75,2.26,0.86,0.473,2.31
17HR-278,14.0,16.0,,0.11,17.9,6.2,112.0,34.5,8.48,7.55,2.74,5.58,2.1,0.41,0.556,0.01
17HR-278,16.0,18.0,,0.1,27.7,7.9,106.0,50.7,8.12,6.52,1.83,6.23,2.26,0.63,0.512,0.02
17HR-278,18.0,20.0,,0.06,25.2,7.1,110.0,66.7,8.48,7.29,2.05,5.74,2.37,0.57,0.524,0.19
17HR-278,20.0,22.0,,0.04,21.3,5.5,137.0,51.6,8.07,7.06,2.3,5.99,2.18,0.4,0.507,0.15
17HR-278,22.0,24.0,,0.05,29.8,4.9,100.0,58.7,8.25,7.09,1.99,7.63,1.81,0.44,0.499,0.19
17HR-278,24.0,26.0,,0.06,26.9,4.7,115.0,61.0,8.66,7.81,2.42,7.14,2.04,0.57,0.535,0.02
17HR-278,26.0,28.0,,0.06,34.0,6.1,119.0,33.6,8.23,7.35,2.34,6.63,1.91,0.68,0.5,0.04
17HR-278,28.0,30.0,,0.06,49.6,6.0,109.0,34.2,7.83,6.65,2.26,9.03,1.58,0.64,0.474,0.05
17HR-278,30.0,32.0,,0.06,27.3,4.1,107.0,37.4,8.53,7.6,2.41,6.89,2.14,0.67,0.533,0.02
17HR-278,32.0,34.0,,0.07,43.6,5.1,109.0,72.6,8.45,7.5,2.4,6.93,2.16,0.55,0.527,
17HR-278,34.0,36.0,,0.07,28.2,5.7,97.0,113.5,8.26,7.56,2.27,6.82,2.03,0.52,0.519,0.12
17HR-278,34.0,36.0,,0.07,23.6,5.8,99.0,103.0,8.59,7.63,2.42,6.92,2.07,0.54,0.527,0.14
17HR-278,36.0,38.0,0.005,0.08,32.3,9.4,104.0,90.6,8.28,7.56,2.43,6.76,2.24,0.41,0.517,0.1
17HR-278,38.0,40.0,,0.05,23.6,4.5,108.0,31.9,8.37,7.4,2.56,6.73,2.1,0.54,0.536,
17HR-278,40.0,42.0,,0.04,31.8,6.0,106.0,47.0,8.75,7.7,2.52,6.83,2.28,0.47,0.532,0.02
17HR-278,42.0,44.0,,0.04,23.3,6.4,119.0,37.1,8.16,7.16,2.7,7.77,2.02,0.23,0.508,0.06
17HR-278,44.0,46.0,,0.07,36.7,8.2,112.0,27.9,8.22,7.25,2.56,6.18,2.26,0.4,0.541,0.1
17HR-278,46.0,48.0,,0.04,36.3,7.4,115.0,26.0,9.03,7.24,2.63,6.96,2.21,0.39,0.523,0.09
17HR-278,48.0,50.0,,0.08,29.5,9.5,121.0,35.5,8.75,7.24,1.98,8.4,1.68,1.16,0.486,1.01
17HR-278,50.0,52.0,,0.27,54.4,26.2,98.0,698.0,7.77,6.68,1.57,9.72,1.15,1.96,0.432,3.58
17HR-278,52.0,54.0,,0.05,18.1,5.0,79.0,24.5,8.18,6.32,1.42,6.47,0.82,2.27,0.428,0.7
17HR-278,54.0,56.0,,0.02,12.8,3.3,90.0,18.2,8.68,6.33,1.51,7.94,0.77,2.48,0.42,0.06
17HR-278,56.0,58.0,,0.26,33.3,6.4,138.0,76.7,9.32,6.72,1.74,3.73,0.55,2.72,0.423,0.59
17HR-278,58.0,60.0,0.008,0.52,25.1,11.0,118.0,89.8,9.62,6.26,1.55,2.76,0.83,2.79,0.449,1.13
17HR-278,60.0,62.0,,0.11,17.4,4.9,135.0,15.6,8.77,6.56,1.87,5.45,0.57,2.43,0.486,0.55
17HR-278,62.0,64.0,0.013,0.63,34.3,17.4,96.0,138.5,10.1,6.99,1.25,2.72,0.75,3.38,0.552,3.73
17HR-278,64.0,66.0,0.006,0.48,33.5,7.2,136.0,42.3,8.58,6.96,1.91,3.65,0.64,2.15,0.466,0.88
17HR-278,66.0,68.0,,0.19,29.3,4.4,150.0,14.5,9.01,6.82,2.21,6.11,0.71,1.99,0.458,0.09
17HR-278,68.0,70.0,,0.19,17.3,4.8,133.0,10.4,8.49,6.38,1.93,7.32,0.5,2.0,0.439,0.02
17HR-278,70.0,72.0,,0.11,30.8,6.1,157.0,18.3,8.76,7.43,2.13,5.15,0.5,1.99,0.449,0.21
17HR-278,72.0,74.0,,0.14,32.5,7.5,138.0,25.5,8.53,6.57,2.1,6.98,0.41,2.04,0.427,0.45
17HR-278,74.0,76.0,0.006,0.17,26.9,5.3,100.0,10.5,8.33,5.2,1.58,6.07,0.29,2.2,0.36,0.01
17HR-278,76.0,78.0,0.006,0.2,48.5,7.9,103.0,38.6,8.16,5.19,1.47,5.19,0.3,2.57,0.386,0.51
17HR-278,78.0,80.0,,0.03,15.0,7.4,98.0,9.8,7.5,4.66,1.54,7.28,0.3,2.24,0.33,0.02
17HR-278,80.0,82.0,,0.02,6.2,7.0,88.0,16.3,8.07,4.88,1.73,5.22,0.37,2.28,0.342,0.05
17HR-278,82.0,84.0,,0.19,72.9,7.7,73.0,13.4,6.89,3.93,1.83,11.4,0.29,1.85,0.299,0.18
17HR-278,84.0,86.0,,0.06,24.3,7.0,73.0,6.8,6.92,4.23,1.6,10.8,0.27,1.88,0.302,0.04
17HR-278,86.0,88.0,,0.06,28.9,7.1,80.0,6.4,7.79,3.84,1.85,8.12,0.35,2.03,0.321,0.04
17HR-278,88.0,90.0,,0.07,35.3,6.8,80.0,6.9,7.48,4.44,1.67,5.44,0.31,1.92,0.321,0.03
17HR-278,90.0,92.0,0.024,0.21,2.5,9.4,91.0,28.6,8.22,5.33,1.8,4.94,0.33,2.31,0.365,0.77
17HR-278,92.0,94.0,,0.19,93.2,10.3,115.0,7.4,7.98,5.48,1.79,4.88,0.34,2.47,0.407,0.05
17HR-278,94.0,96.0,,0.01,3.8,11.9,117.0,6.3,8.16,5.6,1.77,5.25,0.37,2.51,0.391,0.01
17HR-278,96.0,98.0,,0.06,28.8,15.5,113.0,5.8,7.77,5.3,2.18,9.3,0.33,1.89,0.353,0.01
17HR-278,98.0,100.0,,0.22,38.4,8.6,102.0,3.8,7.18,4.35,2.11,8.15,0.39,1.54,0.305,0.01
17HR-278,100.0,102.0,,0.14,25.2,7.3,111.0,3.5,8.28,4.84,2.09,4.77,0.38,2.21,0.378,0.02
17HR-278,102.0,104.0,,0.19,45.9,7.1,107.0,7.7,8.63,4.93,1.76,3.78,0.33,2.61,0.414,0.01
17HR-278,104.0,106.0,,0.08,7.5,7.8,107.0,3.1,8.48,4.91,1.89,4.58,0.36,2.19,0.368,
17HR-278,106.0,108.0,,0.04,9.9,6.6,106.0,4.6,8.37,5.86,1.91,6.69,0.25,2.21,0.375,0.01
17HR-278,108.0,110.0,,0.22,34.9,7.4,85.0,4.7,7.65,4.54,1.57,6.17,0.23,2.24,0.354,0.05
17HR-278,110.0,112.0,,0.17,61.2,8.8,87.0,16.6,7.06,4.67,1.87,7.36,0.27,1.8,0.349,0.5
17HR-278,112.0,114.0,,0.28,60.2,16.1,82.0,65.6,7.78,6.8,2.05,7.11,0.38,2.25,0.442,3.85
17HR-278,114.0,116.0,,0.11,42.5,5.6,95.0,14.1,8.25,6.14,2.72,6.86,0.34,1.9,0.451,0.39
17HR-278,116.0,118.0,,0.03,32.8,3.8,87.0,8.2,7.91,6.26,2.37,7.85,0.43,1.82,0.437,0.17
17HR-278,118.0,120.0,,0.1,62.8,5.1,103.0,11.8,8.23,6.93,2.36,6.35,2.23,0.57,0.464,0.01
17HR-278,120.0,122.0,,0.06,52.7,4.9,115.0,6.8,7.76,6.16,1.91,7.51,0.85,1.87,0.457,0.32
17HR-278,122.0,124.0,,0.09,36.6,9.4,106.0,35.7,7.91,6.24,2.47,6.83,0.41,2.09,0.434,1.15
17HR-278,122.0,124.0,,0.08,37.8,9.1,106.0,33.3,8.56,6.4,2.55,6.76,0.42,2.16,0.434,1.22
17HR-278,124.0,126.0,,0.12,43.7,11.2,89.0,86.5,8.29,5.78,2.41,6.66,0.5,2.28,0.436,0.87
17HR-278,126.0,128.0,,0.18,43.8,16.4,98.0,101.0,8.31,6.43,2.05,6.35,0.49,2.34,0.422,1.69
17HR-278,128.0,130.0,,0.2,54.7,10.2,128.0,63.8,8.61,5.81,1.8,4.74,0.24,2.39,0.381,0.49
17HR-278,130.0,132.0,0.022,0.53,28.0,10.7,87.0,489.0,7.53,4.86,1.13,5.96,0.13,2.52,0.37,1.55
17HR-278,132.0,134.0,0.011,0.39,44.0,14.8,88.0,234.0,7.83,4.86,1.07,6.68,0.32,2.62,0.385,1.71
17HR-278,134.0,136.0,0.015,1.64,56.3,103.0,229.0,1140.0,8.09,6.23,0.62,1.34,0.18,2.93,0.304,5.69
17HR-278,136.0,138.0,,0.14,49.5,13.5,91.0,118.5,7.68,4.44,1.05,3.36,0.15,2.81,0.409,1.65
17HR-278,138.0,140.0,,0.47,55.5,33.7,16.0,721.0,6.04,6.7,0.29,2.73,0.15,2.98,0.381,7.35
17HR-278,140.0,142.0,0.114,2.21,96.2,80.4,493.0,3340.0,5.85,11.0,0.28,1.85,0.12,2.69,0.34,
17HR-278,142.0,144.0,,0.32,50.1,12.4,140.0,381.0,6.98,4.64,0.72,4.98,0.14,2.84,0.4,3.35
17HR-278,144.0,146.0,,0.25,33.2,20.5,98.0,531.0,6.91,5.33,0.83,3.98,0.13,2.5,0.37,3.43
17HR-278,146.0,148.0,,0.11,50.9,11.0,100.0,393.0,7.61,5.87,1.27,4.66,0.18,2.62,0.408,2.43
17HR-278,148.0,150.0,,0.04,57.6,3.7,84.0,67.7,7.62,4.55,1.19,7.06,0.33,2.73,0.412,0.48
17HR-278,150.0,152.0,,0.02,24.5,2.8,87.0,16.4,7.79,4.98,1.63,7.09,1.23,2.15,0.409,0.19
17HR-278,152.0,154.0,,0.03,68.4,3.8,100.0,48.6,7.83,5.01,1.79,6.65,1.73,1.71,0.407,0.45
17HR-278,154.0,156.0,,0.06,78.7,6.6,91.0,73.4,7.73,5.44,1.9,4.88,1.87,1.74,0.421,0.71
17HR-278,156.0,158.0,,0.16,54.2,10.5,82.0,85.7,7.98,5.47,1.66,5.53,2.19,1.67,0.405,0.86
17HR-278,158.0,160.0,,0.02,32.5,5.3,80.0,16.1,8.07,5.12,2.17,6.08,3.39,0.68,0.409,0.06
17HR-278,160.0,162.0,,0.03,23.6,4.7,82.0,15.9,7.94,5.4,2.45,5.21,3.05,0.78,0.404,0.02
17HR-278,162.0,164.0,,0.02,51.3,4.6,105.0,22.4,8.32,5.0,2.15,6.18,2.75,1.42,0.421,0.08
17HR-278,164.0,166.0,,0.25,42.9,7.2,100.0,31.9,8.03,4.79,1.95,6.15,2.33,1.58,0.429,0.25
17HR-278,166.0,168.0,0.016,0.63,68.6,9.7,91.0,228.0,7.55,5.57,1.95,5.96,1.15,1.83,0.378,1.4
17HR-278,168.0,170.0,0.008,0.31,52.0,7.4,72.0,63.0,7.74,4.4,1.26,5.19,0.25,3.13,0.367,0.99
17HR-278,170.0,172.0,,0.03,9.8,5.2,82.0,14.8,7.67,4.62,1.33,4.78,0.66,3.08,0.388,0.06
17HR-278,172.0,174.0,,0.02,6.2,3.3,85.0,17.7,7.78,4.62,1.33,3.4,1.14,2.83,0.381,0.03
17HR-278,174.0,176.0,,0.02,21.9,3.6,77.0,13.8,7.91,4.24,1.41,6.19,1.33,2.65,0.369,0.06
17HR-278,176.0,178.0,,0.03,29.3,3.5,74.0,55.7,7.86,4.83,1.38,4.68,1.21,2.84,0.386,0.14
17HR-278,178.0,180.0,,0.15,82.2,8.0,92.0,125.5,8.04,4.61,1.85,5.16,1.38,2.42,0.382,0.86
17HR-278,180.0,182.0,,0.06,16.2,5.6,129.0,51.1,7.96,4.84,2.76,4.34,1.33,2.18,0.388,0.43
17HR-278,182.0,184.0,0.005,0.13,25.4,7.8,90.0,34.7,7.67,4.46,2.29,4.48,1.12,2.13,0.338,1.03
17HR-278,184.0,186.0,,0.1,21.2,9.2,78.0,38.6,7.57,4.06,1.84,6.19,1.29,2.45,0.351,1.58
17HR-278,186.0,188.0,,0.09,28.2,14.0,92.0,57.1,8.56,4.51,2.28,5.53,1.71,2.56,0.405,1.93
17HR-278,188.0,190.0,,0.11,40.4,20.8,68.0,60.7,8.23,4.13,1.76,9.1,1.52,2.54,0.37,2.47
17HR-278,190.0,192.0,,0.07,36.4,14.6,77.0,59.9,7.85,4.25,1.82,6.65,1.65,2.43,0.376,2.11
17HR-278,192.0,194.0,,0.07,31.7,15.8,103.0,55.9,8.27,5.17,2.29,4.99,1.57,2.43,0.401,2.26
17HR-278,194.0,196.0,,0.11,43.9,25.3,72.0,78.6,8.23,4.89,1.84,5.86,1.45,2.87,0.396,2.86
17HR-278,196.0,198.0,,0.1,47.9,18.1,75.0,59.4,8.21,5.3,1.66,6.2,1.45,2.83,0.389,2.81
17HR-278,198.0,200.0,,0.09,41.9,14.6,77.0,51.9,8.11,5.14,1.56,4.49,1.58,2.77,0.397,2.31
17HR-278,200.0,202.0,,0.1,28.4,10.8,112.0,27.6,8.44,5.5,2.19,4.34,1.53,2.64,0.426,1.22
17HR-278,202.0,204.0,,0.11,79.2,13.4,100.0,39.6,8.64,5.98,2.21,3.99,1.25,2.68,0.394,1.74
17HR-278,204.0,206.0,,0.05,25.9,6.2,102.0,24.7,8.0,5.17,2.15,5.01,1.55,2.3,0.394,0.43
17HR-278,206.0,208.0,,0.03,22.6,4.4,108.0,29.5,8.24,5.13,2.16,5.46,1.35,2.4,0.396,0.19
17HR-278,208.0,210.0,,0.03,10.3,3.8,117.0,21.9,8.3,5.14,2.14,4.54,1.44,2.68,0.417,0.1
17HR-278,210.0,212.0,,0.2,36.7,13.5,78.0,60.2,8.43,4.92,1.64,7.06,1.66,2.9,0.402,1.66
17HR-278,210.0,212.0,,0.17,31.7,11.4,77.0,51.5,8.3,4.62,1.61,6.93,1.63,2.88,0.396,1.36
17HR-278,212.0,214.0,,0.3,34.3,28.9,69.0,88.1,8.25,5.14,1.4,7.93,1.42,3.3,0.403,3.02
17HR-278,214.0,216.0,,0.14,52.1,11.5,83.0,58.7,8.06,5.12,1.63,5.94,1.67,3.02,0.409,1.04
17HR-278,216.0,218.0,,0.08,56.4,9.5,84.0,38.2,8.07,4.84,1.72,5.52,1.96,2.49,0.396,0.22
17HR-278,218.0,220.0,0.005,0.08,43.5,7.3,84.0,23.1,8.28,5.01,2.0,4.76,1.97,2.74,0.392,0.03
17HR-278,220.0,222.0,,0.06,27.3,7.0,87.0,27.2,8.25,5.09,2.16,3.89,2.91,2.42,0.423,0.01
17HR-278,222.0,224.0,,0.02,8.8,7.5,82.0,35.6,8.46,5.1,2.08,4.65,3.36,1.91,0.411,0.01
17HR-278,224.0,226.0,,0.03,21.4,7.8,78.0,27.4,8.3,4.74,1.87,5.49,3.32,1.76,0.389,0.01
17HR-278,226.0,228.0,0.005,0.03,6.9,8.0,77.0,24.4,8.01,4.68,1.81,6.52,2.97,1.81,0.367,0.02
17HR-278,228.0,230.0,,0.04,12.3,10.2,77.0,13.6,8.17,5.13,1.82,5.43,2.35,2.18,0.372,0.04
17HR-278,230.0,232.0,,0.08,27.2,9.2,81.0,10.6,8.14,5.06,1.96,4.39,1.62,2.65,0.382,0.01
17HR-278,232.0,234.0,,0.04,32.8,6.2,88.0,10.1,7.97,5.12,1.91,4.59,1.7,2.46,0.389,0.02
17HR-278,234.0,236.0,,0.28,45.6,7.3,94.0,9.8,8.11,5.03,1.98,5.53,1.7,2.23,0.393,0.04
17HR-278,236.0,238.0,0.005,0.16,56.2,9.6,74.0,15.4,8.57,4.84,1.99,7.38,1.63,2.36,0.395,0.28
17HR-278,238.0,240.0,,0.07,41.7,6.4,85.0,12.5,7.82,4.97,2.03,6.29,1.22,2.46,0.396,0.15
17HR-278,240.0,242.0,,0.02,28.3,4.9,95.0,12.3,7.88,5.07,1.97,4.72,1.29,2.25,0.382,0.03
17HR-278,242.0,244.0,0.005,0.1,59.7,12.0,80.0,43.3,8.14,5.1,1.93,5.29,1.36,2.43,0.384,1.51
17HR-278,244.0,246.0,,0.11,32.6,23.4,47.0,52.3,7.67,4.54,1.54,11.25,1.07,2.47,0.334,3.02
17HR-278,246.0,248.0,,0.14,41.0,33.9,52.0,32.0,8.1,4.92,1.44,9.96,1.52,2.61,0.374,3.69
17HR-278,248.0,250.0,,0.2,41.6,46.9,47.0,50.4,8.15,5.15,1.21,9.5,1.33,2.94,0.389,4.36
17HR-278,250.0,252.0,,0.18,73.9,26.8,76.0,31.6,8.3,5.6,1.82,7.88,1.2,2.43,0.372,2.11
17HR-278,252.0,254.0,,0.11,20.5,6.3,84.0,5.7,7.87,5.17,1.61,5.49,1.25,2.53,0.393,0.02
17HR-278,254.0,256.0,,0.09,26.3,8.0,76.0,6.8,8.31,4.98,1.75,6.62,1.33,2.4,0.391,0.14
17HR-278,256.0,258.0,0.007,0.22,26.1,8.6,81.0,14.1,8.02,4.56,1.32,3.87,0.89,2.5,0.355,0.35
17HR-278,258.0,260.0,,0.12,7.5,5.9,77.0,13.8,8.04,4.27,1.12,3.11,0.69,2.6,0.344,0.58
17HR-278,260.0,262.0,0.006,0.13,21.8,12.6,83.0,9.5,9.24,4.55,1.01,0.96,0.55,3.42,0.329,1.05
17HR-278,262.0,264.0,0.008,0.25,17.1,28.0,49.0,13.8,9.75,3.94,0.58,0.86,0.63,4.05,0.33,2.28
17HR-278,264.0,266.0,0.009,0.15,18.2,15.4,62.0,8.4,8.87,4.81,0.66,1.0,0.95,3.21,0.299,1.84
17HR-278,266.0,268.0,,0.07,14.9,7.5,65.0,16.4,8.77,4.52,0.87,2.26,1.64,2.8,0.314,0.3
17HR-278,268.0,270.0,,0.05,5.4,5.4,72.0,5.3,8.43,4.28,1.13,3.01,1.61,2.72,0.314,0.05
17HR-278,270.0,272.0,0.006,0.19,8.1,9.5,60.0,11.4,7.34,4.08,0.69,4.45,1.44,3.05,0.295,0.02
17HR-278,272.0,274.0,0.01,0.75,4.6,8.4,61.0,78.3,8.27,3.98,0.9,3.43,0.81,3.35,0.307,0.6
17HR-278,274.0,276.0,0.006,0.22,8.6,5.8,106.0,40.3,7.59,3.29,1.62,3.26,1.28,2.5,0.284,0.26
17HR-278,276.0,278.0,,0.03,2.1,5.3,86.0,8.7,8.36,4.46,1.37,2.75,0.79,3.19,0.32,0.03
17HR-278,278.0,280.0,,0.9,125.5,34.6,80.0,20.8,7.34,3.55,1.63,2.34,0.51,2.61,0.27,1.18
17HR-278,280.0,282.0,,0.59,28.9,28.8,74.0,52.7,7.55,3.82,1.43,3.48,1.28,2.43,0.284,2.12
17HR-278,282.0,284.0,0.024,1.28,38.0,38.3,44.0,129.0,7.87,4.58,0.8,3.63,0.44,3.34,0.294,4.19
17HR-278,284.0,286.0,0.06,1.47,49.5,75.0,36.0,153.0,7.18,3.29,0.54,3.1,0.26,3.16,0.26,2.84
17HR-278,286.0,288.0,0.013,0.61,21.2,27.7,47.0,58.7,7.28,4.0,0.82,4.33,0.52,3.04,0.275,3.27
17HR-278,288.0,290.0,0.034,0.7,43.4,51.5,62.0,113.0,8.03,3.8,0.95,3.42,0.73,3.08,0.295,1.91
17HR-278,290.0,292.0,,0.03,1.8,8.5,66.0,4.7,8.21,4.04,0.91,2.96,1.24,3.03,0.298,0.03
17HR-278,292.0,294.0,,0.03,2.3,9.5,60.0,3.7,7.83,4.06,0.82,2.78,1.14,2.91,0.287,0.02
17HR-278,294.0,296.0,,0.02,2.9,9.1,70.0,9.4,7.41,3.88,1.0,4.22,1.08,2.78,0.279,0.03
17HR-278,296.0,298.0,,0.02,2.2,7.7,64.0,3.8,7.67,3.25,1.0,3.8,1.06,2.87,0.283,0.03
17HR-278,298.0,300.0,,0.06,8.3,12.5,83.0,6.7,7.21,5.37,1.28,4.56,1.05,2.61,0.268,0.03
17HR-278,298.0,300.0,,0.07,9.0,13.4,80.0,6.7,7.38,5.38,1.26,4.67,1.04,2.6,0.265,0.04
17HR-278,300.0,302.0,,0.01,1.9,8.0,68.0,5.2,7.42,3.84,1.11,4.71,1.19,2.71,0.278,0.02
17HR-278,302.0,304.0,,0.01,1.9,7.1,69.0,3.4,7.4,3.78,1.03,3.99,0.97,2.93,0.279,0.01
17HR-278,304.0,306.0,,0.01,1.5,7.6,56.0,2.5,6.48,3.87,0.74,5.7,0.69,3.01,0.279,0.02
17HR-278,306.0,308.0,,0.21,10.2,7.4,79.0,2.8,7.23,3.96,0.89,4.14,0.35,3.21,0.29,0.03
17HR-278,308.0,310.0,,0.09,24.8,4.4,124.0,6.6,8.26,3.71,2.14,2.92,0.24,2.76,0.3,0.15
17HR-278,310.0,312.0,0.008,0.29,13.3,13.4,65.0,73.1,7.91,3.53,1.07,2.95,0.19,3.31,0.305,2.33
17HR-278,312.0,314.0,,0.26,17.7,14.1,84.0,39.5,8.8,4.36,1.17,2.57,0.25,3.46,0.396,2.83
17HR-278,314.0,316.0,,0.38,15.0,10.9,86.0,63.8,8.77,4.97,1.0,1.13,0.16,3.6,0.354,3.78
17HR-278,316.0,318.0,0.009,0.31,14.2,16.1,105.0,75.5,8.78,4.4,1.07,0.46,0.13,3.53,0.324,2.83
17HR-278,318.0,320.0,0.019,0.19,12.6,11.5,76.0,127.5,8.16,3.86,1.17,1.56,0.13,3.34,0.312,2.32
17HR-278,320.0,322.0,,0.11,33.9,7.4,86.0,3.3,8.07,3.06,1.53,3.19,0.2,3.05,0.308,0.15
17HR-278,322.0,324.0,,0.04,5.4,4.7,73.0,2.0,7.85,3.15,1.19,2.96,0.2,3.2,0.296,0.08
17HR-278,324.0,326.0,,,1.0,5.8,89.0,2.7,8.28,3.07,1.24,2.04,0.19,3.61,0.315,0.01
17HR-278,326.0,328.0,,,3.3,8.7,46.0,19.1,7.75,3.04,0.63,3.09,0.15,3.81,0.307,0.13
17HR-278,328.0,330.0,,0.01,1.3,9.3,50.0,4.4,7.26,3.39,0.67,3.38,0.13,3.59,0.29,0.02
17HR-278,330.0,332.0,0.007,0.01,1.9,9.0,38.0,52.6,7.0,3.21,0.59,4.61,0.11,3.35,0.277,1.29
17HR-278,332.0,334.0,,,1.7,6.0,54.0,9.6,8.37,3.05,0.8,2.23,0.17,3.74,0.311,0.23
17HR-278,334.0,336.0,,,1.0,6.2,64.0,6.4,8.88,3.46,0.95,1.95,0.13,3.85,0.323,0.05
17HR-278,336.0,338.0,0.006,0.05,2.5,6.9,73.0,70.4,8.8,3.65,1.11,1.95,0.17,3.58,0.312,0.86
17HR-278,338.0,340.0,,0.12,50.0,4.6,71.0,26.4,8.59,3.43,1.13,2.3,0.12,3.32,0.298,0.43
17HR-278,340.0,342.0,,0.02,6.4,5.2,78.0,3.7,7.88,4.05,0.99,2.68,0.29,3.08,0.293,0.11
17HR-278,342.0,344.0,,0.01,1.3,4.9,79.0,2.9,8.03,4.38,0.91,2.56,0.28,3.24,0.304,0.14
17HR-278,344.0,346.0,,,26.4,3.6,79.0,3.0,8.41,3.28,1.13,2.17,0.21,3.25,0.304,0.13
17HR-278,346.0,348.0,,0.05,18.6,4.5,79.0,5.8,8.47,3.38,1.11,2.67,0.2,3.44,0.322,0.34
17HR-278,348.0,350.0,,0.17,39.2,12.7,82.0,11.6,8.83,3.88,1.13,1.86,0.23,3.36,0.322,0.97
17HR-278,350.0,352.0,,0.4,18.2,18.3,73.0,15.6,8.36,3.97,0.87,2.57,0.44,3.29,0.341,1.67
17HR-278,352.0,354.0,,0.28,22.4,15.5,58.0,14.2,8.05,3.61,0.69,1.84,0.27,3.18,0.326,1.7
17HR-278,354.0,356.0,,0.54,15.6,13.1,25.0,21.5,6.84,2.98,0.34,1.23,0.1,2.88,0.273,2.23
17HR-278,356.0,358.0,,0.25,11.0,8.4,79.0,7.5,8.05,4.06,1.11,1.71,0.13,3.2,0.28,0.8
17HR-278,358.0,360.0,,,0.9,6.8,70.0,2.8,7.78,4.13,0.94,3.0,0.18,3.48,0.294,0.02
17HR-278,360.0,362.0,,,0.8,7.2,60.0,4.5,7.14,3.77,0.87,2.7,0.13,3.27,0.275,0.03
17HR-278,362.0,364.0,,0.01,0.9,5.4,58.0,4.8,7.03,3.59,0.89,3.07,0.12,3.23,0.276,0.05
17HR-278,364.0,366.0,,,0.7,3.8,94.0,3.5,8.33,3.88,1.64,2.24,0.09,3.12,0.299,0.01
17HR-278,366.0,368.0,0.008,0.27,21.7,7.6,70.0,5.7,6.92,2.63,1.05,3.17,0.09,3.06,0.273,0.79
17HR-278,368.0,370.0,0.063,0.52,22.8,17.8,55.0,28.8,8.66,3.12,0.9,4.02,0.1,3.87,0.298,2.41
17HR-278,370.0,372.0,0.055,0.77,14.9,25.8,64.0,21.1,7.31,4.12,0.6,5.25,0.1,3.83,0.285,4.26
17HR-278,372.0,374.0,0.031,0.78,16.8,22.7,67.0,9.1,7.25,3.78,0.7,5.32,0.18,3.57,0.274,3.91
17HR-278,374.0,376.0,0.043,0.91,18.9,18.8,65.0,17.6,8.15,3.98,1.22,4.75,0.18,3.45,0.276,3.72
17HR-278,376.0,378.0,0.058,0.88,15.9,11.0,39.0,19.2,6.99,3.81,0.97,4.69,0.07,3.22,0.254,3.59
17HR-278,378.0,380.0,0.047,1.0,14.9,14.3,32.0,14.9,7.79,3.69,0.94,3.93,0.11,3.66,0.28,3.74
17HR-278,380.0,382.0,0.02,0.49,12.9,8.1,72.0,9.6,8.56,3.87,1.75,3.48,0.13,3.48,0.286,2.52
17HR-278,382.0,384.0,0.014,0.69,13.8,14.4,61.0,4.7,7.42,3.95,1.24,4.62,0.79,3.17,0.28,3.6
17HR-278,384.0,386.0,0.018,0.88,12.5,21.7,76.0,6.2,7.62,4.37,1.58,5.06,0.79,3.0,0.283,4.04
17HR-278,386.0,388.0,0.037,1.06,17.2,18.6,58.0,15.2,8.01,4.32,1.21,3.9,0.47,3.6,0.292,3.83
17HR-278,386.0,388.0,0.036,1.02,17.8,18.1,55.0,14.3,7.91,4.15,1.17,3.65,0.46,3.53,0.286,3.7
17HR-278,388.0,390.0,0.034,0.88,14.6,17.5,67.0,10.9,7.99,3.98,1.48,5.08,0.54,3.2,0.272,3.25
17HR-278,390.0,392.0,0.055,0.91,13.4,14.6,62.0,13.9,7.54,3.87,1.28,6.07,0.52,3.15,0.263,3.19
17HR-278,392.0,394.0,0.047,0.68,13.1,12.2,73.0,8.8,7.59,3.87,1.33,4.12,0.69,3.18,0.274,2.59
17HR-278,394.0,396.0,0.022,0.29,16.5,6.4,91.0,4.4,7.97,3.83,1.55,3.96,0.86,3.06,0.288,1.03
17HR-278,396.0,398.0,0.047,0.66,14.7,14.8,52.0,11.3,7.39,3.66,1.13,4.53,0.5,3.35,0.268,2.69
17HR-278,398.0,400.0,0.022,0.46,18.2,10.9,70.0,7.7,7.67,3.56,1.38,3.64,0.75,3.11,0.279,1.75
17HR-278,400.0,402.0,0.011,0.27,17.7,8.7,64.0,9.6,8.28,2.76,1.14,3.13,1.06,3.38,0.288,1.27
17HR-278,402.0,404.0,0.016,0.55,17.6,18.3,62.0,19.2,8.3,5.07,0.87,2.45,1.42,3.15,0.274,4.41
17HR-278,404.0,406.0,0.017,0.47,13.7,12.9,58.0,21.8,7.9,3.51,0.84,3.58,1.39,2.98,0.266,2.73
17HR-278,406.0,408.0,0.043,0.27,7.9,11.3,64.0,17.9,8.87,3.21,1.04,2.75,1.0,3.74,0.312,1.68
17HR-278,408.0,410.0,0.082,0.06,14.9,3.0,78.0,10.8,8.27,3.43,1.09,2.96,0.9,3.43,0.291,0.32
17HR-278,410.0,412.0,0.011,0.03,2.0,2.8,83.0,17.1,7.24,3.11,1.15,3.79,1.34,2.76,0.272,0.08
17HR-278,412.0,414.0,,0.06,4.1,3.8,85.0,39.1,8.3,3.25,1.2,3.55,1.21,3.14,0.281,0.17
17HR-278,414.0,416.0,0.007,0.17,8.7,5.0,70.0,14.9,7.66,3.2,1.03,3.8,1.13,2.9,0.261,0.53
17HR-278,416.0,418.0,0.011,0.06,8.2,2.7,79.0,14.1,8.3,3.38,1.23,3.13,1.24,2.96,0.288,0.09
17HR-278,418.0,420.0,0.025,0.37,12.5,10.1,57.0,13.9,8.12,3.86,1.06,2.68,1.27,3.14,0.288,2.67
17HR-278,420.0,422.0,0.029,0.43,14.6,12.9,59.0,18.9,8.36,3.73,0.96,3.28,1.42,3.16,0.29,2.71
17HR-278,422.0,424.0,,0.05,5.1,3.0,92.0,3.6,7.41,3.44,1.31,3.74,1.18,2.73,0.271,0.14
17HR-278,424.0,426.0,0.016,0.32,15.7,11.1,55.0,16.3,7.93,4.44,0.93,2.92,1.32,2.95,0.274,3.2
17HR-278,426.0,428.0,0.014,0.46,17.3,12.0,60.0,26.1,8.5,4.91,0.98,3.06,1.55,3.01,0.286,3.67
17HR-278,428.0,430.0,0.009,0.4,20.3,10.4,83.0,8.8,7.92,4.54,1.15,3.54,1.68,2.74,0.28,2.98
17HR-278,430.0,432.0,,0.1,22.7,5.0,81.0,10.3,7.17,3.54,1.08,3.73,1.29,2.44,0.261,0.48
17HR-278,432.0,434.0,,0.05,1.4,4.4,70.0,5.2,7.14,3.89,0.84,3.8,1.11,2.63,0.271,0.03
17HR-278,434.0,436.0,,0.13,13.6,6.2,80.0,13.7,6.59,3.84,1.03,3.99,0.88,2.05,0.236,0.53
17HR-278,436.0,438.0,,0.56,21.8,18.6,80.0,11.0,7.34,4.51,1.01,3.45,1.01,2.58,0.292,2.93
17HR-278,438.0,440.0,,0.41,15.7,13.1,78.0,7.2,8.16,4.12,1.07,2.65,1.16,3.0,0.328,2.18
17HR-278,440.0,442.0,,0.02,13.2,3.1,80.0,2.1,7.2,3.58,0.92,2.94,0.96,2.54,0.292,0.06
17HR-278,442.0,444.0,,0.23,48.9,4.8,89.0,20.3,7.45,4.39,1.22,2.8,0.53,2.44,0.313,0.72
17HR-278,444.0,446.0,0.011,0.32,16.6,7.0,85.0,12.7,8.27,4.29,1.31,1.74,0.46,2.97,0.326,0.71
17HR-278,446.0,448.0,0.017,0.24,11.5,7.2,97.0,5.9,8.87,4.49,1.5,1.36,0.58,3.11,0.343,0.63
17HR-278,448.0,450.0,0.052,0.5,22.2,8.1,98.0,8.5,8.52,4.22,1.42,0.78,0.37,3.06,0.312,0.9
17HR-278,450.0,452.0,0.084,0.61,18.1,12.7,110.0,8.9,9.15,4.88,1.57,1.25,0.45,3.32,0.338,1.96
17HR-278,452.0,454.0,0.121,0.62,21.2,12.3,114.0,9.0,8.97,4.66,1.46,1.44,0.2,3.4,0.318,1.93
17HR-278,454.0,456.0,0.098,0.5,15.3,7.3,127.0,7.5,9.21,5.14,1.59,0.87,0.27,3.29,0.335,1.59
17HR-278,456.0,458.0,0.047,1.02,18.3,14.8,100.0,9.5,8.47,4.78,1.34,1.27,0.26,3.13,0.31,2.75
17HR-278,458.0,460.0,0.04,1.2,17.1,17.3,68.0,8.4,7.81,3.71,0.92,1.81,0.89,2.91,0.283,3.12
17HR-278,460.0,462.0,0.042,0.87,18.2,17.7,80.0,14.6,7.9,4.64,1.03,2.61,0.83,3.08,0.325,4.0
17HR-278,462.0,464.0,0.058,1.02,20.9,18.8,78.0,16.4,8.21,4.53,1.19,2.81,0.82,3.07,0.322,3.83
17HR-278,464.0,466.0,0.075,0.84,17.7,18.0,100.0,14.8,7.57,4.05,1.42,3.82,0.8,2.7,0.295,3.19
17HR-278,466.0,468.0,0.052,0.68,18.7,28.8,91.0,10.9,7.47,3.87,1.31,4.72,0.38,2.89,0.284,3.29
17HR-278,468.0,470.0,0.09,0.53,20.7,20.0,80.0,24.9,7.55,4.16,1.11,3.76,0.28,3.02,0.288,4.0
17HR-278,470.0,472.0,0.088,1.72,48.1,28.8,50.0,24.6,8.14,5.06,0.75,1.95,0.11,3.56,0.303,5.53
17HR-278,472.0,474.0,0.031,2.88,18.2,58.5,20.0,32.8,8.54,4.37,0.53,0.28,0.12,3.85,0.315,4.96
17HR-278,474.0,476.0,0.021,0.84,17.6,21.8,139.0,33.1,8.26,3.91,0.53,0.32,0.13,3.69,0.269,4.51
17HR-278,474.0,476.0,0.023,0.91,18.4,23.4,203.0,34.1,8.37,4.0,0.53,0.31,0.13,3.64,0.276,4.6
17HR-278,476.0,478.0,0.031,0.43,18.8,9.8,4.0,36.1,7.53,4.22,0.11,0.4,0.14,3.17,0.193,4.87
17HR-278,478.0,480.0,0.047,0.49,12.5,7.8,2.0,30.4,7.48,3.6,0.11,0.43,0.13,3.08,0.217,4.18
17HR-278,480.0,482.0,0.114,0.97,16.0,8.6,3.0,31.2,7.46,3.93,0.15,0.3,0.14,3.04,0.245,4.53
17HR-278,482.0,484.0,0.094,1.22,20.7,4.4,2.0,17.0,6.35,2.3,0.12,0.24,0.11,2.52,0.187,2.44
17HR-278,484.0,486.0,0.04,0.76,16.3,5.7,2.0,24.0,7.61,2.67,0.13,0.32,0.13,3.15,0.15,2.99
17HR-278,486.0,488.0,0.074,0.94,13.6,4.6,2.0,19.9,7.98,2.37,0.11,1.36,0.14,3.34,0.127,3.59
17HR-278,488.0,490.0,0.045,1.07,18.5,5.4,2.0,20.2,4.98,2.96,0.08,2.77,0.09,2.15,0.146,5.11
17HR-278,490.0,492.0,0.033,0.79,20.1,9.5,6.0,28.0,5.83,2.88,0.08,4.74,0.11,2.85,0.171,6.91
17HR-278,492.0,494.0,0.091,2.1,17.4,7.3,2.0,18.5,4.33,2.46,0.07,4.85,0.08,1.95,0.212,6.27
17HR-278,494.0,496.0,0.084,2.77,128.5,1735.0,1900.0,54.2,7.45,3.62,0.83,3.71,0.11,2.91,0.26,6.42
17HR-278,496.0,498.0,0.052,0.92,15.1,12.1,82.0,29.0,8.17,4.07,1.74,2.75,0.11,3.21,0.276,4.77
17HR-278,498.0,500.0,0.099,2.43,39.5,144.0,69.0,33.9,8.1,3.99,1.34,2.64,0.11,3.47,0.281,4.65
17HR-278,500.0,502.0,0.089,1.86,16.7,28.5,50.0,35.0,7.68,3.76,1.28,3.24,0.11,3.36,0.265,4.68
17HR-278,502.0,504.0,0.023,1.91,12.6,13.3,48.0,23.5,8.23,3.69,1.42,2.25,0.11,3.45,0.273,4.27
17HR-278,504.0,506.0,0.008,0.83,11.5,14.6,46.0,24.9,8.2,3.54,1.55,2.3,0.11,3.36,0.271,4.28
17HR-278,506.0,508.0,0.005,0.69,11.9,63.4,48.0,26.9,7.8,3.84,1.68,2.88,0.1,3.26,0.279,4.98
17HR-278,508.0,510.0,,0.47,11.7,57.3,55.0,22.1,7.81,3.75,1.78,2.59,0.1,3.27,0.274,4.55
17HR-278,510.0,512.0,0.01,0.63,11.4,48.6,52.0,24.1,8.03,3.94,1.46,2.47,0.1,3.51,0.28,4.59
17HR-278,512.0,514.0,0.107,0.96,17.5,25.4,82.0,13.5,7.99,4.41,1.0,2.87,0.28,3.28,0.278,4.46
17HR-278,514.0,516.0,0.023,0.46,16.8,17.9,73.0,9.1,7.5,4.53,1.05,3.57,1.47,2.58,0.29,3.23
17HR-278,516.0,518.0,0.071,0.99,27.8,23.4,92.0,15.8,7.19,4.81,1.38,5.32,1.32,2.18,0.267,3.45
17HR-278,518.0,520.0,0.026,0.6,15.0,14.3,84.0,10.1,7.71,4.41,1.28,3.46,1.62,2.37,0.311,2.47
17HR-278,520.0,522.0,0.016,0.45,13.9,12.3,89.0,9.0,7.77,4.19,1.31,3.38,1.87,2.27,0.318,1.85
17HR-278,522.0,524.0,0.025,0.53,16.3,17.5,89.0,11.6,7.21,4.4,1.39,4.16,1.31,2.22,0.291,1.93
17HR-278,524.0,526.0,0.021,0.39,16.5,18.3,109.0,14.0,7.72,4.51,1.39,3.08,1.02,2.77,0.328,2.48
17HR-278,526.0,528.0,0.039,0.64,22.4,42.0,65.0,17.9,7.86,3.96,1.19,3.82,0.11,3.53,0.305,4.34
17HR-278,528.0,530.0,0.047,0.89,19.7,109.0,74.0,17.1,7.66,3.67,1.31,3.04,0.07,3.29,0.264,4.24
17HR-278,530.0,532.0,0.051,1.17,18.2,177.5,192.0,15.3,8.26,3.93,1.53,2.9,0.13,3.5,0.28,4.32
17HR-278,532.0,534.0,0.045,1.02,26.7,233.0,1150.0,22.8,7.45,3.59,1.45,3.68,0.07,3.09,0.244,4.64
17HR-278,534.0,536.0,0.037,0.94,22.1,262.0,377.0,19.3,7.6,3.9,1.6,2.83,0.08,3.28,0.267,4.7
17HR-278,536.0,538.0,0.034,0.6,14.9,96.0,348.0,21.8,7.44,3.75,1.51,3.1,0.07,3.21,0.255,4.55
17HR-278,538.0,540.0,0.043,0.78,14.4,122.5,262.0,26.5,7.2,3.68,1.54,4.02,0.07,3.09,0.251,4.83
17HR-278,540.0,542.0,0.04,0.69,13.3,88.5,134.0,18.1,7.22,3.61,1.61,4.14,0.07,3.1,0.255,5.06
17HR-278,542.0,544.0,0.042,0.92,11.6,412.0,73.0,18.6,4.93,2.58,0.7,7.19,0.05,2.07,0.232,7.5
17HR-278,544.0,546.0,0.051,1.23,59.9,82.2,161.0,45.3,6.87,3.25,0.79,4.5,0.07,2.97,0.236,6.34
17HR-278,546.0,548.0,0.06,1.02,8.9,18.9,96.0,19.0,7.87,3.81,1.75,2.98,0.08,3.19,0.261,4.31
17HR-278,548.0,550.0,0.045,0.73,13.1,31.1,76.0,24.6,7.23,3.86,1.14,3.99,0.07,3.07,0.24,4.91
17HR-278,550.0,552.0,0.029,0.49,10.4,11.6,67.0,22.8,7.46,3.79,1.46,4.63,0.07,3.1,0.255,5.62
17HR-278,552.0,554.0,0.03,0.53,10.7,8.9,46.0,20.5,8.32,4.07,1.33,3.13,0.09,3.6,0.288,5.47
17HR-278,554.0,556.0,0.044,0.64,8.7,7.5,58.0,20.5,8.47,4.22,1.66,3.74,0.09,3.51,0.278,5.07
17HR-278,556.0,558.0,0.02,0.47,10.9,8.0,60.0,22.9,7.44,4.16,1.67,4.5,0.08,3.12,0.267,5.43
17HR-278,558.0,560.0,0.012,2.16,14.7,9.3,44.0,25.3,7.51,3.94,1.42,4.66,0.08,3.26,0.287,6.33
17HR-278,560.0,562.0,0.007,1.54,12.3,12.7,34.0,36.5,7.07,3.62,1.2,4.95,0.08,3.18,0.261,6.6
17HR-278,562.0,564.0,0.005,0.87,14.6,30.0,24.0,34.0,7.17,3.01,1.09,4.55,0.09,3.32,0.263,6.15
17HR-278,562.0,564.0,,0.8,14.1,30.5,23.0,33.2,7.08,3.01,1.07,4.93,0.08,3.21,0.264,6.26
17HR-278,564.0,566.0,,0.74,12.1,31.8,28.0,41.7,8.3,3.31,1.3,2.4,0.11,3.59,0.282,4.4
17HR-278,566.0,568.0,,0.24,12.9,22.3,51.0,27.8,7.81,3.73,1.71,3.57,0.3,3.21,0.28,4.69
17HR-278,568.0,570.0,,0.28,12.4,39.6,300.0,51.8,7.6,3.91,1.71,3.93,0.1,2.95,0.269,5.6
17HR-278,570.0,572.0,,0.36,10.4,45.3,143.0,43.4,7.74,3.92,1.59,3.39,0.11,3.25,0.276,5.78
17HR-278,572.0,574.0,,0.18,11.0,8.6,49.0,30.5,7.9,4.25,1.8,3.99,0.28,3.11,0.285,6.8
17HR-278,574.0,576.0,,0.31,8.7,5.8,63.0,48.0,7.42,4.06,2.12,4.47,0.13,2.94,0.275,6.62
17HR-278,576.0,578.0,0.02,0.69,14.6,12.5,74.0,28.2,7.37,4.0,1.16,4.88,0.1,3.23,0.277,7.65
17HR-278,578.0,580.0,0.044,1.32,16.7,55.2,133.0,23.3,6.92,3.68,0.89,5.03,0.11,3.07,0.252,7.35
17HR-278,580.0,582.0,0.04,1.09,11.0,43.7,135.0,18.6,6.96,3.61,1.22,4.33,0.52,2.78,0.254,5.95
17HR-278,582.0,584.0,0.021,1.1,13.6,25.9,56.0,18.5,8.02,3.68,1.59,2.63,1.26,2.7,0.274,4.47
17HR-278,584.0,586.0,0.013,0.48,14.1,21.5,53.0,29.4,7.56,3.8,1.15,3.38,1.21,2.73,0.277,4.62
17HR-278,586.0,588.0,0.014,0.46,11.8,30.6,49.0,38.5,9.06,4.4,0.64,0.5,0.32,3.76,0.273,4.95
17HR-278,588.0,590.0,,0.17,12.9,16.9,76.0,42.9,7.82,3.83,1.36,2.56,1.2,2.7,0.283,4.2
17HR-278,590.0,592.0,,0.13,13.6,11.3,57.0,49.8,7.89,3.93,1.32,3.47,1.34,2.75,0.284,4.26
17HR-278,592.0,594.0,,0.38,11.9,14.2,73.0,46.0,8.07,3.82,1.3,3.25,1.1,2.86,0.282,4.16
17HR-278,594.0,596.0,0.014,1.45,13.0,34.0,84.0,48.5,8.2,3.89,1.0,1.43,0.44,3.1,0.29,4.27
17HR-278,596.0,598.0,0.013,0.31,13.7,18.6,65.0,68.4,7.87,3.69,1.16,2.09,0.91,2.83,0.276,4.01
17HR-278,598.0,600.0,,0.06,12.3,10.2,50.0,45.2,7.2,3.38,1.21,3.02,1.63,2.33,0.262,3.72
17HR-278,600.0,602.0,,0.11,12.0,12.0,63.0,35.3,7.77,3.72,1.17,2.39,1.35,2.58,0.272,4.07
17HR-278,602.0,604.0,,0.12,12.8,13.3,76.0,40.3,7.75,3.79,0.94,2.47,1.18,2.81,0.278,4.18
17HR-278,604.0,606.0,0.005,0.09,12.9,10.9,68.0,26.3,7.69,3.76,1.24,2.03,1.82,2.38,0.277,4.15
17HR-278,606.0,608.0,,0.07,13.8,9.6,54.0,20.8,7.74,3.68,1.27,2.34,1.95,2.19,0.267,4.03
17HR-278,608.0,610.0,,0.06,12.0,7.5,56.0,28.7,7.64,3.51,1.35,2.52,1.85,2.26,0.266,3.8
17HR-278,610.0,612.0,,0.1,13.8,10.6,97.0,27.0,7.29,3.52,1.18,2.26,1.93,2.19,0.27,3.96
17HR-278,612.0,614.0,,0.09,13.7,11.1,138.0,28.8,7.47,3.54,1.09,2.28,1.96,2.15,0.264,4.0
17HR-278,614.0,616.0,,0.09,11.3,10.2,90.0,28.3,7.63,3.58,1.26,2.31,1.84,2.28,0.276,4.02
17HR-278,616.0,618.0,,0.12,13.8,15.8,129.0,23.9,7.63,3.57,1.08,2.44,1.32,2.63,0.268,4.05
17HR-278,618.0,620.0,,0.15,12.4,18.4,104.0,20.5,7.87,3.67,0.88,2.46,1.14,2.89,0.277,4.21
17HR-278,620.0,622.0,0.035,0.38,15.5,16.1,100.0,20.6,7.69,3.7,1.14,2.59,1.35,2.82,0.274,4.14
17HR-278,622.0,624.0,,0.13,15.6,10.4,58.0,22.2,7.31,3.58,1.26,2.88,1.8,2.33,0.267,3.93
17HR-278,624.0,626.0,,0.07,14.8,8.5,71.0,25.7,7.42,3.57,1.37,3.14,1.54,2.39,0.274,3.75
17HR-278,626.0,628.0,0.005,0.11,15.2,11.9,187.0,27.4,7.74,3.67,1.17,2.58,1.69,2.57,0.27,4.08
17HR-278,628.0,630.3,,0.06,12.2,7.9,50.0,20.6,7.62,3.55,1.28,3.03,2.09,2.27,0.269,3.57
17HR-281,398.0,400.0,,0.25,16.3,7.9,85.0,5.3,7.33,4.25,1.99,2.65,1.33,2.23,0.338,3.23
17HR-281,400.0,402.0,,0.34,16.8,9.5,59.0,5.6,7.38,4.09,1.66,2.77,1.1,2.59,0.351,3.65
17HR-281,402.0,404.0,,0.37,17.0,12.1,52.0,5.7,7.42,4.33,1.47,3.05,0.99,2.77,0.349,4.38
17HR-281,404.0,406.0,,0.24,17.4,9.2,52.0,4.9,6.61,3.95,1.43,4.17,1.06,2.54,0.331,3.98
17HR-281,406.0,408.0,,0.24,17.1,9.9,70.0,5.3,6.77,3.76,1.9,2.95,1.2,2.24,0.325,3.25
17HR-281,408.0,410.0,,0.26,16.2,11.9,69.0,5.4,6.69,3.99,1.77,3.12,1.45,2.07,0.326,3.26
17HR-281,410.0,412.0,,0.19,13.2,7.6,81.0,4.5,7.54,3.73,2.1,2.52,1.43,2.22,0.345,1.71
17HR-281,412.0,414.0,,0.2,12.8,5.9,90.0,4.2,7.77,4.01,2.24,2.02,1.61,1.93,0.346,0.84
17HR-281,414.0,416.0,,0.3,16.6,7.1,82.0,5.2,7.74,4.01,2.17,1.86,1.51,2.02,0.344,1.22
17HR-281,416.0,418.0,,0.38,22.3,9.4,73.0,5.0,7.96,3.99,1.92,1.7,1.17,2.61,0.365,1.61
17HR-281,418.0,420.0,,0.43,19.3,10.5,68.0,5.0,7.58,4.21,1.77,2.85,1.37,2.25,0.341,2.05
17HR-281,420.0,422.0,,0.47,14.9,8.9,72.0,5.0,7.5,4.23,1.91,2.5,1.28,2.27,0.343,1.82
17HR-281,422.0,424.0,,0.76,17.3,13.8,55.0,7.3,7.11,4.07,1.58,3.82,0.98,2.61,0.335,3.24
17HR-281,424.0,426.0,,1.29,19.2,18.8,61.0,10.5,7.23,4.28,1.6,3.23,1.39,2.43,0.333,3.14
17HR-281,426.0,428.0,,1.06,14.6,11.5,78.0,6.6,7.33,3.85,1.92,2.76,1.39,2.24,0.347,1.97
17HR-281,428.0,430.0,0.006,1.97,18.3,18.2,59.0,12.5,7.08,3.73,1.54,3.54,1.08,2.61,0.328,3.23
17HR-281,430.0,432.0,0.064,3.38,20.1,24.3,39.0,9.8,6.74,4.06,1.12,6.09,0.64,2.84,0.313,4.31
17HR-281,432.0,434.0,0.071,5.06,25.0,31.9,51.0,10.9,7.8,4.2,1.41,3.15,0.71,3.25,0.364,4.33
17HR-281,434.0,436.0,0.077,4.5,19.1,23.3,74.0,9.2,7.19,4.06,1.68,3.46,0.71,3.02,0.349,3.97
17HR-281,436.0,438.0,0.124,6.88,24.0,36.6,79.0,10.4,7.21,4.04,1.41,3.39,0.42,3.13,0.333,4.1
17HR-281,438.0,440.0,0.079,4.46,24.4,25.9,69.0,11.3,7.36,4.24,1.86,2.48,0.55,2.92,0.351,4.12
17HR-281,440.0,442.0,0.052,4.09,23.5,30.2,41.0,10.8,7.71,4.19,1.34,2.58,0.92,3.13,0.372,4.41
17HR-281,442.0,444.0,0.02,2.09,15.7,14.8,50.0,8.3,7.02,4.06,1.75,3.56,0.92,2.61,0.333,3.91
17HR-281,444.0,446.0,0.005,1.07,15.4,8.8,78.0,5.8,7.42,4.19,2.37,3.66,1.63,1.9,0.347,2.48
17HR-281,446.0,448.0,0.007,1.31,10.9,13.5,53.0,6.8,7.18,4.73,1.65,4.25,1.33,2.46,0.347,3.88
17HR-281,448.0,450.0,0.01,1.01,10.4,8.2,87.0,6.5,7.96,4.42,2.3,2.53,1.78,2.15,0.379,1.74
17HR-281,450.0,452.0,0.019,1.24,16.6,10.4,83.0,10.5,7.25,4.41,2.32,3.84,1.42,1.87,0.343,1.38
17HR-281,452.0,454.0,0.03,2.26,18.5,19.7,60.0,7.7,7.4,4.33,1.76,3.61,1.69,2.05,0.335,3.0
17HR-281,454.0,456.0,0.047,2.01,44.1,17.7,73.0,13.9,7.35,4.46,2.0,3.84,1.68,2.05,0.353,2.88
17HR-281,456.0,458.0,0.011,1.07,14.6,10.7,72.0,6.1,7.85,4.04,1.87,4.62,1.45,2.17,0.347,1.23
17HR-281,458.0,460.0,0.032,2.01,20.8,17.5,70.0,9.9,7.47,4.2,1.76,5.65,1.3,2.03,0.336,2.28
17HR-281,460.0,462.0,0.167,6.08,43.3,37.2,149.0,18.0,7.45,4.35,1.48,5.47,0.41,2.86,0.358,3.62
17HR-281,462.0,464.0,0.037,3.68,22.8,31.1,59.0,11.1,7.45,4.57,1.65,4.25,0.16,3.21,0.367,5.06
17HR-281,464.0,466.0,0.041,2.08,21.3,16.2,76.0,12.7,7.3,4.35,1.52,4.92,0.3,3.04,0.371,3.43
17HR-281,466.0,468.0,0.032,1.86,16.4,14.1,76.0,8.3,7.55,4.4,1.26,5.38,0.51,3.02,0.369,2.64
17HR-281,466.0,468.0,0.032,1.67,16.0,13.3,74.0,7.2,7.77,4.26,1.21,4.62,0.52,3.06,0.374,2.56
17HR-281,468.0,470.0,0.105,3.58,20.4,19.7,55.0,13.2,7.75,4.57,0.84,3.57,0.34,3.53,0.379,4.67
17HR-281,470.0,472.0,0.085,2.7,21.3,20.4,85.0,47.4,7.74,4.0,1.17,4.41,0.45,3.28,0.376,3.64
17HR-281,472.0,474.0,0.068,1.87,17.0,16.5,63.0,27.9,7.1,4.41,0.97,7.41,0.41,2.85,0.322,4.37
17HR-281,474.0,476.0,0.032,1.68,18.7,17.0,64.0,34.5,7.71,4.37,1.18,5.26,0.67,3.0,0.367,4.01
17HR-281,476.0,478.0,0.026,1.49,17.5,18.0,64.0,21.3,7.18,4.46,1.23,4.62,0.72,2.83,0.355,4.24
17HR-281,478.0,480.0,0.02,1.04,22.3,13.9,84.0,13.5,7.62,4.44,1.67,4.76,0.84,2.62,0.366,3.49
17HR-281,480.0,482.0,0.009,0.68,15.8,13.3,70.0,5.3,6.95,4.41,1.14,5.22,0.8,2.65,0.348,4.11
17HR-281,482.0,484.0,0.005,0.53,14.2,14.4,85.0,5.2,7.3,4.39,1.31,4.62,0.91,2.66,0.348,4.0
17HR-281,484.0,486.0,,0.41,16.8,13.5,72.0,5.1,7.42,4.38,1.3,5.16,0.9,2.67,0.347,4.24
17HR-281,486.0,488.0,,0.28,15.8,13.0,63.0,5.4,7.36,4.5,1.18,3.99,0.84,2.75,0.354,4.45
17HR-281,488.0,490.0,,0.28,20.4,16.0,50.0,7.7,8.3,4.66,1.17,2.76,0.73,3.21,0.377,4.68
17HR-281,490.0,492.0,,0.29,20.0,16.3,58.0,8.6,7.34,4.09,1.3,3.11,0.65,2.88,0.365,3.96
17HR-281,492.0,494.0,,0.26,20.0,14.9,78.0,7.3,7.26,4.15,1.72,4.78,1.01,2.47,0.355,3.76
17HR-281,494.0,496.0,0.005,0.28,16.7,14.7,69.0,6.4,7.07,4.32,1.47,5.77,1.0,2.51,0.346,4.16
17HR-281,496.0,498.0,,0.29,21.3,14.7,94.0,6.0,7.54,4.28,1.93,3.86,1.28,2.32,0.378,2.81
17HR-281,498.0,500.0,0.006,0.3,19.8,14.5,78.0,7.0,7.22,4.14,1.59,5.74,0.88,2.35,0.331,3.4
17HR-281,500.0,502.0,0.006,0.43,17.2,17.9,65.0,7.5,6.99,4.43,1.18,4.21,1.27,2.51,0.349,4.42
17HR-281,502.0,504.0,0.007,0.51,19.2,19.4,73.0,9.4,7.52,5.23,1.32,4.06,1.02,2.8,0.372,5.3
17HR-281,504.0,506.0,,0.48,17.8,16.2,72.0,9.2,8.28,5.04,1.32,4.02,1.13,2.91,0.384,5.19
17HR-281,506.0,508.0,,0.55,19.3,18.8,74.0,8.3,7.29,4.53,1.3,4.31,0.87,2.69,0.352,4.44
17HR-281,508.0,510.0,,0.51,23.8,15.9,85.0,5.8,6.92,4.38,1.49,5.07,1.44,2.21,0.365,3.68
17HR-281,510.0,512.0,,0.6,20.6,16.8,69.0,6.7,7.3,4.88,1.26,5.57,1.06,2.53,0.338,4.6
17HR-281,512.0,514.0,,0.41,18.9,14.5,84.0,5.3,7.69,3.94,1.35,5.03,1.59,2.36,0.362,2.45
17HR-281,514.0,516.0,,0.4,13.5,12.8,92.0,4.8,7.83,4.17,1.42,5.04,1.47,2.3,0.358,1.75
17HR-281,516.0,518.0,,0.17,15.3,8.2,103.0,3.6,8.06,4.13,1.56,5.75,1.59,2.26,0.365,1.39
17HR-281,518.0,520.0,,0.37,19.6,15.7,117.0,6.0,7.36,5.01,1.49,5.53,1.36,2.26,0.341,3.32
17HR-281,520.0,522.0,,0.21,15.0,11.4,129.0,4.9,7.67,4.01,1.52,5.11,1.73,2.17,0.341,1.51
17HR-281,522.0,524.0,,0.19,14.1,10.9,117.0,5.9,7.51,4.11,1.59,4.76,1.57,2.16,0.338,1.24
17HR-281,524.0,526.0,,0.23,18.5,11.3,89.0,6.7,7.41,4.26,1.53,5.14,1.52,2.17,0.343,1.69
17HR-281,526.0,528.0,0.005,0.19,19.0,10.7,94.0,7.4,7.7,4.4,1.68,5.01,1.41,2.2,0.353,1.51
17HR-281,528.0,530.0,0.009,0.38,18.4,16.8,78.0,12.2,6.81,4.43,1.52,4.44,1.15,2.47,0.359,3.43
17HR-281,530.0,532.0,0.011,0.48,19.2,18.0,65.0,17.2,7.0,4.35,1.44,5.62,0.77,2.81,0.361,3.74
17HR-281,532.0,534.0,0.006,0.31,14.8,13.3,80.0,5.7,6.52,3.78,1.77,8.32,0.56,2.02,0.277,2.16
17HR-281,534.0,536.0,0.009,0.38,15.7,19.1,51.0,8.5,6.38,4.4,1.22,7.7,0.43,2.36,0.271,4.1
17HR-281,536.0,538.0,,0.29,16.1,14.0,83.0,5.3,7.43,4.17,1.79,6.04,1.14,2.19,0.34,2.02
17HR-281,538.0,540.0,,0.28,15.7,12.9,79.0,6.2,7.51,4.18,1.72,5.89,1.27,2.15,0.345,2.39
17HR-281,540.0,542.0,,0.23,22.3,11.1,91.0,7.4,7.16,4.24,1.87,5.18,1.08,2.12,0.354,2.27
17HR-281,542.0,544.0,0.006,0.27,10.8,11.5,99.0,10.0,8.02,4.07,2.15,5.94,1.19,2.06,0.348,1.95
17HR-281,544.0,546.0,0.006,0.34,14.7,11.4,112.0,9.7,7.81,4.19,2.44,4.96,0.7,2.14,0.364,1.8
17HR-281,546.0,548.0,0.005,0.37,14.0,13.0,109.0,13.8,7.25,4.12,1.91,6.06,0.36,2.24,0.344,2.33
17HR-281,548.0,550.0,0.1,3.59,18.1,22.6,76.0,32.9,8.21,4.47,0.65,1.79,0.25,3.29,0.344,5.07
17HR-281,550.0,552.0,0.043,0.52,14.0,26.8,5.0,20.7,7.93,4.23,0.14,0.52,0.24,3.03,0.285,4.84
17HR-281,552.0,554.0,0.015,0.3,17.3,15.3,17.0,50.3,8.55,4.53,0.24,0.82,0.3,3.27,0.348,5.31
17HR-281,554.0,556.0,,0.18,16.2,13.3,24.0,68.0,8.74,4.6,0.57,0.85,0.31,3.28,0.334,5.6
17HR-281,554.0,556.0,,0.17,15.2,13.2,18.0,69.8,8.69,4.46,0.52,0.9,0.31,3.25,0.331,5.47
17HR-281,556.0,558.0,,0.12,11.6,13.4,45.0,36.7,6.97,3.79,1.74,5.0,0.23,2.14,0.272,5.92
17HR-281,558.0,560.0,,0.11,13.8,12.4,39.0,42.1,6.85,3.81,1.3,5.23,0.27,2.28,0.281,7.84
17HR-281,560.0,562.0,,0.19,14.6,14.5,56.0,35.9,7.3,3.83,1.45,4.54,0.28,2.4,0.29,6.43
17HR-281,562.0,564.0,,0.11,17.4,17.1,59.0,32.6,7.21,3.88,1.25,5.06,0.24,2.42,0.278,4.73
17HR-281,564.0,566.0,,0.07,16.2,10.4,76.0,14.0,6.82,3.99,1.17,5.49,0.25,2.55,0.286,4.84
17HR-281,566.0,568.0,,0.06,14.3,12.1,94.0,15.8,7.78,4.32,1.32,4.69,0.26,2.65,0.297,5.68
17HR-281,568.0,570.0,,0.09,19.5,12.3,205.0,17.7,7.11,4.14,1.55,3.9,0.25,2.48,0.29,5.55
17HR-281,570.0,572.0,0.005,0.09,18.2,13.0,383.0,29.9,6.76,4.11,1.55,5.22,0.25,2.34,0.294,5.54
17HR-281,572.0,574.0,,0.1,15.9,9.6,141.0,15.8,6.98,4.06,1.42,5.47,0.25,2.4,0.279,5.61
17HR-281,574.0,576.0,,0.24,21.5,14.4,110.0,35.8,7.38,3.95,1.57,4.01,0.27,2.45,0.282,4.55
17HR-281,576.0,578.0,,0.05,12.5,13.4,81.0,32.6,7.03,3.64,1.13,5.17,0.28,2.61,0.271,4.16
17HR-281,578.0,580.0,,0.05,15.4,14.3,76.0,28.5,7.16,3.49,1.04,4.4,0.3,2.49,0.272,3.9
17HR-281,580.0,582.0,,0.07,17.3,10.8,86.0,27.0,8.24,4.36,1.75,3.36,0.33,2.6,0.31,4.65
17HR-281,582.0,584.0,,0.08,18.5,10.4,61.0,29.0,8.16,4.3,1.73,3.66,0.28,2.63,0.312,4.72
17HR-281,584.0,586.0,,0.06,19.1,10.7,71.0,28.2,7.88,3.98,1.82,3.48,0.24,2.57,0.311,3.76
17HR-281,586.0,588.0,,0.07,19.0,11.6,76.0,25.4,7.77,4.12,1.45,3.17,0.22,2.5,0.288,4.16
17HR-281,588.0,590.0,,0.07,24.7,12.5,118.0,28.9,8.07,4.39,1.49,3.22,0.25,2.71,0.311,4.72
17HR-281,590.0,592.0,,0.09,18.9,13.6,86.0,37.9,7.47,4.11,1.45,3.92,0.24,2.52,0.292,4.56
17HR-281,592.0,594.0,,0.05,20.6,11.8,49.0,38.6,8.02,4.15,1.2,4.17,0.26,2.77,0.311,4.64
17HR-281,594.0,596.0,,0.07,20.0,11.6,61.0,40.6,7.82,4.29,1.37,3.44,0.26,2.68,0.302,4.69
17HR-281,596.0,598.0,0.005,0.07,18.1,10.9,78.0,53.4,7.85,4.4,1.77,3.46,0.25,2.65,0.317,4.72
17HR-281,598.0,600.0,,0.07,14.3,10.7,87.0,57.0,7.72,4.29,1.86,3.47,0.26,2.61,0.316,4.59
17HR-281,600.0,602.0,,0.07,18.4,11.8,65.0,36.4,7.44,4.02,1.39,3.72,0.26,2.55,0.285,4.6
17HR-281,602.0,604.0,,0.06,18.5,13.5,61.0,24.2,7.61,4.12,1.04,4.28,0.43,2.73,0.295,4.76
17HR-281,604.0,606.0,,0.06,15.4,11.0,59.0,15.4,7.01,3.92,0.95,4.67,0.29,2.63,0.294,4.54
17HR-281,606.0,608.0,,0.07,13.7,11.8,66.0,10.7,7.47,3.98,1.08,4.08,0.29,2.71,0.313,4.54
17HR-281,608.0,610.0,,0.1,16.7,12.8,59.0,25.6,7.21,3.82,1.12,3.7,0.29,2.49,0.279,4.77
17HR-281,610.0,612.0,,0.07,22.3,16.1,120.0,28.5,7.63,3.95,1.18,4.74,0.47,2.48,0.283,5.17
17HR-281,612.0,614.0,,0.06,21.0,13.8,66.0,30.9,7.82,4.07,1.28,3.52,0.58,2.49,0.293,5.17
17HR-281,614.0,616.0,,0.05,15.8,12.6,127.0,22.0,8.0,4.14,1.29,3.72,0.48,2.58,0.295,5.55
17HR-281,616.0,618.0,,0.08,19.3,15.5,78.0,26.0,8.33,4.36,1.38,3.03,0.39,2.7,0.309,5.96
17HR-281,618.0,620.0,0.005,0.08,15.7,16.7,188.0,35.2,7.46,4.25,0.33,3.47,0.33,2.72,0.291,6.88
17HR-281,620.0,622.0,,0.14,23.2,18.4,76.0,28.1,8.22,4.3,1.46,3.25,0.34,2.58,0.294,5.9
17HR-281,622.0,624.0,,0.06,17.2,12.8,85.0,32.5,7.39,4.06,1.25,4.47,0.45,2.39,0.281,5.95
17HR-281,624.0,626.0,,0.05,18.6,13.7,115.0,30.8,7.46,4.0,1.32,3.85,0.43,2.38,0.285,5.42
17HR-281,626.0,628.0,,0.07,18.8,12.4,85.0,29.4,7.87,4.11,1.28,3.86,0.37,2.52,0.29,5.7
17HR-281,628.0,630.0,,0.08,19.0,15.7,68.0,30.4,8.16,4.25,1.43,3.69,0.29,2.57,0.308,5.97
17HR-281,630.0,632.0,,0.12,17.0,29.8,104.0,29.1,7.4,4.15,1.36,3.6,0.27,2.4,0.293,5.83
17HR-281,632.0,634.0,0.005,0.15,19.0,35.5,139.0,29.2,8.43,4.4,0.43,2.62,0.31,2.75,0.305,6.81
17HR-281,634.0,636.0,,0.1,21.5,17.0,102.0,25.5,8.47,4.51,1.07,2.8,0.29,2.72,0.311,5.99
17HR-281,636.0,638.0,,0.06,14.3,12.3,66.0,17.9,7.69,4.17,1.37,4.25,0.27,2.46,0.295,5.36
17HR-281,638.0,640.0,,0.06,16.9,12.9,70.0,17.9,7.73,4.21,1.23,4.4,0.27,2.45,0.289,5.24
17HR-281,640.0,642.0,,0.08,15.4,14.6,128.0,23.3,7.6,4.24,1.23,4.74,0.27,2.47,0.303,5.69
17HR-281,642.0,644.0,,0.09,14.5,18.6,100.0,22.8,7.83,4.39,1.13,3.75,0.27,2.52,0.306,5.4
17HR-281,642.0,644.0,0.005,0.08,14.6,17.7,153.0,21.9,7.59,4.3,1.11,3.67,0.27,2.5,0.304,5.33
17HR-281,644.0,646.0,,0.12,22.6,14.6,106.0,30.1,7.43,4.07,1.73,4.58,0.27,2.28,0.316,5.0
17HR-281,646.0,648.0,,0.12,22.6,14.1,102.0,39.2,7.06,3.53,1.32,4.85,0.26,2.14,0.282,4.36
17HR-281,648.0,650.0,,0.14,24.4,15.5,109.0,42.6,7.84,4.08,1.47,4.07,0.28,2.41,0.32,4.92
17HR-281,650.0,652.0,,0.14,25.3,17.0,78.0,40.8,7.24,4.0,1.5,5.1,0.25,2.06,0.294,5.11
17HR-281,652.0,654.0,,0.13,22.9,19.3,60.0,41.0,7.51,4.21,1.79,5.9,0.26,2.07,0.301,5.46
17HR-281,654.0,656.0,0.006,0.13,16.7,18.0,116.0,51.9,7.42,3.82,1.56,5.83,0.28,2.12,0.298,4.75
17HR-282,159.0,161.0,0.028,0.14,9.4,4.7,25.0,7.4,8.91,4.73,1.17,2.1,2.93,2.97,0.199,4.64
17HR-282,3.0,5.0,0.009,0.17,12.4,6.4,50.0,27.9,8.36,4.78,1.35,2.69,3.43,2.27,0.279,3.91
17HR-282,5.0,7.0,0.006,0.2,13.6,7.3,43.0,33.4,7.81,4.37,1.19,2.61,3.43,2.1,0.273,3.69
17HR-282,7.0,9.0,0.026,0.16,11.3,7.4,52.0,48.4,7.59,4.75,1.18,2.45,2.44,2.38,0.277,3.95
17HR-282,9.0,11.0,0.022,0.32,46.6,12.3,40.0,32.4,7.09,4.14,1.04,2.52,2.39,2.34,0.265,4.02
17HR-282,11.0,13.0,0.015,0.28,37.0,8.9,36.0,32.9,7.86,4.62,1.26,2.74,2.69,2.63,0.3,4.41
17HR-282,13.0,15.0,0.019,0.53,12.8,11.1,44.0,34.0,7.23,4.47,1.18,2.71,2.73,2.24,0.263,4.25
17HR-282,15.0,17.0,0.034,0.48,31.5,20.8,33.0,48.1,8.03,5.0,1.14,2.27,2.48,2.94,0.289,4.73
17HR-282,17.0,19.0,0.008,0.23,4.7,11.1,25.0,42.3,7.54,4.23,1.22,2.87,2.72,2.65,0.278,4.12
17HR-282,19.0,21.0,0.011,0.32,7.1,14.4,38.0,62.7,7.57,4.71,1.19,2.85,2.71,2.85,0.281,4.73
17HR-282,21.0,23.0,0.006,0.29,3.1,9.1,31.0,49.8,8.32,4.34,1.29,2.62,3.24,2.74,0.292,4.2
17HR-282,23.0,25.0,0.011,0.24,6.0,6.6,45.0,37.3,8.13,5.07,1.23,2.39,3.19,2.53,0.273,4.75
17HR-282,25.0,27.0,0.044,0.19,3.5,5.1,41.0,53.2,8.46,5.49,1.43,1.92,3.4,2.41,0.293,4.75
17HR-282,27.0,29.0,0.013,0.22,3.6,7.2,52.0,25.7,8.68,5.51,1.56,1.57,4.05,2.0,0.299,3.98
17HR-282,29.0,31.0,0.062,0.62,3.2,5.0,54.0,66.6,8.87,5.81,1.54,1.28,4.58,1.63,0.31,4.75
17HR-282,31.0,33.0,0.036,0.31,4.2,7.2,66.0,55.4,8.42,6.25,1.5,0.89,3.94,1.99,0.297,4.94
17HR-282,33.0,35.0,0.043,0.37,27.3,7.0,55.0,47.3,8.18,5.7,1.44,1.72,3.49,2.19,0.283,4.89
17HR-282,35.0,37.0,0.016,0.24,7.5,13.7,50.0,58.9,8.23,5.61,1.24,2.4,3.47,2.15,0.301,4.98
17HR-282,37.0,39.0,0.017,0.32,3.5,8.2,46.0,58.9,8.61,5.3,1.24,1.61,3.49,3.04,0.281,4.88
17HR-282,39.0,41.0,0.029,0.22,23.2,9.2,50.0,36.6,8.13,6.29,1.33,1.75,2.75,3.38,0.259,5.81
17HR-282,41.0,43.0,0.015,0.23,6.9,9.4,47.0,31.6,8.19,5.92,1.17,1.79,3.06,3.18,0.276,5.56
17HR-282,43.0,45.0,0.014,0.2,4.6,7.9,49.0,60.4,8.21,4.89,1.22,1.89,3.25,2.61,0.26,4.84
17HR-282,45.0,47.0,0.013,0.17,3.3,8.7,52.0,67.4,8.42,5.21,1.16,1.59,3.72,2.36,0.266,5.07
17HR-282,47.0,49.0,0.057,1.2,77.2,13.6,646.0,55.6,8.03,5.97,1.58,1.68,3.96,1.93,0.272,5.3
17HR-282,49.0,51.0,0.013,0.17,3.7,6.8,51.0,42.5,8.67,5.23,1.37,1.48,4.07,2.14,0.278,4.96
17HR-282,51.0,53.0,0.011,0.14,2.7,9.1,55.0,30.8,8.27,4.82,1.37,1.35,3.44,2.75,0.265,4.45
17HR-282,53.0,55.0,0.018,0.21,4.5,8.9,51.0,33.2,8.49,5.67,1.37,1.3,3.66,2.84,0.278,5.41
17HR-282,55.0,57.0,,0.16,2.9,7.3,48.0,32.4,8.69,4.81,1.28,2.01,3.62,2.91,0.283,4.96
17HR-282,57.0,59.0,0.008,0.16,2.9,6.7,47.0,37.9,8.42,5.48,1.38,1.95,3.29,3.44,0.27,5.58
17HR-282,59.0,61.0,0.008,0.16,3.2,6.8,41.0,29.2,8.48,5.36,1.3,1.65,3.51,3.22,0.284,5.18
17HR-282,59.0,61.0,0.009,0.17,3.1,6.6,40.0,24.1,8.2,5.05,1.35,1.71,3.19,3.3,0.274,4.83
17HR-282,61.0,63.0,0.008,0.15,3.5,7.7,41.0,32.9,8.27,5.4,1.17,1.43,3.43,2.87,0.274,5.4
17HR-282,63.0,65.0,0.035,0.22,85.6,11.2,53.0,37.3,7.95,6.84,1.32,1.42,3.18,2.52,0.265,6.24
17HR-282,65.0,67.0,0.126,1.07,28.9,402.0,368.0,35.5,7.67,5.14,1.04,2.19,2.22,2.78,0.24,5.06
17HR-282,67.0,69.0,0.048,0.7,10.3,14.5,43.0,21.8,7.6,3.51,0.98,2.1,2.19,3.08,0.199,3.1
17HR-282,69.0,71.0,0.053,0.62,17.1,13.0,43.0,18.0,7.74,3.42,1.14,2.29,2.87,3.19,0.204,2.87
17HR-282,71.0,73.0,0.051,0.34,20.4,5.7,42.0,28.3,7.46,4.06,1.02,2.52,2.77,3.19,0.189,3.18
17HR-282,73.0,75.0,0.042,0.35,22.7,8.2,53.0,16.1,7.79,3.96,1.05,2.57,3.47,2.64,0.236,3.0
17HR-282,75.0,77.0,0.037,0.34,26.6,187.0,2340.0,14.4,8.29,3.25,0.9,2.32,3.03,3.01,0.256,2.63
17HR-282,77.0,79.0,0.063,0.18,17.3,19.7,59.0,8.1,6.76,3.19,0.99,1.89,2.64,2.22,0.213,1.6
17HR-282,79.0,81.0,0.071,0.17,28.9,6.3,77.0,9.5,8.19,3.71,1.35,2.58,3.42,2.81,0.266,1.33
17HR-282,81.0,83.0,0.061,0.13,28.8,7.6,78.0,8.3,8.01,4.59,1.22,2.94,2.81,3.39,0.25,2.31
17HR-282,83.0,85.0,0.082,0.17,36.2,6.3,80.0,8.4,7.19,4.33,1.25,2.77,2.53,2.96,0.231,1.85
17HR-282,85.0,87.0,0.06,0.25,15.5,6.8,88.0,10.5,8.42,4.39,1.44,3.13,2.95,2.78,0.26,2.13
17HR-282,87.0,89.0,0.159,2.07,39.5,7.5,81.0,16.5,6.74,4.37,1.49,3.82,1.9,2.37,0.185,2.75
17HR-282,89.0,91.0,0.049,0.77,28.6,8.7,49.0,21.5,7.05,4.02,1.13,3.11,2.44,2.42,0.205,2.83
17HR-282,91.0,93.0,0.173,9.33,63.6,11.7,57.0,47.9,7.44,4.81,1.12,2.82,2.71,2.68,0.206,3.78
17HR-282,93.0,95.0,0.055,0.59,7.4,7.7,32.0,7.0,6.82,3.41,0.89,3.78,2.77,2.4,0.204,3.04
17HR-282,95.0,97.0,0.069,0.47,6.2,6.1,39.0,10.9,7.89,4.26,1.13,1.93,3.18,2.84,0.21,3.49
17HR-282,97.0,99.0,0.051,0.21,13.8,4.4,46.0,6.3,8.28,3.65,1.28,2.19,3.38,2.54,0.223,2.28
17HR-282,99.0,101.0,0.083,0.11,22.5,6.5,55.0,8.1,7.88,4.13,1.23,2.43,3.64,2.16,0.224,2.17
17HR-282,101.0,103.0,0.045,0.15,19.2,6.2,51.0,7.8,7.82,3.85,1.19,2.65,3.11,2.45,0.234,2.58
17HR-282,103.0,105.0,0.066,0.21,25.2,5.4,40.0,10.8,8.07,4.09,1.12,2.06,3.29,2.54,0.202,3.38
17HR-282,105.0,107.0,0.058,0.12,26.5,5.2,41.0,15.4,7.97,4.14,1.11,2.11,2.93,2.95,0.207,3.57
17HR-282,107.0,109.0,0.074,0.3,6.4,14.3,77.0,19.4,8.19,4.91,1.06,1.72,2.62,3.08,0.21,4.18
17HR-282,109.0,111.0,0.292,1.39,8.0,152.0,647.0,79.5,7.04,9.15,1.15,1.32,2.02,2.39,0.191,7.84
17HR-282,111.0,113.0,0.599,0.74,6.9,64.8,265.0,55.0,6.96,8.16,1.06,1.32,2.04,2.35,0.176,7.04
17HR-282,113.0,115.0,0.051,0.28,5.2,12.6,62.0,11.0,7.75,4.25,1.08,2.45,3.12,2.5,0.181,3.64
17HR-282,115.0,117.0,0.043,0.51,19.4,47.6,129.0,12.9,7.87,4.39,1.04,2.42,2.35,2.91,0.17,4.0
17HR-282,117.0,119.0,0.04,0.1,4.2,5.6,58.0,11.3,7.91,4.82,1.18,2.16,2.85,2.71,0.199,3.9
17HR-282,119.0,121.0,0.052,0.09,4.4,4.1,59.0,13.6,7.76,5.08,1.27,1.38,3.0,2.57,0.191,3.63
17HR-282,121.0,123.0,0.161,0.25,9.6,11.0,89.0,45.1,7.33,8.31,1.24,1.36,2.54,2.43,0.167,6.63
17HR-282,123.0,125.0,0.151,0.24,5.8,8.7,76.0,70.6,6.25,8.81,1.13,1.39,2.23,1.83,0.149,7.4
17HR-282,125.0,127.0,0.085,0.35,5.3,10.2,75.0,44.0,7.14,7.4,1.14,1.54,2.04,2.9,0.186,5.81
17HR-282,127.0,129.0,0.066,0.59,4.9,11.0,62.0,54.4,7.51,6.06,1.15,1.31,1.45,2.98,0.214,4.88
17HR-282,129.0,131.0,0.07,1.35,12.8,105.5,101.0,39.0,7.02,5.86,0.89,1.81,0.6,3.38,0.233,5.61
17HR-282,131.0,133.0,0.116,1.08,10.4,14.0,30.0,20.9,7.84,4.84,0.6,2.1,0.68,3.93,0.219,4.77
17HR-282,133.0,135.0,0.043,0.41,4.4,9.6,47.0,13.2,7.45,4.74,0.93,2.85,2.05,4.52,0.205,4.17
17HR-282,135.0,137.0,0.077,0.87,8.0,11.7,34.0,28.2,7.56,5.24,0.71,1.82,0.92,3.72,0.225,5.25
17HR-282,137.0,139.0,0.053,0.35,13.6,8.8,25.0,15.7,8.63,4.63,0.85,1.96,1.53,3.77,0.238,4.7
17HR-282,139.0,141.0,0.031,0.09,7.5,5.6,20.0,11.1,8.66,3.85,1.04,2.37,2.75,3.69,0.202,3.73
17HR-282,141.0,143.0,0.065,0.16,5.1,5.2,22.0,12.5,8.31,4.45,0.91,2.3,1.97,3.32,0.215,4.43
17HR-282,143.0,145.0,0.048,0.11,5.4,5.2,46.0,22.9,8.09,4.59,1.2,2.55,1.81,3.28,0.212,3.93
17HR-282,145.0,147.0,0.077,0.27,3.2,4.5,30.0,6.6,8.65,4.25,1.07,2.33,2.86,3.17,0.19,4.15
17HR-282,147.0,149.0,0.028,0.12,5.2,5.6,14.0,12.0,8.65,4.73,0.92,2.53,1.75,3.66,0.192,5.1
17HR-282,147.0,149.0,0.021,0.09,5.0,5.2,14.0,13.8,8.51,4.64,0.89,2.51,1.79,3.65,0.183,5.03
17HR-282,149.0,151.0,0.017,0.09,3.4,4.7,13.0,10.6,9.1,4.48,0.91,1.96,2.21,3.6,0.2,4.83
17HR-282,151.0,153.0,0.029,0.25,4.9,8.4,14.0,12.2,8.78,4.54,0.75,2.23,2.27,3.32,0.214,4.96
17HR-282,153.0,155.0,0.038,0.27,4.3,4.6,14.0,8.7,8.31,5.1,0.65,3.13,2.58,3.17,0.237,5.51
17HR-282,155.0,157.0,0.042,0.11,8.6,5.0,21.0,5.1,8.86,4.43,1.07,2.63,3.03,3.19,0.216,4.68
17HR-282,157.0,159.0,0.033,0.1,6.9,6.2,19.0,5.1,9.13,4.89,1.02,2.39,2.55,3.69,0.199,5.12
17HR-282,161.0,163.0,0.05,0.48,5.5,4.7,23.0,12.0,9.07,5.17,1.02,1.82,2.43,3.27,0.203,5.39
17HR-282,163.0,165.0,0.021,0.16,4.7,4.0,23.0,4.8,8.99,4.76,0.96,2.11,2.33,3.39,0.189,4.96
17HR-282,165.0,167.0,0.027,0.11,7.0,4.7,21.0,2.3,8.5,4.43,1.07,1.83,1.98,3.27,0.153,4.63
17HR-282,167.0,169.0,0.029,0.13,13.0,4.9,14.0,5.5,8.97,4.86,0.88,2.04,1.94,4.0,0.175,5.26
17HR-282,169.0,171.0,0.024,0.09,8.8,5.4,17.0,3.7,9.27,4.57,1.07,1.52,2.22,3.58,0.145,4.83
17HR-282,171.0,173.0,0.048,0.26,6.5,7.8,15.0,6.1,8.98,4.61,0.97,1.64,1.57,3.65,0.182,4.84
17HR-282,173.0,175.0,0.036,0.14,6.3,9.0,17.0,10.3,9.48,4.95,1.06,1.69,2.3,3.45,0.218,5.02
17HR-282,175.0,177.0,0.05,0.08,4.7,4.0,17.0,13.0,8.59,5.09,1.06,2.03,1.95,3.17,0.194,5.09
17HR-282,177.0,179.0,0.043,0.14,5.9,7.0,13.0,17.6,9.12,5.82,0.89,1.54,1.74,3.62,0.174,6.22
17HR-282,179.0,181.0,0.201,0.34,5.8,5.1,27.0,10.5,8.22,5.99,0.99,1.79,1.66,3.19,0.18,5.72
17HR-282,181.0,183.0,0.015,0.07,3.1,4.6,24.0,5.8,8.79,5.4,1.04,1.84,1.83,3.35,0.183,5.4
17HR-282,183.0,185.0,0.016,0.05,3.3,4.6,23.0,6.3,8.7,4.77,1.08,1.91,2.13,3.27,0.172,4.88
17HR-282,185.0,187.0,0.014,0.05,3.3,4.2,21.0,5.7,8.58,4.81,0.97,2.17,1.98,3.41,0.176,5.02
17HR-282,187.0,189.0,0.025,0.13,3.8,4.3,32.0,4.4,8.49,4.75,0.86,1.95,1.65,3.53,0.17,5.11
17HR-282,189.0,191.0,0.016,0.07,2.7,3.9,36.0,3.0,8.53,4.29,1.11,2.34,2.03,3.23,0.207,4.53
17HR-282,191.0,193.0,0.082,0.18,7.3,6.2,47.0,26.5,7.51,7.47,1.14,2.2,1.84,2.78,0.167,7.56
17HR-282,193.0,195.0,0.021,0.06,5.6,5.2,26.0,3.0,8.5,4.6,1.1,1.71,2.14,3.2,0.152,4.91
17HR-282,195.0,197.0,0.045,0.07,7.0,5.9,22.0,3.2,7.99,4.66,1.04,1.81,1.95,3.15,0.127,4.98
17HR-282,197.0,199.0,0.025,0.09,4.3,6.2,28.0,4.0,8.23,4.77,1.17,1.94,2.14,3.02,0.158,5.06
17HR-282,199.0,201.0,0.024,0.32,4.7,7.3,44.0,5.2,8.29,4.58,0.97,1.98,1.64,3.22,0.164,5.06
17HR-282,201.0,203.0,0.02,0.18,3.1,5.4,16.0,5.3,8.28,4.69,0.81,1.97,1.48,3.36,0.157,5.3
17HR-282,203.0,205.0,0.011,0.13,2.7,4.9,17.0,3.4,8.39,4.23,0.87,1.88,1.54,3.38,0.144,4.8
17HR-282,205.0,207.0,0.047,0.41,4.0,3.7,12.0,5.9,8.2,4.51,0.78,1.76,1.4,3.24,0.152,5.17
17HR-282,207.0,209.0,0.05,0.22,8.1,4.8,15.0,5.5,8.21,4.8,0.87,1.82,1.78,3.06,0.135,5.39
17HR-282,209.0,211.0,0.029,0.09,5.0,4.3,21.0,5.2,8.52,4.83,1.0,1.67,1.96,3.0,0.141,5.22
17HR-282,211.0,213.0,0.039,0.07,7.9,4.8,28.0,7.2,7.84,4.94,0.81,3.1,1.37,3.31,0.187,5.37
17HR-282,213.0,215.0,0.06,1.8,6.1,5.7,25.0,4.1,8.36,3.84,0.98,2.21,1.8,3.17,0.203,4.2
17HR-282,215.0,217.0,0.019,0.08,5.6,4.0,22.0,4.5,8.29,4.41,1.03,1.86,1.96,2.97,0.175,4.75
17HR-282,217.0,219.0,0.057,0.23,9.4,4.0,19.0,15.0,8.22,5.93,0.92,1.94,2.16,2.75,0.172,6.38
17HR-282,219.0,221.0,0.032,0.07,9.5,3.3,22.0,4.8,8.63,4.11,1.01,2.32,2.63,2.77,0.194,4.64
17HR-282,221.0,223.0,0.024,0.08,10.5,5.1,18.0,5.4,7.8,3.71,0.87,2.14,2.23,3.11,0.183,4.16
17HR-282,223.0,225.0,0.026,0.1,13.8,9.5,27.0,4.1,8.15,4.54,1.19,2.23,2.14,2.98,0.219,4.92
17HR-282,225.0,227.0,0.048,0.1,12.7,5.8,23.0,7.2,8.2,4.88,1.12,2.41,1.77,3.37,0.207,5.26
17HR-282,227.0,229.0,0.052,0.34,8.7,10.7,27.0,11.1,8.32,5.44,0.83,2.21,0.91,4.01,0.238,5.79
17HR-282,229.0,231.0,0.106,0.32,14.3,8.7,58.0,62.4,8.0,8.31,1.35,1.35,1.43,3.26,0.232,7.74
17HR-282,231.0,233.0,0.046,0.14,24.1,5.8,28.0,7.5,8.41,5.07,1.13,2.37,1.83,3.62,0.194,5.27
17HR-282,233.0,235.0,0.033,0.11,13.6,4.9,29.0,5.5,8.02,4.67,1.1,2.14,1.96,3.1,0.202,4.8
17HR-282,235.0,237.0,0.121,0.24,27.4,9.3,49.0,23.1,7.77,5.58,1.35,2.56,1.83,2.96,0.237,5.31
17HR-282,235.0,237.0,0.145,0.22,27.5,9.3,45.0,24.7,7.72,5.94,1.31,2.42,1.86,2.95,0.235,5.76
17HR-282,237.0,239.0,0.099,0.34,20.4,16.4,68.0,13.2,7.62,5.54,1.36,2.42,1.61,2.98,0.244,4.8
17HR-282,239.0,241.0,0.031,0.13,4.2,7.3,63.0,16.6,8.4,6.07,1.66,1.49,2.47,2.78,0.259,4.49
17HR-282,241.0,243.0,0.221,0.91,4.6,10.6,57.0,32.2,8.71,6.49,1.44,1.22,2.41,2.8,0.282,5.1
17HR-282,243.0,245.0,0.064,0.15,3.7,6.6,73.0,25.6,8.14,6.07,1.39,1.58,1.45,2.88,0.232,4.24
17HR-282,245.0,247.0,0.028,0.14,6.9,8.1,67.0,17.3,8.27,4.47,1.23,2.2,1.99,2.83,0.255,3.15
17HR-282,247.0,249.0,0.027,1.03,121.5,589.0,1900.0,24.6,7.43,4.25,1.49,3.41,0.27,3.19,0.258,3.42
17HR-282,249.0,251.0,,0.1,12.6,16.7,63.0,12.4,7.59,3.83,1.35,3.99,0.45,3.39,0.298,3.78
17HR-282,251.0,253.0,,0.1,13.0,10.7,65.0,27.4,7.46,3.51,1.29,3.8,0.47,3.36,0.279,2.28
17HR-282,253.0,255.0,,0.14,14.1,18.2,76.0,19.0,7.6,3.81,1.07,3.04,0.41,3.4,0.285,3.7
17HR-282,255.0,257.0,,0.13,12.6,15.6,48.0,19.0,7.67,3.92,1.38,3.49,0.68,3.29,0.297,3.88
17HR-282,257.0,259.0,,0.11,11.9,13.2,93.0,17.7,7.82,3.75,1.75,3.62,0.83,3.0,0.285,3.67
17HR-282,259.0,261.0,,0.1,14.6,10.1,69.0,14.9,7.82,3.79,1.87,3.36,1.38,2.73,0.298,3.27
17HR-282,261.0,263.0,,0.05,12.2,9.7,64.0,14.3,7.68,3.75,1.65,3.55,1.21,2.78,0.28,3.69
17HR-282,263.0,265.0,,0.1,13.7,14.1,79.0,18.7,7.36,3.84,1.33,3.58,0.94,2.93,0.296,3.77
17HR-282,265.0,267.0,,0.17,11.1,12.4,67.0,10.7,7.19,3.56,1.64,4.54,0.57,2.94,0.27,2.61
17HR-282,267.0,269.0,,0.25,11.7,13.0,71.0,16.9,7.15,3.79,1.45,4.05,0.49,3.08,0.266,2.13
17HR-282,269.0,271.0,,0.09,10.3,10.7,62.0,9.7,7.5,3.51,1.3,3.45,1.6,2.83,0.3,1.97
17HR-282,271.0,273.0,,0.09,10.3,6.5,66.0,4.9,7.1,3.53,1.36,3.83,1.94,2.29,0.281,0.94
17HR-282,273.0,275.0,,0.15,12.4,10.6,73.0,8.1,7.86,3.94,1.42,2.74,2.21,2.14,0.294,1.2
17HR-282,275.0,277.0,,0.2,12.0,17.1,71.0,7.9,7.74,3.89,1.41,4.31,1.9,2.24,0.282,1.75
17HR-282,277.0,279.0,,0.1,9.2,6.8,74.0,3.6,7.29,3.62,1.75,6.16,2.03,1.68,0.258,0.53
17HR-282,279.0,281.0,,0.08,9.9,10.5,78.0,4.0,7.75,3.86,1.39,3.42,2.1,2.34,0.29,2.77
17HR-282,281.0,283.0,,0.12,12.6,16.2,72.0,4.1,7.54,3.92,1.25,3.09,1.69,2.53,0.283,3.18
17HR-282,283.0,285.0,,0.11,12.2,17.8,78.0,4.5,7.86,4.07,1.28,2.85,1.94,2.56,0.297,3.43
17HR-282,285.0,287.0,,0.18,16.2,18.4,85.0,4.8,7.35,3.79,1.32,3.67,2.1,2.31,0.287,2.86
17HR-282,287.0,289.0,,0.22,10.3,11.4,79.0,3.4,7.28,3.77,1.42,3.51,1.91,2.32,0.293,2.37
17HR-282,289.0,291.0,,0.1,11.7,9.5,79.0,14.2,7.38,4.01,1.59,3.3,2.56,1.91,0.283,2.17
17HR-282,291.0,293.0,,0.09,13.4,14.5,71.0,4.3,7.66,4.0,1.39,3.3,2.41,2.26,0.291,2.36
17HR-282,293.0,295.0,,0.11,14.3,15.0,69.0,3.2,7.93,3.99,1.69,2.43,3.23,1.82,0.289,1.87
17HR-282,295.0,297.0,,0.12,13.8,14.0,79.0,3.2,7.68,4.03,1.97,2.34,3.65,1.4,0.285,1.93
17HR-282,297.0,299.0,,0.1,13.4,15.4,80.0,3.1,7.59,4.01,2.01,2.36,3.59,1.6,0.288,2.27
17HR-282,299.0,301.0,,0.06,11.6,10.1,81.0,2.7,7.27,3.85,1.61,3.16,2.72,1.99,0.27,2.14
17HR-282,301.0,303.0,,0.07,12.0,11.1,78.0,4.1,7.81,4.09,1.59,3.46,2.83,2.18,0.295,2.12
17HR-282,303.0,305.0,0.005,0.07,13.5,11.6,72.0,7.0,7.72,3.98,1.38,3.63,2.53,2.31,0.292,2.74
17HR-282,305.0,307.0,,0.05,13.4,11.8,82.0,6.9,7.2,3.97,1.46,3.63,2.31,2.39,0.286,3.79
17HR-282,307.0,309.0,,0.05,18.5,10.4,75.0,6.9,7.24,3.83,1.54,4.16,2.53,2.39,0.281,3.62
17HR-282,309.0,311.0,,0.04,12.0,10.6,69.0,8.0,7.02,3.91,1.46,3.33,2.52,2.43,0.286,4.0
17HR-282,311.0,313.0,,0.08,10.0,14.4,79.0,6.2,7.08,3.86,1.46,2.96,2.39,2.59,0.286,3.97
17HR-282,313.0,315.0,,0.09,13.0,12.7,70.0,8.1,7.5,4.07,1.37,3.87,2.67,2.57,0.294,4.0
17HR-282,315.0,317.0,,0.07,12.1,10.7,74.0,7.7,7.44,3.99,1.78,2.66,3.36,2.18,0.289,2.64
17HR-282,317.0,319.0,,0.07,11.8,11.3,76.0,9.0,8.12,4.14,1.79,2.58,3.23,2.39,0.297,2.69
17HR-282,319.0,321.0,,0.09,11.7,12.4,67.0,6.5,7.49,3.9,1.56,3.17,2.42,2.65,0.283,4.0
17HR-282,321.0,323.0,,0.06,11.9,10.0,61.0,5.1,7.26,3.56,1.4,2.49,2.63,2.55,0.286,3.67
17HR-282,323.0,325.0,,0.06,11.0,11.5,66.0,4.7,7.55,3.92,1.45,3.13,2.35,2.63,0.281,4.12
17HR-282,323.0,325.0,,0.05,11.0,11.0,62.0,5.1,7.14,3.88,1.39,3.2,2.28,2.64,0.275,4.07
17HR-282,325.0,327.0,,0.04,11.0,9.8,65.0,4.8,7.28,3.69,1.37,3.34,2.24,2.53,0.278,3.59
17HR-282,327.0,329.0,,0.05,12.3,11.2,66.0,4.0,7.39,4.05,1.41,2.2,1.63,2.93,0.278,4.18
17HR-282,329.0,331.0,,0.06,11.5,11.8,67.0,4.8,7.16,3.84,1.4,2.54,1.8,2.78,0.28,3.88
17HR-282,331.0,333.0,,0.06,12.9,12.6,67.0,4.2,7.86,4.31,1.48,2.37,1.48,2.98,0.289,4.31
17HR-282,333.0,335.0,,0.06,10.7,11.1,70.0,4.3,7.45,3.75,1.48,3.15,2.17,2.59,0.279,3.41
17HR-282,335.0,337.0,,0.06,11.7,10.3,72.0,4.5,7.3,3.8,1.32,4.5,2.74,2.08,0.278,2.5
17HR-282,337.0,339.0,,0.05,11.9,9.3,66.0,4.1,7.65,3.72,1.27,2.92,3.0,1.92,0.285,2.21
17HR-282,339.0,341.0,,0.07,10.8,10.8,64.0,3.6,7.38,3.72,1.29,3.6,2.55,2.19,0.288,3.2
17HR-282,341.0,343.0,,0.03,10.5,6.5,66.0,4.2,7.44,3.59,1.57,4.14,2.39,1.88,0.276,1.27
17HR-282,343.0,345.0,,0.07,11.8,12.5,64.0,10.4,6.99,3.72,1.27,4.48,1.2,2.69,0.276,4.11
17HR-282,345.0,347.0,,0.06,11.3,10.3,69.0,5.2,7.1,3.52,1.48,3.16,1.72,2.44,0.275,3.87
17HR-282,347.0,349.0,,0.09,11.7,10.7,84.0,6.0,7.37,3.82,1.38,3.24,1.34,2.76,0.287,4.23
17HR-282,349.0,351.0,,0.06,11.4,11.0,78.0,6.9,6.94,3.73,1.62,3.82,0.72,2.83,0.285,4.12
17HR-282,351.0,353.0,0.006,0.07,9.3,10.1,73.0,8.0,7.03,3.75,1.4,3.56,1.32,2.51,0.284,4.07
17HR-282,353.0,355.0,,0.06,9.2,9.2,64.0,10.8,7.14,3.47,1.17,4.33,1.86,2.4,0.279,3.61
17HR-282,355.0,357.0,0.007,0.06,11.3,10.9,64.0,8.1,6.77,3.49,1.32,4.46,1.06,2.58,0.273,3.79
17HR-282,357.0,359.0,0.01,0.08,11.3,11.4,68.0,8.2,7.07,3.77,1.26,4.5,0.6,2.91,0.289,4.27
17HR-282,359.0,361.0,0.011,0.17,10.6,10.8,65.0,7.8,6.99,3.67,1.27,4.4,0.6,2.95,0.283,4.16
17HR-282,361.0,363.0,0.015,0.38,10.3,11.8,65.0,9.4,6.18,3.25,1.3,5.78,0.46,2.51,0.243,3.64
17HR-282,363.0,365.0,0.011,0.39,10.9,11.6,73.0,8.8,7.47,3.92,1.26,4.81,0.65,2.98,0.288,4.46
17HR-282,365.0,367.0,0.019,0.79,17.8,14.2,82.0,10.1,7.6,3.89,1.0,4.23,0.07,3.3,0.285,4.36
17HR-282,367.0,369.0,0.014,0.78,14.4,14.0,79.0,9.8,7.55,3.82,0.74,3.19,0.06,3.47,0.285,4.32
17HR-282,369.0,371.0,0.012,0.96,13.1,13.7,85.0,8.0,8.01,4.06,0.91,3.55,0.06,3.71,0.307,4.64
17HR-282,371.0,373.0,0.027,1.82,11.7,17.3,68.0,15.0,6.79,3.43,1.08,6.87,0.05,3.14,0.255,3.85
17HR-282,373.0,375.0,0.019,1.6,12.3,13.9,82.0,13.1,7.34,3.59,1.22,3.83,0.05,3.29,0.261,3.96
17HR-282,375.0,377.0,0.017,1.74,10.7,15.5,81.0,8.2,6.64,3.46,1.35,6.68,0.37,2.84,0.25,3.77
17HR-282,377.0,379.0,0.013,1.4,12.7,13.9,81.0,12.9,7.16,3.49,1.32,5.2,0.05,3.14,0.262,3.82
17HR-282,379.0,381.0,0.019,1.74,13.9,18.1,98.0,15.0,7.22,4.07,1.04,4.64,0.1,3.48,0.303,4.61
17HR-282,381.0,383.0,0.042,2.53,16.1,41.6,138.0,23.8,7.97,4.26,1.07,4.39,0.12,3.62,0.315,4.66
17HR-282,383.0,385.0,0.016,0.75,13.9,11.9,91.0,10.5,7.07,3.75,1.49,3.41,0.53,2.92,0.289,2.82
17HR-282,385.0,387.0,0.049,1.71,14.8,512.0,266.0,16.4,6.91,3.91,0.99,5.2,0.44,3.2,0.281,3.85
17HR-282,387.0,389.0,0.079,8.04,36.5,1160.0,6510.0,22.2,7.26,3.78,1.24,3.81,0.41,3.21,0.267,3.59
17HR-282,389.0,391.0,0.11,0.91,12.6,15.7,69.0,25.1,6.83,3.56,1.2,4.65,0.51,3.08,0.258,2.8
17HR-284,4.31,6.0,0.045,0.63,47.7,21.1,152.0,358.0,7.46,4.49,1.43,5.27,0.97,2.92,0.259,2.08
17HR-284,6.0,8.0,0.025,0.26,29.1,10.9,102.0,104.5,6.43,4.26,1.69,10.4,0.62,2.39,0.228,1.25
17HR-284,8.0,10.0,0.02,0.12,14.2,10.1,84.0,17.1,7.5,4.29,1.6,5.4,0.97,2.88,0.267,1.67
17HR-284,10.0,12.0,0.011,0.82,6.0,10.3,78.0,19.4,7.6,4.66,1.46,4.41,1.42,2.69,0.292,2.98
17HR-284,12.0,14.0,0.015,0.52,6.2,8.4,77.0,23.0,7.6,4.7,1.39,4.0,1.37,2.71,0.3,2.86
17HR-284,14.0,16.0,0.053,0.7,17.0,15.7,91.0,33.8,7.78,5.02,1.31,4.38,1.48,2.78,0.315,3.47
17HR-284,16.0,18.0,0.012,0.28,24.0,10.8,68.0,32.4,7.9,4.18,1.17,3.54,1.03,3.54,0.298,2.47
17HR-284,18.0,20.0,0.018,0.27,7.7,7.3,77.0,19.7,8.01,4.32,1.27,3.44,0.88,3.21,0.262,2.05
17HR-284,20.0,22.0,0.03,1.03,12.2,11.1,69.0,25.9,8.16,5.9,1.57,3.93,1.42,2.69,0.323,3.9
17HR-284,22.0,24.0,0.054,0.68,20.3,12.7,74.0,35.1,7.77,5.91,1.44,4.49,1.03,2.83,0.293,3.53
17HR-284,24.0,26.0,0.071,0.25,218.0,5.8,89.0,15.7,7.38,4.36,1.33,5.76,0.62,3.27,0.248,0.57
17HR-284,24.0,26.0,0.034,0.33,363.0,6.3,91.0,17.3,7.46,4.57,1.36,6.49,0.65,3.27,0.251,0.65
17HR-284,26.0,28.0,0.014,0.1,33.9,5.3,80.0,14.4,7.44,3.85,1.19,4.6,1.15,3.38,0.229,0.68
17HR-284,28.0,30.0,0.064,0.31,151.0,5.8,81.0,19.8,7.52,4.1,1.23,4.91,0.99,3.36,0.22,0.78
17HR-284,30.0,32.0,0.006,0.13,56.5,6.6,89.0,13.3,7.72,3.53,1.21,5.3,1.36,3.59,0.222,0.48
17HR-284,32.0,34.0,0.037,0.85,314.0,9.5,65.0,37.6,6.88,4.27,1.03,3.19,1.0,2.98,0.206,1.78
17HR-284,34.0,36.0,0.012,0.17,53.1,7.9,83.0,18.7,8.15,4.12,1.19,3.54,1.43,3.51,0.248,1.13
17HR-284,36.0,38.0,0.088,1.31,19.7,16.2,53.0,64.2,7.7,5.65,0.85,3.52,1.31,3.63,0.238,4.57
17HR-284,38.0,40.0,0.035,0.21,10.9,12.6,63.0,37.6,7.77,4.4,0.95,3.83,2.05,3.52,0.242,2.64
17HR-284,40.0,42.0,0.094,1.9,45.1,11.3,88.0,35.2,8.05,4.84,1.18,2.62,1.41,3.83,0.238,2.54
17HR-284,42.0,44.0,0.04,0.62,14.0,7.6,86.0,41.7,8.12,4.32,1.27,2.85,1.5,3.45,0.224,1.93
17HR-284,44.0,46.0,0.015,0.2,17.7,9.4,104.0,29.4,7.96,3.95,1.2,3.2,1.35,3.47,0.218,1.62
17HR-284,46.0,48.0,0.026,0.19,16.4,10.2,94.0,46.1,7.78,4.23,1.22,3.34,0.99,3.39,0.207,1.74
17HR-284,48.0,50.0,0.126,1.01,1400.0,20.6,91.0,38.8,6.62,4.8,2.59,4.24,0.41,2.9,0.19,2.51
17HR-284,50.0,52.0,0.105,0.43,212.0,9.3,79.0,24.2,7.81,4.59,1.75,2.56,0.75,3.65,0.228,1.97
17HR-284,52.0,54.0,0.092,0.28,138.5,7.8,74.0,20.2,7.5,3.81,1.33,4.56,1.01,3.56,0.22,1.38
17HR-284,54.0,56.0,0.021,0.13,28.0,6.4,77.0,17.8,7.73,3.72,1.34,3.98,0.99,3.73,0.226,1.04
17HR-284,56.0,58.0,0.021,0.16,59.9,4.8,86.0,24.1,6.93,4.17,1.79,6.78,0.63,3.15,0.196,0.77
17HR-284,58.0,60.0,0.036,0.22,17.4,3.9,84.0,16.5,7.25,4.04,2.44,3.8,0.53,3.37,0.21,0.69
17HR-284,60.0,62.0,0.029,0.2,45.2,6.4,77.0,39.4,7.35,4.72,1.75,2.97,0.32,3.45,0.213,1.46
17HR-284,62.0,64.0,0.197,0.38,155.5,21.1,239.0,36.3,6.75,4.39,1.35,5.71,0.3,3.27,0.21,1.46
17HR-284,64.0,66.0,0.428,0.97,258.0,129.5,1060.0,29.1,4.49,2.95,0.37,16.15,0.34,2.24,0.129,2.54
17HR-284,66.0,68.0,,0.28,12.0,9.9,76.0,9.5,7.3,3.39,0.89,4.02,1.23,3.8,0.248,0.8
17HR-284,68.0,70.0,0.009,0.13,6.9,9.6,66.0,9.2,7.55,3.46,0.96,4.18,1.46,3.69,0.244,0.88
17HR-284,70.0,72.0,0.021,0.21,4.4,10.5,57.0,11.3,7.29,3.44,0.75,4.27,1.12,3.72,0.238,1.79
17HR-284,72.0,74.0,,0.08,8.9,6.9,62.0,9.2,7.38,3.26,0.89,3.73,1.26,3.75,0.25,0.63
17HR-284,74.0,76.0,0.006,0.08,11.4,7.9,67.0,7.6,7.13,3.34,0.91,3.7,1.26,3.73,0.239,0.54
17HR-284,76.0,78.0,0.021,0.21,10.0,13.6,83.0,14.1,7.6,4.01,1.08,5.76,1.01,3.55,0.241,1.63
17HR-284,78.0,80.0,0.066,0.11,21.3,8.1,68.0,9.4,7.12,3.48,0.93,5.07,1.25,3.67,0.239,0.8
17HR-284,80.0,82.0,,0.1,14.0,7.0,69.0,17.0,7.37,3.45,0.94,4.52,0.94,3.81,0.242,0.72
17HR-284,82.0,84.0,0.005,0.08,22.9,6.6,72.0,8.9,7.39,3.84,1.05,3.53,1.41,3.52,0.242,0.81
17HR-284,84.0,86.0,0.007,0.43,25.8,9.0,83.0,13.2,7.67,3.92,1.11,4.69,1.34,3.45,0.243,0.87
17HR-284,86.0,88.0,,0.17,9.5,5.4,75.0,8.0,7.46,3.66,1.07,3.78,1.47,3.46,0.245,0.49
17HR-284,88.0,90.0,0.05,0.23,22.8,6.7,75.0,19.9,7.49,4.29,1.2,4.92,1.2,3.26,0.262,1.04
17HR-284,90.0,92.0,0.089,0.48,72.4,10.7,66.0,22.2,5.23,4.06,1.43,14.0,0.61,2.14,0.153,1.81
17HR-284,92.0,94.0,0.02,0.31,261.0,9.5,100.0,26.3,6.8,4.22,1.26,7.75,1.02,2.72,0.2,1.34
17HR-284,94.0,96.0,0.024,0.28,50.3,9.8,77.0,22.2,7.24,3.86,1.13,6.19,0.85,3.54,0.228,1.48
17HR-284,96.0,98.0,0.026,0.44,7.5,10.6,67.0,19.9,7.38,4.43,1.01,3.61,1.14,3.57,0.239,2.24
17HR-284,98.0,100.0,0.011,0.23,5.1,9.1,62.0,16.1,7.4,4.16,1.02,4.17,1.37,3.42,0.242,1.87
17HR-284,100.0,102.0,0.062,0.49,147.0,10.3,42.0,43.2,5.78,4.12,1.05,10.7,0.33,2.77,0.172,2.73
17HR-284,102.0,104.0,0.135,0.89,276.0,9.4,45.0,37.9,5.1,3.0,0.62,14.9,0.15,2.7,0.148,2.14
17HR-284,104.0,106.0,0.048,0.65,16.8,11.5,36.0,27.9,6.4,3.15,0.52,7.98,0.25,3.52,0.21,2.69
17HR-284,106.0,108.0,0.022,0.38,8.6,13.0,50.0,15.4,6.8,3.07,0.87,6.19,0.4,4.05,0.237,2.05
17HR-284,108.0,110.0,0.029,0.22,18.7,10.0,134.0,14.7,7.33,3.09,0.72,4.48,0.47,4.43,0.252,1.71
17HR-284,110.0,112.0,0.023,0.25,5.9,10.7,62.0,15.7,7.73,3.52,0.92,3.57,0.52,4.29,0.249,1.85
17HR-284,112.0,114.0,0.025,0.31,16.1,10.6,71.0,19.2,8.13,4.32,1.23,3.79,0.51,4.04,0.257,2.34
17HR-284,112.0,114.0,0.023,0.29,20.9,10.9,73.0,20.4,7.76,4.38,1.18,3.56,0.5,3.96,0.258,2.43
17HR-284,114.0,116.0,0.032,0.1,21.3,10.3,114.0,104.0,8.11,5.32,1.92,4.18,0.95,3.97,0.355,0.71
17HR-284,116.0,118.0,0.028,0.06,16.2,8.9,141.0,6.2,8.21,5.35,1.93,4.41,1.34,3.44,0.356,0.44
17HR-284,118.0,120.0,0.013,0.16,30.8,12.2,153.0,23.5,7.93,4.99,1.56,6.86,1.08,3.28,0.323,1.47
17HR-284,120.0,122.0,0.022,0.25,23.3,12.9,98.0,28.0,7.97,5.61,1.38,4.91,2.05,2.98,0.356,3.31
17HR-284,122.0,124.0,0.013,0.18,143.0,5.1,121.0,10.9,8.9,5.99,2.1,3.92,2.53,2.59,0.367,2.55
17HR-284,124.0,126.0,0.019,0.54,53.6,6.8,112.0,22.8,7.86,5.66,1.94,3.95,1.4,3.0,0.344,3.02
17HR-284,126.0,128.0,,0.12,15.9,4.6,138.0,11.8,8.51,5.56,2.13,4.42,1.69,2.82,0.344,2.27
17HR-284,128.0,130.0,,0.13,5.8,6.0,142.0,9.9,8.02,5.29,1.74,4.37,1.98,2.71,0.334,2.46
17HR-284,130.0,132.0,,0.07,8.7,4.4,104.0,7.7,8.41,4.98,1.69,4.9,1.72,2.75,0.316,1.65
17HR-284,132.0,134.0,,0.07,5.1,4.0,91.0,5.8,7.63,4.86,1.49,5.22,1.85,2.68,0.309,2.07
17HR-284,134.0,136.0,,0.05,2.7,3.7,117.0,6.8,8.65,5.4,2.08,4.55,2.08,2.59,0.346,1.51
17HR-284,136.0,138.0,,0.05,1.9,2.6,116.0,5.1,8.37,5.23,1.78,4.41,2.21,2.63,0.315,1.06
17HR-284,138.0,140.0,,0.02,3.6,2.3,114.0,6.4,8.8,5.39,1.84,4.18,2.26,2.59,0.329,0.72
17HR-284,140.0,142.0,,0.04,8.7,2.8,108.0,6.7,8.03,5.02,1.59,4.63,2.12,2.54,0.331,1.11
17HR-284,142.0,144.0,0.04,0.37,64.0,4.1,96.0,10.0,8.27,5.29,1.53,4.9,2.15,2.65,0.331,1.77
17HR-284,144.0,146.0,,0.07,20.2,3.5,105.0,7.1,8.31,5.08,1.66,4.88,2.03,2.66,0.321,1.48
17HR-284,146.0,148.0,,0.02,3.3,2.6,120.0,6.3,9.03,5.14,1.9,4.69,2.12,2.69,0.328,0.99
17HR-284,148.0,150.0,,0.16,74.4,3.7,111.0,8.5,8.57,5.17,1.83,4.59,2.4,2.57,0.333,1.71
17HR-284,150.0,152.0,0.021,0.17,48.5,5.7,97.0,13.9,8.2,5.3,1.42,4.29,2.17,2.94,0.327,2.6
17HR-284,152.0,154.0,,0.1,34.8,21.2,329.0,16.3,8.26,4.98,1.41,4.46,1.83,3.11,0.325,2.14
17HR-284,154.0,156.0,0.047,0.87,57.5,23.0,115.0,43.0,7.93,5.85,1.5,4.65,1.6,3.29,0.329,4.31
17HR-284,156.0,158.0,0.006,0.22,7.5,8.4,131.0,14.7,8.68,5.54,1.98,4.26,2.06,3.01,0.381,2.47
17HR-284,158.0,160.0,,0.18,10.5,7.7,121.0,19.5,8.14,5.14,1.54,4.32,1.59,3.3,0.352,2.34
17HR-284,160.0,162.0,0.006,0.41,43.5,46.7,148.0,21.6,8.17,5.73,1.8,4.05,1.9,3.29,0.374,3.06
17HR-284,162.0,164.0,0.011,0.29,23.1,14.7,120.0,22.2,7.66,5.27,1.38,4.4,1.61,3.39,0.33,3.35
17HR-284,164.0,166.0,0.019,0.47,45.0,12.5,128.0,35.1,8.64,6.08,1.67,4.98,1.87,2.97,0.344,3.47
17HR-284,166.0,168.0,0.005,0.07,15.3,6.9,80.0,9.8,7.96,4.56,1.27,4.9,1.86,2.83,0.294,1.57
17HR-284,168.0,170.0,0.005,0.05,4.9,5.7,101.0,19.8,7.96,4.67,1.55,4.57,1.73,2.71,0.303,1.1
17HR-284,170.0,172.0,,0.04,3.0,5.2,116.0,11.2,7.7,4.83,1.81,3.85,1.7,2.89,0.302,1.05
17HR-284,172.0,174.0,,0.03,3.3,4.8,114.0,8.4,8.12,4.94,1.81,4.42,1.76,3.04,0.323,1.37
17HR-284,174.0,176.0,0.115,0.43,107.0,8.9,115.0,21.8,7.84,5.02,1.67,3.93,1.64,3.02,0.309,2.41
17HR-284,176.0,178.0,0.012,0.44,144.5,12.7,109.0,27.1,7.83,5.6,2.3,4.2,1.63,3.19,0.336,3.13
17HR-284,178.0,180.0,0.006,0.17,8.8,8.1,111.0,11.0,7.75,5.27,2.04,3.29,2.05,2.57,0.338,1.84
17HR-284,180.0,182.0,,0.07,3.0,4.9,109.0,14.9,8.1,5.14,1.9,3.87,2.01,2.57,0.337,1.18
17HR-284,182.0,184.0,0.008,0.19,17.0,9.7,99.0,17.4,7.75,5.15,1.95,3.12,2.05,2.61,0.337,1.93
17HR-284,184.0,186.0,0.008,0.18,23.0,6.5,106.0,16.6,7.76,5.47,1.77,3.61,1.98,2.87,0.335,1.82
17HR-284,186.0,188.0,0.027,0.68,29.5,9.0,100.0,28.6,7.44,5.97,1.88,3.33,2.11,2.68,0.339,2.77
17HR-284,188.0,190.0,0.047,1.03,136.0,12.5,104.0,31.4,7.28,6.93,1.97,3.53,1.88,2.89,0.341,3.51
17HR-284,190.0,192.0,0.057,0.89,35.7,21.3,107.0,18.4,7.28,5.23,1.92,3.5,1.51,3.06,0.317,2.43
17HR-284,192.0,194.0,0.16,1.58,60.7,15.2,127.0,34.8,6.76,6.57,2.12,8.35,1.3,2.43,0.288,3.98
17HR-284,194.0,196.0,0.022,0.28,5.0,8.2,94.0,23.9,7.5,6.23,1.71,3.72,2.3,2.92,0.318,3.64
17HR-284,196.0,198.0,0.007,0.11,2.1,4.7,72.0,17.8,7.47,4.94,1.44,3.35,2.37,3.02,0.316,2.62
17HR-284,198.0,200.0,,0.18,2.0,4.6,81.0,19.6,7.67,5.24,1.55,3.35,2.44,2.89,0.322,2.73
17HR-284,200.0,202.0,0.037,0.87,10.1,10.9,72.0,35.9,7.13,5.91,1.36,3.78,1.75,3.34,0.308,4.16
17HR-284,200.0,202.0,0.037,0.87,9.5,10.7,74.0,38.1,7.07,6.09,1.4,3.69,1.68,3.32,0.311,4.27
17HR-284,202.0,204.0,0.021,0.4,4.9,11.6,76.0,23.8,7.54,5.51,1.71,3.02,2.05,3.17,0.33,3.81
17HR-284,204.0,206.0,0.012,0.28,15.5,6.8,85.0,19.9,7.42,5.6,1.69,3.22,1.83,3.26,0.32,2.93
17HR-284,206.0,208.0,,0.12,12.4,5.8,97.0,13.5,7.76,5.17,1.97,3.87,1.77,3.0,0.319,1.91
17HR-284,208.0,210.0,0.01,0.19,13.4,7.8,87.0,18.3,7.41,4.86,1.66,3.93,1.97,3.06,0.324,2.42
17HR-284,210.0,212.0,0.008,0.14,8.3,6.7,86.0,18.5,7.37,5.57,1.82,3.45,1.81,3.03,0.324,2.27
17HR-284,212.0,214.0,0.025,0.16,5.3,7.8,85.0,90.6,7.62,5.94,1.62,2.81,2.16,2.84,0.32,3.16
17HR-284,214.0,216.0,0.133,0.4,4.0,49.1,91.0,42.6,7.6,5.3,1.49,2.43,1.13,3.67,0.267,2.28
17HR-284,216.0,218.0,0.157,0.4,5.3,7.3,45.0,147.5,6.85,4.94,1.25,2.53,0.5,3.68,0.236,3.42
17HR-284,218.0,220.0,0.076,0.28,5.1,5.3,48.0,192.0,7.47,3.97,1.15,2.18,1.33,3.62,0.23,2.5
17HR-284,220.0,222.0,0.105,0.67,6.1,5.6,45.0,115.5,7.64,4.33,1.08,2.13,1.5,3.72,0.233,2.68
17HR-284,222.0,224.0,0.078,1.1,4.3,6.4,51.0,106.5,7.4,4.34,1.11,1.92,1.11,3.94,0.226,2.92
17HR-284,224.0,226.0,0.106,1.35,22.1,7.2,49.0,96.6,7.38,4.48,0.94,1.51,0.73,3.81,0.235,3.58
17HR-284,226.0,228.0,0.099,1.42,4.2,8.4,40.0,102.5,7.61,4.86,1.0,1.74,0.72,4.11,0.258,3.82
17HR-284,228.0,230.0,0.059,1.14,12.7,7.5,1100.0,89.7,7.8,4.17,1.07,1.4,1.25,3.91,0.249,3.01
17HR-284,230.0,232.0,0.063,0.81,6.3,6.7,123.0,82.9,7.61,4.21,0.94,1.18,0.62,3.52,0.23,3.45
17HR-284,232.0,234.0,0.035,0.73,7.9,7.4,50.0,52.3,7.87,4.17,1.1,1.06,1.19,3.62,0.241,2.66
17HR-284,234.0,236.0,,0.09,6.3,4.5,44.0,6.2,7.03,3.06,1.05,2.56,2.29,2.88,0.236,0.83
17HR-284,236.0,238.0,,0.11,4.9,4.7,44.0,6.8,7.02,3.26,1.09,2.76,1.76,3.11,0.238,0.8
17HR-284,238.0,240.0,,0.04,4.7,3.6,43.0,8.8,7.49,3.27,1.04,2.4,1.82,3.36,0.255,0.55
17HR-284,240.0,242.0,,0.06,16.9,3.9,44.0,8.4,7.15,3.69,1.22,2.87,1.97,2.93,0.238,0.97
17HR-284,242.0,244.0,0.007,0.08,28.3,6.9,56.0,24.7,7.45,3.59,1.2,2.57,2.23,2.93,0.24,0.83
17HR-284,244.0,246.0,,0.01,8.6,4.0,57.0,5.3,7.27,3.45,1.13,2.52,2.51,3.04,0.243,0.27
17HR-284,246.0,248.0,,0.03,5.7,3.3,53.0,9.4,7.21,3.7,1.13,2.58,2.36,3.08,0.227,0.69
17HR-284,248.0,250.0,0.009,0.06,2.3,3.5,52.0,22.3,7.15,4.35,1.28,3.01,1.93,2.92,0.238,1.44
17HR-284,250.0,252.0,,0.06,2.3,3.2,38.0,12.1,7.18,3.74,1.21,2.75,2.19,2.77,0.211,2.0
17HR-284,252.0,254.0,,0.09,1.7,4.2,26.0,1.7,7.09,3.58,0.92,2.57,2.4,2.75,0.196,3.22
17HR-284,254.0,256.0,0.012,0.06,1.4,3.1,37.0,8.1,7.09,3.74,1.09,2.54,2.25,2.85,0.209,2.41
17HR-284,256.0,258.0,0.007,0.16,2.9,5.6,34.0,11.9,7.48,3.8,1.06,2.32,1.37,3.49,0.226,3.12
17HR-284,258.0,260.0,0.013,0.09,5.8,3.8,42.0,18.6,7.76,3.89,1.11,1.92,1.69,3.21,0.239,2.46
17HR-284,260.0,262.0,0.01,0.04,7.3,2.7,55.0,21.1,7.39,3.16,1.14,2.37,2.64,2.72,0.241,0.94
17HR-284,262.0,264.0,,0.13,3.9,5.9,29.0,4.4,7.89,3.65,1.09,1.78,2.59,3.28,0.25,3.36
17HR-284,264.0,266.0,,0.12,3.4,5.7,29.0,1.9,7.91,3.63,1.14,1.66,2.8,3.06,0.243,3.59
17HR-284,266.0,268.0,,0.1,2.4,5.4,31.0,2.3,7.79,3.91,1.16,1.91,2.43,3.34,0.249,3.79
17HR-284,268.0,270.0,,0.11,3.2,5.7,26.0,2.2,7.59,4.04,1.01,2.44,2.23,3.32,0.241,4.15
17HR-284,270.0,272.0,,0.16,5.3,7.1,25.0,5.1,7.42,3.77,0.91,1.84,1.71,3.1,0.236,3.97
17HR-284,272.0,274.0,,0.18,4.3,7.7,25.0,2.8,7.26,3.78,0.84,2.37,1.71,3.37,0.236,3.91
17HR-284,274.0,276.0,0.013,0.18,2.7,6.5,27.0,30.4,7.12,4.1,0.64,3.5,1.37,3.61,0.227,3.98
17HR-284,276.0,278.0,0.01,0.26,78.5,5.2,21.0,37.4,7.59,4.22,0.56,2.63,1.48,3.42,0.232,4.35
17HR-284,278.0,280.0,0.007,0.12,13.4,3.7,30.0,21.4,7.9,4.16,0.83,2.19,1.87,3.79,0.234,4.0
17HR-284,280.0,282.0,0.031,0.17,3.6,4.7,32.0,46.9,7.49,4.53,0.86,1.8,1.48,3.47,0.212,4.14
17HR-284,282.0,284.0,0.037,0.1,6.5,4.1,41.0,49.2,7.45,4.54,1.05,1.85,1.52,3.52,0.205,3.62
17HR-284,284.0,286.0,0.064,0.87,167.5,4.0,45.0,47.7,7.69,4.12,0.87,2.09,1.6,3.33,0.211,3.89
17HR-284,286.0,288.0,0.012,0.26,63.2,6.4,33.0,20.2,7.79,4.08,1.01,2.06,1.74,3.62,0.225,3.81
17HR-284,288.0,290.0,0.121,0.22,211.0,4.4,37.0,57.3,7.34,4.61,1.19,1.39,1.65,2.99,0.194,3.95
17HR-284,288.0,290.0,0.212,0.28,397.0,4.3,38.0,51.5,7.15,4.68,1.22,1.65,1.61,2.96,0.198,3.99
17HR-284,290.0,292.0,0.093,0.67,1410.0,7.3,28.0,40.5,6.46,4.23,1.28,3.84,0.91,2.79,0.174,3.77
17HR-284,292.0,294.0,0.018,0.12,7.4,3.7,23.0,22.2,7.2,4.02,0.65,2.4,1.15,3.42,0.214,3.97
17HR-284,294.0,296.0,,0.14,6.1,2.8,22.0,12.6,7.45,3.75,0.56,2.97,1.35,3.54,0.219,3.64
17HR-284,296.0,298.0,,0.27,80.1,3.7,34.0,7.4,7.76,3.99,1.0,1.93,1.73,3.66,0.23,3.44
17HR-284,298.0,300.0,0.012,0.2,26.1,4.9,31.0,19.5,7.23,4.22,0.82,2.56,1.4,3.54,0.232,4.11
17HR-284,300.0,302.0,0.023,0.18,5.2,9.4,40.0,21.9,7.15,4.81,1.13,2.59,1.2,3.42,0.245,4.58
17HR-284,302.0,304.0,0.021,0.19,4.0,19.5,45.0,7.5,7.27,3.91,0.83,2.08,1.05,3.37,0.226,3.95
17HR-284,304.0,306.0,0.454,0.27,14.5,5.3,39.0,17.6,7.62,4.36,1.1,2.01,1.54,3.43,0.213,3.81
17HR-284,306.0,308.0,0.75,0.24,42.0,6.3,47.0,38.3,6.81,3.78,1.15,2.93,1.58,3.11,0.2,2.63
17HR-284,308.0,310.0,0.061,0.29,10.5,6.3,32.0,49.0,6.77,4.35,0.86,2.64,1.29,3.21,0.204,4.37
17HR-284,310.0,312.0,0.006,0.17,3.3,7.7,29.0,5.1,7.25,3.82,1.01,2.41,1.66,3.68,0.216,3.81
17HR-284,312.0,314.0,0.007,0.2,21.8,5.4,38.0,5.6,7.55,4.17,1.22,2.11,1.98,3.62,0.234,3.94
17HR-284,314.0,316.0,0.008,0.12,3.8,5.7,29.0,17.6,7.16,4.19,0.98,2.4,1.6,3.46,0.224,4.29
17HR-284,316.0,318.0,0.006,0.17,3.7,5.4,22.0,9.4,7.06,3.88,0.77,2.67,1.83,3.6,0.2,3.96
17HR-284,318.0,320.0,0.11,0.29,5.5,6.2,21.0,78.5,7.51,4.12,0.55,1.22,1.77,3.61,0.188,4.33
17HR-284,320.0,322.0,0.542,2.15,287.0,48.3,18.0,91.5,5.93,5.14,0.38,1.63,1.15,3.0,0.205,5.5
17HR-284,322.0,324.0,0.703,4.18,492.0,12.2,88.0,103.0,6.26,5.54,0.55,1.04,0.52,3.15,0.173,5.76
17HR-284,324.0,326.0,0.143,0.3,39.4,5.5,43.0,31.9,7.31,5.2,0.96,1.48,1.62,3.91,0.194,4.39
17HR-284,326.0,328.0,0.098,0.19,63.9,5.3,76.0,25.3,7.79,6.01,1.43,1.06,1.9,3.85,0.222,3.55
17HR-284,328.0,330.0,0.055,0.12,6.6,4.0,66.0,25.3,7.72,5.21,1.36,1.44,2.04,3.48,0.216,2.62
17HR-284,330.0,332.0,0.011,0.3,14.6,5.5,58.0,17.1,7.93,4.48,1.28,1.28,2.23,3.48,0.222,2.82
17HR-284,332.0,334.0,0.007,0.14,3.6,6.0,42.0,5.7,7.95,4.17,1.18,1.85,2.25,3.67,0.224,3.61
17HR-284,334.0,336.0,0.011,0.14,3.0,8.0,46.0,11.6,7.83,4.56,1.2,1.72,2.21,3.77,0.241,4.25
17HR-284,336.0,338.0,0.061,0.21,3.9,6.3,50.0,23.4,7.38,5.05,1.18,2.32,2.03,3.53,0.223,4.25
17HR-284,338.0,340.0,0.05,0.1,4.0,5.4,58.0,18.8,7.43,4.85,1.35,2.21,2.14,3.46,0.248,3.08
17HR-284,340.0,342.0,0.013,0.11,5.9,7.6,40.0,5.5,7.18,3.81,1.16,2.15,1.74,3.84,0.242,3.36
17HR-284,342.0,344.0,0.008,0.15,4.9,9.8,34.0,4.5,7.27,4.09,1.11,2.66,1.91,3.76,0.243,4.21
17HR-284,344.0,346.0,,0.24,8.7,14.3,39.0,2.3,7.84,4.28,1.22,1.82,2.42,3.32,0.279,4.52
17HR-284,346.0,348.0,,0.09,4.5,6.7,33.0,2.4,8.05,4.05,1.13,1.97,2.56,3.46,0.252,4.19
17HR-284,348.0,350.0,0.005,0.12,3.6,7.8,38.0,2.4,7.67,3.91,1.12,1.88,2.46,3.52,0.248,4.01
17HR-284,350.0,352.0,0.008,0.12,5.1,6.6,48.0,9.2,7.21,4.21,1.14,2.36,2.13,3.31,0.261,3.49
17HR-284,352.0,354.0,0.005,0.08,2.8,4.7,54.0,3.9,7.8,3.91,1.24,2.07,2.3,3.25,0.253,2.59
17HR-284,354.0,356.0,,0.07,4.9,6.6,76.0,5.2,7.68,3.7,1.23,2.19,2.52,3.57,0.261,1.57
17HR-284,356.0,358.0,0.006,0.25,15.2,34.8,94.0,11.1,7.56,3.68,1.24,2.12,2.37,3.44,0.268,2.74
17HR-284,358.0,360.0,0.016,0.22,9.2,34.3,140.0,26.4,6.94,3.9,1.02,2.64,2.09,2.97,0.236,2.44
17HR-284,360.0,362.0,,0.03,14.5,5.1,128.0,3.8,7.32,3.65,1.23,2.79,2.18,3.58,0.264,0.14
17HR-284,362.0,364.0,,0.04,16.1,4.1,127.0,2.8,7.54,3.74,1.27,2.02,2.17,4.0,0.269,0.06
17HR-284,364.0,366.0,,0.03,27.7,41.8,195.0,1.7,7.35,3.6,1.18,2.53,2.2,3.88,0.265,0.09
17HR-284,366.0,368.0,0.006,0.02,7.1,4.1,104.0,1.0,7.34,3.66,1.18,2.73,2.07,3.72,0.267,0.09
17HR-284,368.0,370.0,,0.02,8.8,3.8,97.0,1.4,7.88,3.85,1.31,3.04,1.83,3.77,0.269,0.33
17HR-284,370.0,372.0,,0.03,15.1,4.0,82.0,1.6,7.21,3.32,1.13,3.84,1.65,3.3,0.243,0.87
17HR-284,372.0,374.0,,0.02,7.8,4.7,88.0,1.8,6.87,3.52,1.1,3.12,1.95,3.5,0.257,0.31
17HR-284,374.0,376.0,,0.02,6.6,3.3,124.0,1.0,7.23,4.15,1.58,3.37,2.35,2.94,0.305,0.84
17HR-284,376.0,378.0,,0.04,23.2,6.3,115.0,2.0,7.45,3.96,1.48,3.66,2.14,3.2,0.3,0.64
17HR-284,376.0,378.0,,0.03,23.1,5.6,112.0,1.9,7.43,3.85,1.44,3.86,2.11,3.14,0.289,0.67
17HR-284,378.0,380.0,,0.02,8.5,5.3,119.0,1.3,7.31,3.86,1.39,2.63,2.17,3.54,0.29,0.03
17HR-284,380.0,382.0,0.005,0.07,24.4,38.3,192.0,2.7,7.59,3.77,1.38,2.7,2.3,3.62,0.284,0.14
17HR-284,382.0,384.0,,0.05,7.5,5.9,108.0,1.1,7.47,3.62,1.45,1.99,2.86,3.44,0.265,0.02
17HR-284,384.0,386.0,,0.04,8.7,5.9,128.0,0.7,7.27,3.89,1.36,2.67,2.55,3.56,0.266,0.16
17HR-284,386.0,388.0,,0.04,10.2,4.6,101.0,1.4,7.55,3.72,1.2,2.32,2.57,3.83,0.27,0.06
17HR-284,388.0,390.0,0.01,0.04,7.6,5.2,93.0,3.7,7.51,3.59,1.22,2.73,1.98,4.1,0.269,0.33
17HR-284,390.0,392.0,0.019,0.16,3.0,12.7,58.0,13.4,7.54,5.06,1.1,1.29,2.71,3.1,0.242,4.04
17HR-284,392.0,394.0,0.122,0.25,2.9,18.8,61.0,33.6,8.02,4.67,1.2,1.16,2.95,3.18,0.261,3.48
17HR-284,394.0,396.0,0.027,0.14,3.8,10.9,63.0,19.0,8.07,3.69,1.22,1.37,3.19,3.16,0.241,2.44
17HR-284,396.0,398.0,0.007,0.16,10.0,12.1,56.0,15.3,7.93,4.41,1.15,1.65,2.82,3.36,0.224,3.98
17HR-284,398.0,400.0,0.024,0.12,5.2,5.1,47.0,6.9,7.83,4.36,1.19,1.66,3.08,3.12,0.251,3.86
17HR-284,400.0,402.0,0.025,2.14,13.7,5.2,45.0,5.4,7.8,4.82,1.18,0.9,2.88,3.33,0.25,4.28
17HR-284,402.0,404.0,0.075,0.16,3.5,5.2,49.0,6.4,7.74,4.63,1.21,1.2,2.9,3.33,0.244,4.15
17HR-284,404.0,406.0,0.007,0.11,5.3,5.1,49.0,8.3,8.16,4.19,1.18,1.74,3.24,2.8,0.232,4.01
17HR-284,406.0,408.0,0.007,0.15,4.4,5.1,45.0,4.0,7.73,3.92,1.14,1.5,2.39,3.8,0.24,3.72
17HR-284,408.0,410.0,0.012,0.19,1.9,8.0,46.0,3.7,7.4,3.84,1.06,2.23,2.56,3.53,0.228,3.74
17HR-284,410.0,412.0,0.053,0.13,2.7,7.0,78.0,8.8,8.21,3.91,1.3,1.08,2.89,3.11,0.257,2.17
17HR-284,412.0,414.0,0.093,0.13,5.4,12.4,74.0,66.9,7.67,4.25,1.28,1.76,2.3,3.15,0.236,2.13
17HR-284,414.0,416.0,0.042,0.08,4.4,6.0,69.0,19.9,7.38,3.9,1.24,2.32,2.37,3.29,0.236,1.31
17HR-284,416.0,418.0,0.143,0.12,4.7,8.3,74.0,16.4,7.29,4.09,1.17,1.72,2.25,3.15,0.213,1.67
17HR-284,418.0,420.0,0.076,0.09,5.0,8.4,84.0,11.1,7.22,4.59,1.26,1.66,2.25,3.22,0.209,1.89
17HR-284,420.0,422.0,0.079,0.08,3.0,6.8,95.0,13.2,7.54,4.4,1.27,1.33,2.32,3.44,0.233,1.45
17HR-284,422.0,424.0,0.119,0.13,2.3,9.8,89.0,19.9,6.78,4.8,1.3,2.63,2.05,3.21,0.211,2.28
17HR-284,424.0,426.0,0.097,0.09,2.0,6.3,79.0,11.4,6.36,3.93,1.06,5.69,1.88,2.58,0.193,4.7
17HR-284,426.0,428.0,0.065,0.06,1.8,5.3,84.0,9.9,7.18,3.94,1.19,2.74,2.2,3.26,0.221,2.06
17HR-284,428.0,430.0,0.112,0.08,2.0,4.8,83.0,12.5,7.23,4.34,1.18,2.78,2.17,3.17,0.213,2.48
17HR-284,430.0,432.0,0.039,0.07,2.8,4.7,79.0,10.2,7.46,4.04,1.28,1.89,2.45,3.14,0.233,0.71
17HR-284,432.0,434.0,0.064,0.09,2.5,4.6,82.0,11.8,7.36,4.29,1.25,1.65,2.21,3.17,0.222,1.12
17HR-284,434.0,436.0,0.014,0.05,3.2,4.4,81.0,8.6,7.35,4.0,1.28,2.24,2.58,3.01,0.238,0.6
17HR-284,436.0,438.0,0.029,0.08,3.5,4.8,109.0,11.1,7.32,4.12,1.32,1.89,2.29,3.16,0.222,0.73
17HR-284,438.0,440.0,0.03,0.18,5.5,5.3,100.0,14.4,7.03,3.77,1.16,2.05,2.26,3.19,0.225,0.5
17HR-284,440.0,442.0,0.155,0.07,7.5,6.1,76.0,40.8,7.44,3.96,1.18,2.24,1.98,3.37,0.224,1.47
17HR-284,442.0,444.0,0.446,0.13,4.7,7.4,88.0,26.4,7.32,4.75,1.22,1.62,1.8,3.79,0.226,1.89
17HR-284,444.0,446.0,0.2,0.81,6.8,7.0,64.0,18.0,7.53,4.87,1.23,1.89,1.87,3.54,0.214,2.76
17HR-284,446.0,448.0,0.092,0.1,12.3,7.5,78.0,13.1,7.41,4.2,1.2,2.05,2.2,3.48,0.24,1.34
17HR-284,448.0,450.0,0.009,0.1,6.9,6.1,64.0,4.3,8.17,3.63,1.34,1.91,2.33,3.74,0.274,1.86
17HR-284,450.0,452.0,0.047,0.12,5.8,7.3,47.0,3.9,8.0,3.62,1.1,1.78,2.41,3.74,0.25,3.21
17HR-285,344.0,346.0,0.005,0.02,6.9,6.8,84.0,23.7,7.8,6.28,2.24,5.09,1.02,2.74,0.431,0.08
17HR-285,6.0,8.0,,0.13,31.6,10.7,104.0,14.2,7.85,5.42,2.42,2.5,1.32,2.06,0.387,0.04
17HR-285,8.0,10.0,,0.08,24.4,13.4,92.0,10.7,7.8,5.07,2.77,2.96,1.54,1.79,0.374,0.01
17HR-285,10.0,12.0,,0.04,21.2,8.4,78.0,8.2,7.68,4.68,2.35,2.29,1.45,2.17,0.343,0.06
17HR-285,12.0,14.0,,0.02,30.9,4.4,69.0,9.5,8.19,4.53,2.05,1.79,1.48,2.36,0.344,0.12
17HR-285,14.0,16.0,,0.05,37.5,5.0,84.0,14.3,7.93,5.11,2.44,2.44,1.6,2.29,0.379,0.05
17HR-285,16.0,18.0,0.005,0.23,50.6,7.9,97.0,14.8,7.72,6.17,2.24,4.33,1.76,2.27,0.44,0.04
17HR-285,18.0,20.0,,0.08,18.6,7.7,110.0,65.9,7.83,6.88,3.22,6.31,1.64,1.6,0.484,0.54
17HR-285,20.0,22.0,0.006,0.08,22.7,7.8,102.0,38.1,7.99,6.45,2.89,4.22,1.29,2.06,0.467,0.29
17HR-285,22.0,24.0,0.005,0.09,32.2,7.1,108.0,18.7,7.78,6.77,3.07,4.9,1.56,1.85,0.476,0.08
17HR-285,24.0,26.0,,0.07,32.3,5.5,106.0,45.6,8.18,6.76,3.12,4.14,1.39,1.92,0.48,0.29
17HR-285,26.0,28.0,,0.03,18.8,6.7,108.0,69.4,8.54,6.73,2.53,6.54,1.25,2.39,0.453,0.6
17HR-285,28.0,30.0,,0.04,40.3,6.7,101.0,49.1,8.6,6.55,1.94,6.08,0.34,3.63,0.495,0.32
17HR-285,30.0,32.0,,0.04,11.5,6.7,105.0,17.5,8.04,5.93,1.74,2.2,0.56,3.05,0.432,0.13
17HR-285,32.0,34.0,,0.18,48.1,16.2,101.0,33.9,8.21,6.18,2.28,5.9,1.32,2.25,0.421,1.26
17HR-285,34.0,36.0,0.005,0.16,33.6,16.9,107.0,37.8,8.28,6.01,2.4,2.87,2.37,1.75,0.452,1.36
17HR-285,36.0,38.0,,0.06,20.8,9.7,85.0,25.9,7.31,4.87,2.09,10.6,1.31,1.79,0.353,0.72
17HR-285,38.0,40.0,,0.07,22.0,13.8,93.0,31.0,7.6,5.35,2.27,7.74,1.71,1.58,0.366,1.27
17HR-285,40.0,42.0,,0.1,28.6,16.6,107.0,30.5,8.05,6.16,2.47,5.1,2.24,1.52,0.416,1.63
17HR-285,42.0,44.0,,0.04,21.3,7.8,101.0,21.6,8.06,5.97,1.92,4.18,0.99,2.66,0.428,0.59
17HR-285,44.0,46.0,,0.24,21.2,13.8,120.0,50.3,8.33,6.5,2.45,4.26,1.35,2.19,0.443,1.06
17HR-285,46.0,48.0,,0.14,40.2,9.0,122.0,24.0,8.68,6.49,2.28,4.31,1.06,2.46,0.447,0.72
17HR-285,48.0,50.0,,0.08,23.4,8.3,112.0,36.0,8.62,6.35,2.17,5.19,1.43,2.33,0.443,0.77
17HR-285,50.0,52.0,,0.1,24.6,12.1,103.0,41.7,8.19,6.15,2.0,5.79,1.42,2.28,0.421,1.14
17HR-285,52.0,54.0,,0.08,24.6,7.3,106.0,27.1,8.4,5.62,1.62,5.9,1.8,2.03,0.42,0.49
17HR-285,54.0,56.0,,0.07,21.1,11.3,117.0,14.8,8.32,5.8,1.73,4.7,2.55,1.43,0.436,0.14
17HR-285,56.0,58.0,,0.06,25.5,8.0,111.0,27.4,8.41,6.16,1.38,5.31,2.4,1.25,0.438,0.04
17HR-285,58.0,60.0,,0.05,26.5,6.7,116.0,18.5,7.94,5.75,1.38,5.6,2.24,1.31,0.428,0.04
17HR-285,60.0,62.0,,0.09,25.2,6.6,105.0,14.4,8.44,6.17,1.58,5.3,1.76,2.05,0.425,0.14
17HR-285,62.0,64.0,,0.08,22.8,11.1,116.0,20.8,8.22,6.04,1.66,4.69,2.84,1.22,0.437,0.05
17HR-285,64.0,66.0,,0.09,20.5,12.8,115.0,25.6,8.16,6.11,1.55,4.93,2.9,0.85,0.426,0.13
17HR-285,66.0,68.0,,0.06,12.0,7.7,108.0,13.0,8.69,6.08,1.63,4.94,2.26,0.95,0.437,0.01
17HR-285,68.0,70.0,,0.01,13.1,8.2,108.0,24.0,8.34,6.08,1.35,5.62,2.22,1.08,0.436,0.03
17HR-285,70.0,72.0,,0.05,17.0,7.8,117.0,22.8,8.32,6.05,1.49,5.34,2.6,1.03,0.441,0.03
17HR-285,72.0,74.0,0.006,0.16,21.5,11.5,112.0,25.7,8.53,5.87,1.38,6.17,2.49,1.19,0.437,0.33
17HR-285,74.0,76.0,,0.09,20.8,8.0,115.0,25.3,8.21,6.22,1.81,4.88,2.59,1.1,0.434,0.16
17HR-285,76.0,78.0,,0.04,15.2,6.1,126.0,19.2,8.64,6.01,2.01,4.55,2.73,1.07,0.451,0.03
17HR-285,78.0,80.0,,0.03,17.1,6.8,125.0,21.2,8.52,6.15,1.82,5.4,2.77,0.98,0.458,0.06
17HR-285,80.0,82.0,,0.02,12.7,6.6,122.0,20.8,8.67,6.06,1.75,5.15,2.6,1.26,0.459,0.01
17HR-285,80.0,82.0,,0.02,14.9,7.0,121.0,21.2,8.73,6.12,1.74,5.45,2.56,1.26,0.455,0.02
17HR-285,82.0,84.0,,0.1,48.2,6.8,122.0,15.9,8.4,6.52,2.08,4.52,2.56,1.06,0.469,0.03
17HR-285,84.0,86.0,,0.05,26.2,6.3,113.0,18.1,8.6,6.29,1.9,5.52,2.36,1.18,0.427,0.02
17HR-285,86.0,88.0,,0.03,13.9,7.3,112.0,12.4,8.2,5.76,1.62,5.61,2.18,1.55,0.424,0.03
17HR-285,88.0,90.0,,0.04,25.0,7.3,118.0,18.2,8.53,6.15,1.47,4.2,2.09,2.08,0.461,0.04
17HR-285,90.0,92.0,,0.1,22.5,7.3,109.0,32.7,8.36,5.37,1.32,5.39,0.58,2.91,0.437,0.32
17HR-285,92.0,94.0,,0.09,23.6,7.0,121.0,26.9,8.46,5.71,1.84,4.56,1.2,2.38,0.433,0.27
17HR-285,94.0,96.0,,0.13,26.9,10.4,125.0,45.8,8.74,6.13,1.46,5.27,2.39,1.66,0.442,0.53
17HR-285,96.0,98.0,,0.04,21.8,7.2,114.0,25.1,8.33,5.62,1.37,5.19,2.47,1.37,0.434,0.06
17HR-285,98.0,100.0,,0.06,18.4,7.1,117.0,40.9,8.14,6.01,1.59,5.29,1.76,1.74,0.43,0.51
17HR-285,100.0,102.0,,0.13,44.5,12.0,93.0,132.0,7.88,6.3,2.08,6.43,0.91,2.07,0.395,1.87
17HR-285,102.0,104.0,,0.09,24.3,8.6,112.0,107.5,8.13,6.17,2.79,4.95,1.5,1.89,0.454,1.48
17HR-285,104.0,106.0,,0.12,30.0,9.1,125.0,190.5,8.4,6.06,2.99,5.77,1.41,1.82,0.431,1.42
17HR-285,106.0,108.0,,0.15,49.0,18.0,99.0,586.0,7.8,6.93,2.33,6.82,1.23,2.0,0.395,4.02
17HR-285,108.0,110.0,,0.09,37.6,10.1,144.0,353.0,8.14,6.6,2.4,5.82,0.92,2.18,0.419,1.92
17HR-285,110.0,112.0,,0.13,36.7,12.8,114.0,104.0,7.66,5.95,2.05,5.61,0.76,2.32,0.402,2.08
17HR-285,112.0,114.0,,0.12,33.0,12.4,113.0,83.6,8.13,6.58,2.21,5.66,0.4,2.88,0.5,1.66
17HR-285,114.0,116.0,,0.16,49.8,19.8,131.0,111.5,8.09,6.4,2.06,4.91,0.1,3.28,0.518,2.3
17HR-285,116.0,118.0,,0.26,50.6,26.3,118.0,129.0,7.58,5.71,1.69,6.91,0.2,3.23,0.459,2.64
17HR-285,118.0,120.0,,0.25,36.9,22.1,114.0,134.5,8.52,5.13,1.64,8.31,0.96,2.98,0.449,1.79
17HR-285,120.0,122.0,,0.32,35.8,17.9,196.0,93.7,8.46,5.7,1.7,5.63,1.32,2.68,0.466,1.3
17HR-285,122.0,124.0,,0.3,41.1,24.3,274.0,127.0,8.27,6.16,2.05,4.3,1.33,2.59,0.486,1.43
17HR-285,124.0,126.0,,0.33,46.7,54.1,189.0,178.5,8.13,6.27,1.75,6.11,1.49,2.67,0.471,2.46
17HR-285,126.0,128.0,,0.23,44.7,19.3,172.0,122.5,8.5,6.18,1.84,5.49,1.38,2.5,0.466,1.38
17HR-285,128.0,130.0,,0.03,23.2,5.7,133.0,25.7,8.88,6.43,2.0,5.65,2.33,1.48,0.481,0.01
17HR-285,130.0,132.0,,0.03,14.3,8.0,125.0,38.7,8.59,6.4,1.91,5.57,2.4,1.27,0.474,
17HR-285,132.0,134.0,,0.05,20.4,9.1,108.0,51.9,9.24,6.3,2.0,6.63,2.47,1.02,0.472,0.02
17HR-285,134.0,136.0,,0.19,53.4,28.1,93.0,126.5,8.89,6.6,2.31,4.53,2.39,1.64,0.478,0.73
17HR-285,136.0,138.0,,0.05,53.8,5.2,129.0,35.0,8.58,6.57,1.88,5.75,2.22,1.45,0.48,0.04
17HR-285,138.0,140.0,,0.06,23.9,9.0,104.0,65.4,8.89,6.27,2.26,6.9,2.09,0.82,0.464,
17HR-285,140.0,142.0,,0.11,101.0,7.5,147.0,41.9,8.83,6.51,2.16,6.41,2.26,1.05,0.469,0.02
17HR-285,142.0,144.0,,0.06,45.3,8.1,122.0,49.2,8.67,6.62,1.93,5.62,2.33,1.31,0.483,0.04
17HR-285,144.0,146.0,,0.2,70.0,34.3,91.0,615.0,7.17,6.73,1.6,7.92,1.72,1.95,0.385,4.78
17HR-285,146.0,148.0,,0.3,165.5,43.7,88.0,890.0,6.93,6.43,1.41,9.0,1.74,1.93,0.389,5.06
17HR-285,148.0,150.0,,0.1,185.5,12.1,171.0,213.0,8.69,6.72,2.47,5.17,1.54,2.15,0.48,1.37
17HR-285,150.0,152.0,,0.08,39.7,20.2,161.0,199.0,8.05,6.47,2.46,7.31,1.21,2.07,0.446,1.38
17HR-285,152.0,154.0,,0.06,45.7,9.8,298.0,196.5,8.49,6.63,2.3,6.95,1.01,2.36,0.461,1.0
17HR-285,154.0,156.0,,0.28,53.0,46.3,79.0,880.0,7.23,6.51,1.27,5.86,0.96,3.13,0.438,5.22
17HR-285,156.0,158.0,0.005,0.33,61.9,30.9,99.0,531.0,7.91,6.47,1.53,6.8,0.4,3.69,0.49,3.93
17HR-285,158.0,160.0,,0.37,48.4,18.7,130.0,208.0,8.27,5.56,1.95,6.48,0.32,3.68,0.509,1.78
17HR-285,160.0,162.0,,0.21,44.5,23.8,124.0,267.0,7.6,5.56,1.88,8.61,0.31,3.31,0.444,2.35
17HR-285,162.0,164.0,,0.34,43.8,27.6,106.0,378.0,7.78,4.66,1.43,7.39,1.15,3.04,0.454,2.68
17HR-285,164.0,166.0,,0.48,43.0,24.8,231.0,327.0,8.47,5.79,2.27,5.87,1.77,2.33,0.443,1.98
17HR-285,166.0,168.0,,0.27,86.0,19.4,124.0,213.0,7.91,5.86,1.86,8.43,1.48,1.76,0.389,0.88
17HR-285,168.0,170.0,,0.06,38.2,6.2,116.0,25.9,8.9,6.6,2.06,5.33,2.17,1.37,0.491,0.02
17HR-285,168.0,170.0,,0.05,37.7,6.2,120.0,24.6,9.01,6.68,2.12,5.31,2.2,1.42,0.5,0.01
17HR-285,170.0,172.0,,0.06,37.9,11.0,106.0,51.0,8.58,6.75,2.14,6.05,2.2,1.05,0.474,0.02
17HR-285,172.0,174.0,,0.04,45.7,8.8,101.0,46.2,9.07,6.57,1.76,7.14,2.05,1.45,0.456,0.01
17HR-285,174.0,176.0,,0.08,105.5,6.5,103.0,21.9,8.22,6.35,1.73,6.65,2.09,1.52,0.449,0.14
17HR-285,176.0,178.0,,0.03,57.2,4.5,110.0,17.4,8.33,6.16,2.31,5.65,1.87,1.73,0.443,0.02
17HR-285,178.0,180.0,,0.06,54.1,7.1,100.0,38.6,8.12,6.19,1.71,5.53,2.19,1.67,0.435,0.27
17HR-285,180.0,182.0,,0.07,95.0,7.3,98.0,39.4,8.6,6.3,2.01,5.59,2.23,1.25,0.456,0.04
17HR-285,182.0,184.0,,0.15,69.3,9.3,100.0,57.3,8.74,6.15,1.98,6.1,2.11,1.0,0.46,
17HR-285,184.0,186.0,,0.09,30.6,8.6,106.0,52.2,8.94,6.47,1.99,6.45,2.09,0.98,0.468,0.01
17HR-285,186.0,188.0,,0.22,171.5,8.0,98.0,62.0,8.25,6.37,1.93,6.14,2.08,0.93,0.458,0.01
17HR-285,188.0,190.0,,0.07,64.6,7.6,107.0,28.9,9.05,6.7,2.24,6.74,2.14,1.19,0.498,0.01
17HR-285,190.0,192.0,,0.19,52.3,26.9,125.0,99.8,8.82,5.92,1.77,6.9,1.65,2.6,0.476,1.5
17HR-285,192.0,194.0,,1.45,68.4,79.5,173.0,291.0,7.8,5.94,1.76,7.79,1.7,2.31,0.433,3.45
17HR-285,194.0,196.0,0.005,3.35,66.8,79.3,228.0,193.5,7.94,6.25,2.38,7.96,1.49,2.17,0.453,2.48
17HR-285,196.0,198.0,,2.11,47.2,90.2,265.0,87.2,8.3,6.43,2.6,8.16,1.32,2.19,0.466,1.36
17HR-285,198.0,200.0,,9.68,1170.0,3850.0,340.0,183.0,7.07,8.12,2.27,7.41,1.13,2.13,0.431,4.47
17HR-285,200.0,202.0,,6.53,185.5,721.0,254.0,284.0,7.47,8.17,2.26,7.17,1.39,2.22,0.454,4.81
17HR-285,202.0,204.0,,0.58,29.5,31.8,254.0,39.2,7.93,6.85,2.45,5.66,0.77,2.79,0.478,0.57
17HR-285,204.0,206.0,0.012,0.2,45.3,10.5,149.0,19.2,8.41,6.25,2.76,5.85,1.24,2.52,0.455,0.21
17HR-285,206.0,208.0,,0.11,30.3,10.2,112.0,68.1,8.66,6.69,2.95,5.98,1.39,2.66,0.479,0.46
17HR-285,208.0,210.0,,0.02,2.9,12.8,98.0,23.1,8.49,7.5,2.95,4.41,1.8,3.03,0.485,0.1
17HR-285,210.0,212.0,,0.04,3.2,11.7,108.0,103.0,8.5,7.49,3.15,3.87,1.8,2.97,0.493,0.69
17HR-285,212.0,214.0,,0.04,3.2,8.6,98.0,145.0,8.08,6.26,2.73,6.67,0.65,3.66,0.48,0.6
17HR-285,214.0,216.0,,0.04,4.7,9.1,114.0,214.0,8.32,7.34,3.41,4.87,0.94,3.66,0.512,1.12
17HR-285,216.0,218.0,,0.03,14.1,8.6,118.0,15.0,8.53,7.24,4.5,3.29,2.23,2.08,0.484,0.09
17HR-285,218.0,220.0,,0.06,29.4,7.7,107.0,90.8,8.72,6.98,3.65,4.73,2.78,1.8,0.484,0.56
17HR-285,220.0,222.0,,0.02,8.3,6.4,106.0,36.0,8.65,7.08,3.15,4.67,2.65,1.99,0.488,0.43
17HR-285,222.0,224.0,,0.09,41.6,5.8,105.0,11.2,8.47,7.34,3.0,4.09,2.74,2.27,0.493,0.05
17HR-285,224.0,226.0,,0.21,93.0,5.4,103.0,11.1,8.36,7.01,3.1,5.08,2.33,2.1,0.474,0.08
17HR-285,226.0,228.0,,0.31,173.0,4.8,111.0,6.0,8.8,7.23,3.25,4.05,2.52,2.05,0.494,0.07
17HR-285,228.0,230.0,,0.17,73.3,5.6,105.0,6.5,8.35,7.15,2.86,4.8,2.55,2.23,0.473,0.01
17HR-285,230.0,232.0,,0.02,4.5,6.7,105.0,14.7,8.63,7.08,2.88,4.87,2.56,2.35,0.476,0.25
17HR-285,232.0,234.0,,0.02,3.4,6.7,110.0,32.2,8.5,7.28,3.02,4.42,2.49,2.39,0.479,0.41
17HR-285,234.0,236.0,0.022,0.15,58.3,6.1,96.0,25.6,8.71,6.85,2.47,5.58,2.62,2.03,0.458,0.48
17HR-285,236.0,238.0,0.005,0.21,138.0,3.8,104.0,16.2,8.97,7.02,3.1,4.63,3.04,1.23,0.489,0.19
17HR-285,238.0,240.0,,0.04,19.7,5.1,100.0,6.8,8.67,7.08,3.18,4.45,2.53,1.81,0.483,0.03
17HR-285,240.0,242.0,,0.02,12.6,5.8,102.0,11.1,8.16,6.88,3.5,4.09,2.49,1.81,0.483,0.03
17HR-285,242.0,244.0,,0.01,4.5,5.6,97.0,16.1,8.24,6.86,3.58,4.28,2.52,1.61,0.456,0.05
17HR-285,244.0,246.0,,0.01,4.6,6.0,103.0,13.6,8.52,6.95,4.02,3.59,2.63,1.59,0.484,0.04
17HR-285,246.0,248.0,,0.01,3.2,5.8,99.0,8.4,8.68,6.96,3.57,4.29,2.27,2.03,0.485,0.01
17HR-285,248.0,250.0,,0.01,2.0,6.5,100.0,28.4,8.3,7.2,3.11,4.91,2.29,2.14,0.474,0.11
17HR-285,250.0,252.0,,0.05,29.4,5.5,107.0,8.6,8.63,7.26,3.2,3.83,2.48,1.88,0.503,0.03
17HR-285,252.0,254.0,,0.18,153.5,5.9,107.0,29.5,8.14,6.54,2.56,3.37,2.21,1.98,0.476,0.35
17HR-285,254.0,256.0,,0.02,2.5,6.7,100.0,7.9,8.36,6.98,2.42,5.7,2.23,2.11,0.456,0.03
17HR-285,256.0,258.0,,0.27,6.9,5.2,99.0,9.0,7.83,6.37,2.34,5.37,2.21,1.93,0.432,0.04
17HR-285,256.0,258.0,,0.01,5.3,5.5,101.0,10.2,8.43,6.6,2.44,5.73,2.27,2.03,0.458,0.06
17HR-285,258.0,260.0,,,2.1,5.7,96.0,5.9,8.51,6.61,2.28,6.14,2.11,2.05,0.441,
17HR-285,260.0,262.0,,0.03,12.8,5.0,101.0,5.8,7.82,6.14,2.49,6.23,1.88,1.83,0.413,
17HR-285,262.0,264.0,0.005,0.01,4.5,5.4,95.0,5.7,8.1,6.64,2.24,5.32,2.08,2.02,0.443,
17HR-285,264.0,266.0,,0.02,7.8,6.0,102.0,6.4,8.51,6.88,2.54,5.91,1.8,1.97,0.483,
17HR-285,266.0,268.0,,0.29,185.0,5.5,98.0,6.5,8.09,6.74,1.93,6.69,1.42,2.34,0.475,0.04
17HR-285,268.0,270.0,0.006,0.01,2.0,6.3,97.0,12.0,7.95,6.77,2.44,6.02,1.56,1.84,0.47,0.1
17HR-285,270.0,272.0,,0.02,7.8,5.9,105.0,9.0,8.1,6.75,2.22,7.01,1.4,2.02,0.464,0.03
17HR-285,272.0,274.0,0.006,0.03,12.5,5.4,101.0,6.9,7.75,6.68,2.24,6.82,1.19,2.06,0.453,0.01
17HR-285,274.0,276.0,,0.02,6.4,5.4,93.0,7.2,8.07,6.74,2.29,6.48,1.5,1.9,0.461,0.01
17HR-285,276.0,278.0,,0.02,9.0,5.1,96.0,6.7,7.89,6.53,2.5,5.61,1.35,1.71,0.477,0.01
17HR-285,278.0,280.0,0.007,0.03,12.7,5.5,91.0,7.7,7.68,7.08,2.2,5.76,1.49,1.71,0.476,0.01
17HR-285,280.0,282.0,,0.02,11.9,5.1,89.0,7.5,7.96,6.97,2.06,6.01,1.48,1.62,0.466,0.02
17HR-285,282.0,284.0,0.005,0.02,10.0,5.3,95.0,10.3,7.9,6.95,2.29,6.55,1.51,1.5,0.463,0.02
17HR-285,284.0,286.0,0.005,0.02,3.2,5.5,101.0,8.5,8.27,7.2,2.5,6.62,1.51,1.56,0.479,
17HR-285,286.0,288.0,,0.01,2.4,5.5,93.0,8.8,8.21,7.05,2.25,6.61,1.49,1.61,0.471,
17HR-285,288.0,290.0,0.005,0.23,198.0,5.0,105.0,7.4,7.88,6.92,2.57,6.8,1.21,1.63,0.465,0.01
17HR-285,290.0,292.0,0.007,0.15,122.5,5.2,96.0,7.9,7.92,6.91,2.27,6.51,0.97,2.0,0.472,
17HR-285,292.0,294.0,0.006,0.01,7.7,5.1,93.0,6.5,8.13,7.17,1.95,6.59,1.18,2.08,0.469,
17HR-285,294.0,296.0,0.009,0.18,44.9,4.8,107.0,5.2,8.4,7.74,2.1,4.84,1.16,2.1,0.527,0.03
17HR-285,296.0,298.0,0.007,0.19,68.4,5.4,114.0,31.9,8.81,6.83,2.4,2.51,1.31,1.85,0.528,0.8
17HR-285,298.0,300.0,0.008,0.25,44.5,7.7,99.0,57.1,8.32,5.79,1.69,2.81,1.21,2.18,0.516,1.53
17HR-285,300.0,302.0,0.007,0.37,121.5,5.9,91.0,25.3,8.58,5.85,1.9,5.3,0.66,2.58,0.494,0.75
17HR-285,302.0,304.0,0.005,0.05,26.1,5.1,124.0,7.1,8.09,6.83,2.79,5.86,0.94,2.26,0.47,0.02
17HR-285,304.0,306.0,,0.01,3.2,5.8,100.0,8.5,7.61,6.47,2.38,4.9,1.05,2.11,0.444,
17HR-285,306.0,308.0,,0.02,8.5,7.4,93.0,10.0,7.62,7.05,2.04,6.7,1.03,2.18,0.48,0.01
17HR-285,308.0,310.0,0.008,0.3,201.0,4.4,106.0,6.2,7.56,6.23,2.7,6.83,1.0,1.72,0.447,0.01
17HR-285,310.0,312.0,0.005,0.01,4.0,6.4,99.0,9.2,7.46,6.49,2.22,5.56,1.13,1.99,0.466,
17HR-285,312.0,314.0,,0.02,6.9,7.6,97.0,9.9,8.22,7.17,2.09,6.75,1.1,2.26,0.49,0.01
17HR-285,314.0,316.0,0.05,0.09,6.4,9.8,93.0,60.0,8.33,7.53,1.97,6.89,0.77,2.39,0.474,0.81
17HR-285,316.0,318.0,0.007,0.03,10.4,6.7,99.0,12.7,7.97,7.02,2.08,6.36,1.05,2.45,0.475,0.05
17HR-285,318.0,320.0,0.005,0.01,5.4,6.8,83.0,10.2,7.74,6.77,2.01,6.25,0.84,2.88,0.456,
17HR-285,320.0,322.0,,0.01,7.5,6.2,98.0,7.7,7.56,6.55,2.35,6.92,0.46,2.95,0.414,0.05
17HR-285,322.0,324.0,,0.01,3.3,8.1,94.0,7.1,7.55,6.53,2.13,5.59,0.98,3.08,0.458,0.01
17HR-285,324.0,326.0,,0.01,3.9,8.1,94.0,8.3,7.09,6.48,2.55,5.49,0.97,2.98,0.441,0.01
17HR-285,326.0,328.0,0.006,0.06,40.7,8.2,102.0,8.0,7.27,6.61,2.42,5.22,0.96,2.94,0.455,0.02
17HR-285,328.0,330.0,0.006,0.01,7.5,8.3,88.0,9.2,7.21,6.61,2.21,5.57,1.01,3.02,0.446,0.01
17HR-285,330.0,332.0,0.005,0.11,46.3,8.3,118.0,7.8,8.05,6.68,2.46,5.9,1.13,2.62,0.454,0.05
17HR-285,332.0,334.0,0.008,0.02,7.1,9.8,124.0,9.8,8.02,7.13,2.71,4.58,1.91,2.13,0.468,0.01
17HR-285,334.0,336.0,0.005,0.07,16.2,9.4,104.0,8.3,8.06,6.98,2.93,5.69,1.6,2.19,0.459,
17HR-285,336.0,338.0,,0.02,3.7,6.8,93.0,7.8,8.21,6.79,2.74,5.62,1.87,2.18,0.442,
17HR-285,338.0,340.0,0.007,,1.7,6.2,109.0,9.8,8.61,7.17,2.73,5.56,2.17,1.81,0.456,0.04
17HR-285,340.0,342.0,0.005,0.01,1.5,6.0,101.0,10.5,8.44,6.8,2.32,5.65,2.03,1.99,0.454,0.02
17HR-285,342.0,344.0,,0.01,2.4,5.6,91.0,6.7,8.06,6.32,2.35,5.68,2.01,2.03,0.409,
17HR-285,344.0,346.0,0.006,0.01,5.2,6.1,83.0,21.1,8.27,6.24,2.27,4.59,1.06,2.82,0.441,0.08
17HR-285,346.0,348.0,0.006,0.02,9.5,5.1,91.0,5.0,7.87,6.2,2.25,5.08,2.12,1.99,0.398,0.01
17HR-285,348.0,350.0,,0.03,18.3,5.9,98.0,14.0,8.23,6.76,2.12,5.07,1.88,2.16,0.449,0.03
17HR-285,350.0,352.0,,0.01,2.4,5.9,124.0,20.2,7.76,6.67,2.8,5.63,1.96,1.75,0.457,0.07
17HR-285,352.0,354.0,0.005,0.01,1.3,6.2,101.0,12.5,8.06,6.87,2.22,5.77,1.69,2.1,0.468,0.03
17HR-285,354.0,356.0,0.005,0.01,3.6,6.6,93.0,7.3,8.54,7.0,2.04,6.77,2.13,2.14,0.489,0.02
17HR-285,356.0,358.0,0.009,0.04,21.7,5.5,99.0,7.4,8.07,6.69,2.47,5.74,1.78,1.84,0.469,0.02
17HR-285,358.0,360.0,0.005,0.03,10.2,6.0,102.0,6.3,8.34,6.91,2.5,6.12,2.03,1.75,0.475,0.01
17HR-285,360.0,362.0,0.006,0.02,7.3,6.5,99.0,7.5,8.19,7.05,2.33,5.4,1.87,1.98,0.462,0.01
17HR-285,362.0,364.0,0.007,0.02,10.1,6.1,101.0,9.3,8.21,7.08,2.96,4.69,2.29,1.57,0.47,0.03
17HR-285,364.0,366.0,0.007,0.01,6.9,5.9,96.0,14.0,8.26,7.14,3.02,4.86,2.31,1.58,0.479,0.09
17HR-285,366.0,368.0,0.006,0.02,5.0,5.9,99.0,17.6,8.34,7.15,2.87,5.37,2.24,1.68,0.478,0.21
17HR-285,368.0,370.0,0.007,0.02,3.2,5.7,107.0,7.1,8.12,6.91,2.89,4.92,2.26,1.52,0.465,0.01
17HR-285,370.0,372.0,0.005,0.01,2.9,5.5,114.0,6.2,8.3,6.89,3.17,4.91,2.35,1.47,0.468,0.01
17HR-285,372.0,374.0,,0.02,7.5,5.6,100.0,7.2,8.05,6.79,2.94,5.04,2.14,1.65,0.462,
17HR-285,374.0,376.0,,0.01,2.6,6.1,85.0,7.6,7.89,7.04,2.68,5.88,1.41,2.13,0.462,0.01
17HR-285,376.0,378.0,,0.02,7.0,6.6,94.0,7.1,7.89,7.4,3.01,5.19,1.36,1.98,0.449,0.01
17HR-285,378.0,380.0,,0.02,5.0,7.2,103.0,7.9,7.93,7.07,2.52,6.07,1.39,2.05,0.465,
17HR-285,380.0,382.0,,0.03,4.3,6.7,99.0,7.4,8.16,7.03,2.22,5.41,1.48,2.24,0.471,0.02
17HR-285,382.0,384.0,,0.06,35.8,5.4,114.0,5.5,8.03,6.71,2.29,6.73,1.11,2.03,0.458,0.01
17HR-285,384.0,386.0,,0.05,10.5,4.6,96.0,4.0,8.03,7.0,2.27,7.69,0.51,2.3,0.48,0.02
17HR-285,386.0,388.0,,0.02,29.9,4.4,75.0,5.0,7.65,6.52,1.72,9.85,0.91,1.99,0.426,0.1
17HR-285,388.0,390.0,,0.01,3.0,4.3,103.0,4.0,7.98,6.56,2.08,5.72,1.28,1.76,0.46,0.15
17HR-285,390.0,392.0,,0.02,7.2,3.7,120.0,3.3,8.12,7.05,2.2,5.88,1.77,1.48,0.484,0.05
17HR-285,392.0,394.0,,0.02,19.3,2.5,112.0,6.6,8.1,6.34,2.33,7.1,1.03,1.78,0.445,0.12
17HR-285,394.0,396.0,,0.19,105.0,2.6,106.0,3.1,8.2,6.92,2.0,6.61,1.15,1.9,0.453,0.05
17HR-285,396.0,398.0,,0.25,136.5,2.4,107.0,3.5,7.87,7.37,1.84,6.67,1.23,1.67,0.441,0.02
17HR-285,398.0,400.0,,0.06,26.3,4.2,95.0,19.9,8.27,6.8,1.73,6.31,1.2,1.95,0.464,0.3
17HR-285,400.0,402.0,,0.08,27.1,5.1,108.0,22.9,8.36,6.22,1.9,4.4,1.31,1.91,0.467,0.35
17HR-285,402.0,404.0,0.005,0.15,30.9,9.6,123.0,114.0,8.43,5.61,1.8,5.2,1.48,2.09,0.48,0.93
17HR-285,404.0,406.0,,0.37,30.6,11.6,193.0,324.0,7.75,5.6,1.39,3.74,1.16,2.3,0.438,2.3
17HR-285,406.0,408.0,,0.16,18.5,10.0,154.0,108.0,8.69,6.32,1.93,3.96,1.48,2.21,0.482,1.52
17HR-285,408.0,410.0,,0.07,12.9,6.0,129.0,25.3,8.5,6.53,2.56,7.01,1.41,1.77,0.475,0.47
17HR-285,410.0,412.0,,0.03,3.1,3.5,94.0,3.3,7.85,6.16,2.05,10.8,0.87,2.02,0.406,0.03
17HR-285,412.0,414.0,,0.04,4.7,3.7,109.0,4.2,8.41,6.32,1.86,8.74,1.98,1.4,0.462,0.01
17HR-285,414.0,416.0,,0.04,3.5,7.6,130.0,8.4,8.97,7.74,2.57,5.75,2.69,0.46,0.486,
17HR-285,416.0,418.0,,0.03,4.1,8.0,132.0,7.6,9.19,7.51,2.57,6.42,2.45,0.33,0.49,0.02
17HR-285,418.0,420.0,,0.05,7.5,6.8,120.0,5.6,9.02,7.03,1.97,7.1,2.49,0.35,0.504,
17HR-285,420.0,422.0,,0.1,17.5,3.6,136.0,10.1,8.55,7.36,2.83,5.67,1.47,1.38,0.468,0.28
17HR-285,422.0,424.0,,0.15,25.6,5.7,98.0,35.2,8.54,6.86,1.98,7.24,1.08,1.94,0.455,0.8
17HR-285,424.0,426.0,0.005,0.13,27.0,5.6,118.0,4.8,8.57,7.34,2.59,5.74,0.73,2.13,0.489,0.41
17HR-285,426.0,428.0,,0.07,37.6,7.9,102.0,4.6,8.61,6.58,2.03,6.92,0.99,2.45,0.446,0.02
17HR-285,428.0,430.0,0.022,0.24,3.8,8.4,100.0,10.5,8.48,7.12,2.25,6.35,0.97,2.27,0.476,0.63
17HR-285,430.0,432.0,,0.04,2.9,9.3,95.0,7.2,8.55,7.02,2.29,6.7,1.02,2.19,0.485,0.46
17HR-285,432.0,434.0,,0.02,2.1,9.0,113.0,8.1,8.33,6.95,2.48,6.11,0.99,2.07,0.485,0.22
17HR-285,432.0,434.0,0.005,0.01,1.7,9.0,113.0,13.0,8.82,7.24,2.5,6.11,0.97,2.17,0.495,0.59
17HR-285,434.0,436.0,,0.01,0.9,12.3,97.0,5.3,8.55,7.35,2.12,7.06,1.35,2.13,0.488,0.01
17HR-285,436.0,438.0,,0.01,0.8,13.3,98.0,5.1,8.35,6.99,2.15,6.84,1.36,2.01,0.469,0.01
17HR-285,438.0,440.0,0.006,0.02,1.0,13.2,127.0,5.5,8.72,7.09,2.23,6.85,1.0,2.38,0.483,0.01
17HR-285,440.0,442.0,,0.17,25.7,7.2,157.0,2.6,8.27,6.91,3.21,6.38,0.97,1.73,0.514,0.02
17HR-285,442.0,444.0,,0.16,32.7,6.3,165.0,1.8,8.39,6.55,3.29,8.82,1.0,1.42,0.47,0.06
17HR-285,444.0,446.0,,0.09,8.4,9.6,243.0,4.0,8.4,6.66,2.16,8.07,0.7,2.42,0.468,0.05
17HR-285,446.0,448.0,,0.07,2.7,6.6,211.0,2.8,8.45,6.83,3.12,10.05,0.47,2.27,0.464,0.01
17HR-285,448.0,450.0,,0.01,2.8,4.8,123.0,2.6,7.86,6.76,2.39,10.3,0.68,2.39,0.433,0.01
17HR-285,448.0,450.0,,0.02,4.7,5.1,97.0,4.1,8.15,7.03,2.19,8.35,1.43,2.19,0.451,0.01
17HR-286,2.9,4.0,,0.18,13.9,8.8,98.0,7.0,7.98,4.85,1.44,2.65,2.44,2.21,0.346,1.28
17HR-286,4.0,6.0,0.006,0.3,22.5,7.9,103.0,11.5,7.98,5.23,1.5,3.3,1.84,2.33,0.317,1.41
17HR-286,6.0,8.0,,0.15,21.7,7.0,107.0,19.8,8.03,5.87,1.56,3.35,1.93,2.44,0.303,2.32
17HR-286,8.0,10.0,,0.19,19.7,9.3,66.0,15.5,8.3,4.29,1.13,2.68,1.87,2.98,0.316,2.64
17HR-286,10.0,12.0,,0.25,19.4,13.2,25.0,41.2,8.64,3.88,0.65,1.0,0.41,3.77,0.316,3.53
17HR-286,12.0,14.0,,0.14,21.6,5.6,68.0,20.9,7.34,3.82,1.16,3.13,1.86,2.45,0.287,1.5
17HR-286,14.0,16.0,,0.3,18.0,16.6,83.0,13.3,7.51,4.27,1.37,2.84,1.7,2.56,0.298,1.96
17HR-286,14.0,16.0,,0.26,15.8,15.4,91.0,12.6,7.87,4.51,1.5,3.03,1.81,2.53,0.305,1.97
17HR-286,16.0,18.0,0.017,0.24,18.3,12.8,82.0,6.5,7.08,4.32,1.47,3.71,1.48,2.58,0.287,1.74
17HR-286,18.0,20.0,,0.22,16.2,8.7,80.0,5.6,7.33,4.34,1.5,3.87,1.43,2.56,0.279,1.56
17HR-286,20.0,22.0,,0.23,14.5,9.3,84.0,14.6,7.36,4.64,1.45,3.28,1.47,2.63,0.295,2.06
17HR-286,22.0,24.0,,0.13,21.0,4.7,69.0,21.7,6.78,4.09,1.33,3.94,1.47,2.5,0.283,2.0
17HR-286,24.0,26.0,,0.06,11.5,2.7,80.0,14.8,7.2,4.41,1.46,4.26,1.66,2.51,0.294,1.72
17HR-286,26.0,28.0,,0.07,3.4,3.0,82.0,7.9,8.1,4.55,1.71,4.44,1.7,2.47,0.292,1.48
17HR-286,28.0,30.0,,0.09,4.1,4.1,86.0,16.0,7.64,4.82,1.69,4.18,1.75,2.53,0.305,1.9
17HR-286,30.0,32.0,,0.11,25.6,4.0,91.0,11.1,8.27,5.02,1.75,3.49,1.65,2.77,0.31,1.76
17HR-286,32.0,34.0,0.007,0.18,8.4,6.7,87.0,7.7,8.2,4.98,1.61,3.53,1.44,2.75,0.303,1.08
17HR-286,34.0,36.0,,0.05,4.2,5.1,90.0,4.2,7.94,5.01,1.88,3.44,1.86,2.17,0.308,0.82
17HR-286,36.0,38.0,0.007,0.27,9.9,10.5,79.0,10.8,7.95,5.02,1.71,3.35,1.78,2.43,0.306,1.6
17HR-286,38.0,40.0,0.045,0.65,66.0,8.3,99.0,33.7,7.97,7.79,2.4,1.04,1.51,1.94,0.277,3.31
17HR-286,40.0,42.0,,0.16,4.2,5.4,88.0,8.0,7.84,5.05,2.23,2.29,1.52,2.74,0.304,2.14
17HR-286,42.0,44.0,0.006,0.21,7.6,6.3,93.0,7.9,8.24,5.04,2.29,2.32,1.68,2.68,0.313,1.76
17HR-286,44.0,46.0,0.217,0.71,9.7,12.8,101.0,27.8,7.77,7.45,2.47,1.94,1.66,2.08,0.284,3.45
17HR-286,46.0,48.0,0.26,0.42,11.7,7.1,109.0,22.9,7.74,6.73,2.69,2.16,1.55,1.99,0.271,2.27
17HR-286,48.0,50.0,0.01,0.37,8.8,11.0,76.0,12.1,7.88,4.7,2.32,3.17,1.51,2.74,0.293,2.13
17HR-286,50.0,52.0,0.023,0.32,6.5,10.1,81.0,15.2,8.16,5.62,2.19,3.08,1.06,2.92,0.294,2.38
17HR-286,52.0,54.0,0.062,0.41,18.2,14.2,115.0,28.3,7.59,7.27,1.94,1.73,1.5,2.31,0.276,3.36
17HR-286,54.0,56.0,0.099,0.59,13.9,15.6,91.0,37.2,7.62,8.5,2.1,1.37,1.77,2.03,0.307,4.77
17HR-286,56.0,58.0,0.056,0.61,34.5,17.6,83.0,25.0,7.28,6.92,2.28,2.13,1.41,2.49,0.289,4.06
17HR-286,58.0,60.0,0.044,0.56,9.4,17.3,68.0,16.6,7.69,5.48,2.15,2.25,1.73,2.48,0.294,3.2
17HR-286,60.0,62.0,0.027,0.53,12.8,13.7,87.0,13.1,7.92,6.38,2.13,1.77,2.14,1.89,0.294,2.55
17HR-286,62.0,64.0,0.031,0.52,10.1,16.2,165.0,23.8,7.47,4.81,1.57,5.08,1.62,2.6,0.284,2.71
17HR-286,64.0,66.0,0.005,0.29,11.9,8.0,73.0,11.1,7.56,4.66,1.71,3.64,2.25,2.44,0.296,2.32
17HR-286,66.0,68.0,,0.11,5.6,4.9,82.0,15.7,7.96,4.79,2.18,2.61,2.1,2.47,0.302,2.09
17HR-286,68.0,70.0,0.008,0.43,8.5,10.4,89.0,10.0,8.36,4.93,2.07,2.54,2.27,2.52,0.317,1.64
17HR-286,70.0,72.0,0.034,0.6,9.3,14.9,81.0,22.7,8.12,5.66,1.85,2.16,1.55,2.76,0.294,2.92
17HR-286,72.0,74.0,0.352,2.54,9.9,12.3,98.0,59.0,6.48,8.99,2.97,3.61,0.42,2.12,0.231,5.4
17HR-286,74.0,76.0,0.009,0.17,6.0,5.6,112.0,23.4,7.94,6.75,2.2,1.29,1.72,2.33,0.29,2.32
17HR-286,76.0,78.0,0.02,0.31,12.4,10.3,73.0,44.8,8.25,5.56,1.45,2.13,1.06,3.33,0.318,3.5
17HR-286,78.0,80.0,0.008,0.12,4.1,6.6,84.0,25.6,7.51,4.91,1.62,2.99,1.95,2.89,0.314,2.46
17HR-286,80.0,82.0,,0.09,9.1,7.3,87.0,14.1,7.69,4.81,1.48,3.83,2.11,2.67,0.317,1.82
17HR-286,82.0,84.0,0.011,0.14,6.5,6.9,84.0,21.6,7.6,5.16,1.72,2.42,1.61,3.03,0.311,2.49
17HR-286,84.0,86.0,0.006,0.12,5.2,6.7,87.0,25.4,7.69,5.54,1.72,2.41,1.94,2.65,0.304,2.39
17HR-286,86.0,88.0,0.007,0.18,4.2,6.4,82.0,22.5,7.64,5.31,1.6,2.7,2.19,2.72,0.313,2.62
17HR-286,88.0,90.0,,0.06,6.6,4.0,89.0,22.1,7.78,4.78,1.69,2.31,2.11,2.55,0.311,1.49
17HR-286,90.0,92.0,0.015,0.35,4.5,7.3,91.0,28.6,8.49,5.92,2.13,1.4,1.53,2.92,0.312,2.22
17HR-286,92.0,94.0,0.027,0.5,2.9,8.2,96.0,15.7,8.0,7.37,2.23,1.08,1.56,2.53,0.304,2.8
17HR-286,94.0,96.0,0.023,0.56,2.5,10.1,90.0,26.7,7.78,7.95,2.21,0.79,1.29,2.43,0.289,3.51
17HR-286,96.0,98.0,0.038,0.73,3.5,10.0,104.0,33.0,7.84,8.85,2.5,1.01,1.25,2.06,0.277,3.6
17HR-286,98.0,100.0,1.935,1.87,106.0,15.6,58.0,60.7,4.72,7.12,3.35,5.52,0.28,1.57,0.163,4.08
17HR-286,100.0,102.0,0.296,9.18,1860.0,19.6,11.0,104.0,6.78,6.46,0.98,1.9,0.04,3.07,0.26,6.73
17HR-286,102.0,104.0,0.323,2.25,22.2,15.4,47.0,82.0,6.54,8.47,1.75,1.97,0.42,2.41,0.251,6.69
17HR-286,102.0,104.0,0.306,2.15,15.8,15.4,57.0,81.1,7.67,8.91,1.95,1.88,0.59,2.73,0.294,6.47
17HR-286,104.0,106.0,0.016,0.19,4.6,3.9,125.0,31.2,7.56,8.72,2.75,1.09,1.97,1.43,0.308,2.81
17HR-286,106.0,108.0,0.035,0.53,18.6,6.9,107.0,28.3,7.28,8.94,3.35,2.61,1.07,1.48,0.27,3.17
17HR-286,108.0,110.0,0.056,0.61,6.6,8.1,118.0,32.5,7.04,10.5,2.69,1.18,1.78,1.12,0.288,3.81
17HR-286,110.0,112.0,0.011,0.11,4.8,3.7,120.0,23.1,7.58,8.19,2.76,1.65,1.67,1.57,0.29,2.6
17HR-286,112.0,114.0,0.032,0.21,10.9,5.7,122.0,24.8,8.01,10.2,3.12,2.0,1.56,1.57,0.31,3.83
17HR-286,114.0,116.0,0.016,0.13,5.3,6.0,105.0,25.2,7.88,8.65,3.28,3.08,1.85,1.61,0.294,3.35
17HR-286,116.0,118.0,0.046,0.28,5.3,6.8,135.0,36.7,7.35,11.6,3.58,2.26,1.25,1.22,0.278,4.34
17HR-286,118.0,120.0,0.123,1.2,17.5,15.0,47.0,45.1,7.78,8.34,1.82,1.87,0.25,2.92,0.291,6.44
17HR-286,120.0,122.0,0.064,0.63,4.5,9.2,93.0,34.5,7.48,8.56,2.37,1.08,1.36,2.2,0.294,4.72
17HR-286,122.0,124.0,0.013,0.12,4.0,9.5,102.0,34.2,7.69,8.91,2.18,0.93,1.84,2.15,0.301,4.41
17HR-286,124.0,126.0,0.015,0.19,3.6,9.6,89.0,37.7,7.64,8.69,2.02,0.94,1.87,2.61,0.303,4.63
17HR-286,126.0,128.0,0.026,0.29,6.1,15.8,78.0,45.1,6.7,8.79,1.76,0.84,1.66,2.42,0.28,4.97
17HR-286,128.0,130.0,0.032,0.53,4.7,12.9,72.0,39.2,7.11,7.63,1.75,0.93,1.64,3.11,0.282,4.36
17HR-286,130.0,132.0,0.009,0.15,13.6,4.4,77.0,19.2,7.6,6.46,2.28,1.64,1.28,3.16,0.293,2.76
17HR-286,132.0,134.0,0.008,0.14,9.4,4.7,83.0,18.2,7.81,6.65,2.1,1.12,1.41,3.01,0.293,3.33
17HR-286,134.0,136.0,0.013,0.13,4.4,5.0,96.0,16.2,7.31,7.45,2.61,1.93,1.44,1.92,0.286,2.94
17HR-286,136.0,138.0,0.007,0.08,14.9,3.5,111.0,8.8,7.68,6.77,2.78,2.41,1.33,2.06,0.297,1.53
17HR-286,138.0,140.0,2.07,2.48,42.9,15.4,98.0,117.5,6.94,11.2,2.42,2.21,0.27,2.44,0.26,7.11
17HR-286,140.0,142.0,0.639,3.3,16.6,12.1,86.0,142.0,7.49,9.85,1.9,0.73,1.3,2.48,0.296,6.41
17HR-286,142.0,144.0,0.088,0.15,5.7,8.6,118.0,46.5,7.58,9.03,2.17,0.67,3.01,1.02,0.296,2.93
17HR-286,144.0,146.0,0.205,0.97,7.3,7.3,93.0,47.1,7.23,8.86,2.03,0.89,2.34,1.46,0.278,3.74
17HR-286,146.0,148.0,0.087,0.4,8.4,5.3,98.0,44.2,7.27,8.35,2.07,0.71,2.83,1.3,0.296,3.54
17HR-286,148.0,150.0,0.232,0.22,7.8,4.4,100.0,29.6,7.67,9.23,2.31,1.04,2.51,1.32,0.296,3.19
17HR-286,148.0,150.0,0.208,0.22,7.8,4.3,102.0,33.6,7.69,9.7,2.31,0.86,2.52,1.27,0.302,3.53
17HR-286,150.0,152.0,0.818,1.63,78.4,11.3,107.0,124.0,7.74,9.57,2.11,1.78,0.77,2.63,0.307,4.08
17HR-286,152.0,154.0,0.665,4.4,94.8,21.8,76.0,243.0,7.86,9.6,1.54,1.74,0.4,3.34,0.31,6.3
17HR-286,154.0,156.0,0.339,1.07,15.7,13.4,87.0,134.5,7.79,9.35,1.81,1.88,0.35,3.01,0.31,5.27
17HR-286,156.0,158.0,0.699,1.87,59.8,16.3,60.0,195.0,7.09,9.03,1.25,2.17,0.23,3.18,0.293,6.61
17HR-286,158.0,160.0,0.54,0.55,188.5,6.1,117.0,51.0,8.17,7.22,2.19,1.67,0.6,3.18,0.331,1.66
17HR-286,160.0,162.0,1.095,0.96,505.0,7.1,116.0,84.2,8.15,9.04,2.42,1.5,0.48,2.67,0.311,2.33
17HR-286,162.0,164.0,0.048,0.19,4.8,4.8,109.0,43.1,7.64,7.04,2.27,2.21,1.05,2.41,0.31,2.0
17HR-286,164.0,166.0,0.093,0.32,4.8,8.5,123.0,68.0,8.53,7.59,2.35,1.25,1.36,2.49,0.343,1.95
17HR-286,166.0,168.0,0.083,0.25,3.7,5.9,127.0,51.5,8.38,8.64,2.44,1.05,1.93,2.14,0.337,3.05
17HR-286,168.0,170.0,0.099,0.32,5.4,7.8,126.0,54.3,8.55,8.47,2.34,1.15,1.79,2.4,0.342,2.85
17HR-286,170.0,172.0,0.034,0.13,5.1,6.1,114.0,41.8,8.49,7.96,2.19,1.96,1.74,2.75,0.346,2.56
17HR-286,172.0,174.0,0.084,0.72,6.5,6.9,109.0,44.0,7.88,8.24,2.23,1.34,1.82,2.55,0.329,2.97
17HR-286,174.0,176.0,0.136,0.48,18.1,11.5,88.0,76.3,7.74,8.84,2.06,1.03,1.44,2.93,0.322,4.62
17HR-286,176.0,178.0,0.136,0.75,25.1,10.7,81.0,87.5,7.78,8.49,2.15,1.37,0.84,3.0,0.311,4.11
17HR-286,178.0,180.0,5.59,3.39,1130.0,13.3,60.0,129.5,6.81,11.75,1.56,1.24,0.32,2.37,0.24,7.95
17HR-286,180.0,182.0,1.32,1.23,16.3,5.3,53.0,41.4,5.92,8.46,1.4,3.42,0.82,1.7,0.221,4.85
17HR-286,182.0,184.0,2.65,1.67,80.1,4.2,27.0,37.9,4.29,12.1,1.13,2.03,0.03,1.58,0.151,
17HR-286,184.0,186.0,1.125,1.32,26.9,3.5,27.0,46.7,6.38,9.17,1.37,1.38,0.39,2.36,0.254,7.98
17HR-286,186.0,188.0,0.043,0.31,7.2,3.8,67.0,55.1,7.73,9.39,2.16,0.91,2.5,1.6,0.335,5.02
17HR-286,186.0,188.0,0.04,0.25,6.5,3.4,71.0,46.8,7.66,9.02,2.24,0.87,2.64,1.51,0.338,4.17
17HR-286,188.0,190.0,0.065,0.29,22.1,3.5,78.0,30.5,7.32,10.05,2.45,0.84,2.58,1.17,0.327,4.02
17HR-286,190.0,192.0,0.081,0.51,5.8,4.2,75.0,30.9,7.39,8.18,2.21,0.9,2.56,1.68,0.317,3.43
17HR-286,192.0,194.0,0.114,1.85,19.2,4.1,63.0,17.8,7.68,7.88,2.22,0.84,2.6,1.76,0.323,3.66
17HR-286,194.0,196.0,0.112,5.16,12.5,5.2,54.0,22.8,8.19,7.27,2.21,1.75,2.73,2.27,0.342,4.08
17HR-286,196.0,198.0,0.06,0.69,47.2,4.8,64.0,23.5,7.92,8.39,2.33,1.19,2.73,1.56,0.335,3.56
17HR-286,198.0,200.0,0.047,0.56,35.8,4.8,73.0,28.8,8.53,6.84,2.24,1.61,3.27,1.84,0.356,2.33
17HR-286,200.0,202.0,0.082,0.67,55.0,6.1,77.0,30.5,8.44,6.84,2.26,2.2,3.24,1.73,0.351,2.16
17HR-286,202.0,204.0,0.231,0.56,109.5,4.2,74.0,36.5,8.31,7.8,2.26,1.33,2.9,2.24,0.361,3.45
17HR-286,204.0,206.0,0.231,1.63,8.7,6.5,57.0,47.3,7.57,8.69,1.97,1.13,2.2,2.26,0.323,5.42
17HR-286,206.0,208.0,0.092,1.84,8.1,6.0,45.0,33.6,7.67,8.56,1.89,1.11,2.69,2.15,0.328,5.83
17HR-286,208.0,210.0,0.046,0.97,4.3,4.2,47.0,25.0,7.87,7.99,1.86,1.11,3.25,1.72,0.326,5.51
17HR-286,210.0,212.0,0.016,0.33,30.9,4.5,68.0,17.6,8.99,5.57,2.07,2.44,3.34,2.44,0.376,1.61
17HR-286,212.0,214.0,0.017,0.21,4.8,4.6,54.0,26.8,9.2,8.75,1.88,1.29,2.69,3.38,0.356,6.01
17HR-286,214.0,216.0,0.026,0.42,71.8,4.1,64.0,26.1,8.58,7.6,2.13,1.44,3.45,1.76,0.346,4.52
17HR-286,216.0,218.0,0.032,0.73,4.7,3.2,68.0,47.0,8.88,6.92,2.31,1.56,3.48,1.68,0.355,3.38
17HR-286,218.0,220.0,0.382,1.49,16.5,4.5,57.0,43.8,7.97,7.02,2.61,2.19,2.13,2.55,0.341,4.69
17HR-286,220.0,222.0,0.056,3.95,8.3,4.8,33.0,39.4,8.12,8.11,1.73,1.3,1.58,3.13,0.327,7.68
17HR-286,222.0,224.0,0.041,1.14,3.5,3.3,42.0,31.2,8.32,4.68,1.95,1.71,3.5,2.29,0.3,3.72
17HR-286,224.0,226.0,0.106,1.74,5.0,4.7,53.0,20.6,7.95,6.89,2.05,1.7,3.01,2.0,0.298,4.97
17HR-286,226.0,228.0,0.11,2.14,7.7,5.0,51.0,18.5,7.67,9.34,1.78,0.82,2.78,1.92,0.311,7.07
17HR-286,228.0,230.0,0.055,0.52,7.9,5.0,48.0,22.5,7.67,9.05,1.56,0.87,2.14,2.16,0.312,7.3
17HR-286,230.0,232.0,0.116,1.74,4.9,4.2,30.0,12.2,7.93,6.88,1.73,1.98,2.4,2.43,0.329,5.77
17HR-286,236.0,238.0,0.322,1.13,37.2,4.8,30.0,29.0,7.03,6.75,1.22,1.28,0.4,2.88,0.244,5.29
17HR-286,238.0,240.0,0.065,0.57,18.5,9.6,27.0,55.2,7.81,6.17,1.15,0.98,1.26,2.79,0.241,5.19
17HR-286,240.0,242.0,0.135,0.92,137.5,5.4,49.0,31.0,7.11,8.03,1.46,0.79,0.91,2.24,0.27,5.92
17HR-286,242.0,244.0,0.877,0.49,56.8,4.7,28.0,31.5,5.9,6.53,1.24,1.47,0.21,2.4,0.195,5.57
17HR-286,244.0,246.0,0.382,0.43,43.6,7.1,24.0,30.0,6.75,6.38,0.92,0.75,0.2,2.79,0.21,5.66
17HR-286,246.0,248.0,0.73,1.52,335.0,4.2,31.0,25.0,4.98,7.92,1.36,1.62,0.05,1.82,0.128,6.4
17HR-286,248.0,250.0,0.683,0.4,81.1,5.3,33.0,18.8,5.75,4.98,1.0,1.12,0.09,2.34,0.19,4.35
17HR-287,88.0,90.0,,0.09,20.6,8.8,125.0,62.8,8.59,7.15,2.57,5.62,1.5,1.4,0.484,0.81
17HR-287,90.0,92.0,,0.05,24.1,6.1,119.0,37.6,8.66,6.97,2.06,4.49,1.49,1.56,0.493,0.23
17HR-287,92.0,94.0,,0.05,24.1,6.3,113.0,11.3,8.45,6.45,2.12,7.95,1.41,1.66,0.444,0.03
17HR-287,94.0,96.0,0.012,0.03,5.9,7.7,114.0,11.5,8.21,6.5,1.97,6.26,1.29,1.76,0.43,
17HR-287,96.0,98.0,,0.04,19.2,10.3,118.0,19.6,8.2,6.79,1.44,4.61,0.83,2.52,0.436,
17HR-287,98.0,100.0,,0.04,28.7,7.7,99.0,27.9,7.73,5.16,1.49,2.86,0.62,2.24,0.353,0.04
17HR-287,100.0,102.0,,0.06,30.7,8.5,91.0,16.3,8.54,5.23,2.01,8.02,0.91,2.01,0.453,0.15
17HR-287,102.0,104.0,,0.09,33.7,7.8,90.0,15.7,8.05,5.46,1.99,6.2,1.02,1.71,0.417,0.28
17HR-287,104.0,106.0,0.011,0.18,41.5,6.4,86.0,17.4,8.3,5.58,1.88,6.52,0.92,1.79,0.433,0.28
17HR-287,106.0,108.0,,0.08,38.7,5.5,81.0,14.4,7.85,5.33,1.93,9.47,0.92,1.67,0.415,0.27
17HR-287,108.0,110.0,,0.03,39.9,4.7,113.0,5.7,8.43,6.01,1.64,7.27,0.81,2.15,0.47,0.02
17HR-287,110.0,112.0,,0.06,22.6,5.0,88.0,7.1,8.05,6.4,1.94,8.54,0.68,1.99,0.432,0.05
17HR-287,112.0,114.0,0.007,0.04,7.6,6.3,68.0,7.3,7.79,6.03,1.83,10.85,0.78,2.06,0.409,0.21
17HR-287,114.0,116.0,0.005,0.01,6.9,6.1,68.0,5.1,7.82,6.05,1.75,9.8,0.86,1.98,0.408,0.02
17HR-287,116.0,118.0,,0.03,5.3,6.0,91.0,11.5,7.45,6.28,2.06,10.9,0.45,1.63,0.387,0.07
17HR-287,118.0,120.0,,0.02,8.7,4.9,96.0,6.8,8.15,6.9,2.33,8.39,0.82,1.54,0.432,0.05
17HR-287,120.0,122.0,,0.19,77.6,4.7,113.0,5.4,8.34,6.76,2.37,5.57,1.06,1.54,0.469,0.03
17HR-287,122.0,124.0,,0.01,3.4,7.2,87.0,6.1,8.11,6.72,1.82,7.28,0.79,2.06,0.427,0.01
17HR-287,124.0,126.0,,0.01,3.2,8.1,93.0,6.5,8.07,6.4,1.95,7.65,0.85,2.07,0.437,
17HR-287,126.0,128.0,,0.01,3.1,8.9,94.0,7.0,7.91,6.6,2.0,7.35,0.78,2.06,0.433,
17HR-287,128.0,130.0,,0.01,3.8,9.1,98.0,6.9,7.91,6.54,2.11,6.05,0.74,2.06,0.441,
17HR-287,130.0,132.0,0.013,0.01,4.2,9.4,96.0,7.1,8.03,6.5,1.97,6.48,0.64,2.19,0.435,
17HR-287,132.0,134.0,,0.01,4.6,9.9,93.0,6.9,8.0,7.04,2.02,9.13,0.53,2.26,0.454,
17HR-287,134.0,136.0,0.005,0.13,37.0,7.7,100.0,5.4,7.98,6.67,2.12,7.45,0.49,2.09,0.455,
17HR-287,136.0,138.0,,0.14,107.5,5.2,92.0,6.8,7.53,5.06,1.89,4.44,0.58,1.79,0.374,0.1
17HR-287,138.0,140.0,0.006,0.27,52.9,26.2,81.0,149.5,7.58,4.43,1.65,3.18,0.6,2.07,0.321,0.44
17HR-287,140.0,142.0,,0.11,16.9,13.7,63.0,24.3,7.39,3.67,1.35,4.08,0.62,2.11,0.29,0.2
17HR-287,142.0,144.0,0.006,0.08,15.3,11.2,51.0,12.4,7.17,2.69,1.03,3.71,0.49,2.23,0.202,0.05
17HR-287,144.0,146.0,0.007,0.07,68.9,5.2,69.0,17.7,7.69,4.64,1.28,4.84,0.44,2.5,0.408,0.17
17HR-287,146.0,148.0,,0.03,12.6,5.1,73.0,18.1,7.85,5.18,1.23,3.89,0.45,2.36,0.406,0.14
17HR-287,148.0,150.0,,0.06,27.0,8.8,84.0,26.7,7.98,5.21,1.42,3.51,0.49,2.36,0.405,0.02
17HR-287,150.0,152.0,0.008,0.13,60.7,11.3,90.0,39.7,7.39,5.0,1.6,7.93,0.24,1.99,0.35,0.22
17HR-287,152.0,154.0,,0.13,47.8,8.9,84.0,31.0,8.01,4.64,1.54,5.96,0.36,2.24,0.378,0.2
17HR-287,154.0,156.0,,0.17,51.1,9.6,94.0,166.0,9.07,5.84,1.61,6.51,0.25,2.8,0.421,1.44
17HR-287,156.0,158.0,0.006,0.14,50.1,15.2,95.0,317.0,8.43,6.12,1.19,5.44,0.26,3.15,0.468,2.96
17HR-287,158.0,160.0,,0.08,30.2,10.9,98.0,109.5,8.29,4.71,1.39,4.12,0.22,2.65,0.36,0.54
17HR-287,158.0,160.0,,0.06,24.2,7.1,91.0,140.5,8.48,4.6,1.35,3.78,0.22,2.77,0.367,0.58
17HR-287,160.0,162.0,0.006,0.11,33.8,5.0,80.0,41.2,7.89,4.17,1.3,2.72,0.15,2.58,0.364,0.38
17HR-287,162.0,164.0,0.102,4.31,81.3,20.8,63.0,359.0,7.61,5.55,0.48,2.06,0.15,3.1,0.385,5.19
17HR-287,164.0,166.0,0.194,4.61,69.2,22.0,118.0,688.0,8.28,6.25,0.35,2.51,0.17,3.96,0.489,6.58
17HR-287,166.0,168.0,0.169,3.19,64.3,24.2,182.0,721.0,8.35,5.08,0.61,2.83,0.16,3.59,0.459,4.61
17HR-287,168.0,170.0,0.119,3.2,65.0,27.5,53.0,623.0,7.39,5.64,0.44,5.21,0.17,3.61,0.442,5.71
17HR-287,170.0,172.0,0.037,1.16,54.8,17.5,109.0,405.0,7.61,5.56,1.24,5.3,0.34,2.83,0.419,3.16
17HR-287,172.0,174.0,0.009,1.15,53.5,14.0,108.0,323.0,7.41,5.94,1.48,7.23,0.71,2.35,0.391,3.03
17HR-287,174.0,176.0,0.006,0.38,77.0,5.7,118.0,218.0,8.25,4.82,1.62,6.69,1.12,2.37,0.429,1.5
17HR-287,176.0,178.0,0.005,0.72,50.4,12.3,110.0,302.0,8.23,5.51,1.86,6.51,1.5,1.84,0.426,1.35
17HR-287,178.0,180.0,0.005,1.56,53.9,20.2,104.0,339.0,8.28,5.98,1.84,6.96,1.83,1.69,0.423,1.86
17HR-287,180.0,182.0,0.007,0.25,48.1,9.8,93.0,221.0,8.46,5.79,2.15,6.99,1.71,1.64,0.433,1.15
17HR-287,182.0,184.0,0.007,0.34,55.2,33.9,81.0,1115.0,6.63,7.45,1.2,7.19,0.94,2.26,0.35,6.26
17HR-287,184.0,186.0,,0.29,60.9,24.8,104.0,1125.0,6.89,7.77,1.58,7.66,0.94,2.19,0.336,5.67
17HR-287,186.0,188.0,,0.3,81.1,19.9,106.0,446.0,7.26,6.45,1.97,8.12,0.82,2.11,0.343,3.09
17HR-287,188.0,190.0,,0.47,60.4,9.0,96.0,155.0,7.36,5.45,2.13,9.07,1.01,1.87,0.344,0.74
17HR-287,190.0,192.0,0.006,1.86,68.7,23.0,98.0,352.0,7.81,5.8,1.64,9.12,1.1,2.5,0.369,2.83
17HR-287,192.0,194.0,0.007,5.44,55.4,38.1,77.0,303.0,7.05,5.15,1.3,11.45,0.5,2.78,0.334,3.1
17HR-287,194.0,196.0,0.008,7.75,73.8,43.4,78.0,572.0,6.7,6.0,1.42,12.65,0.51,2.52,0.314,3.91
17HR-287,196.0,198.0,0.005,4.97,70.3,28.8,93.0,521.0,7.04,6.55,1.87,10.15,0.48,2.51,0.331,3.87
17HR-287,198.0,200.0,0.006,5.99,76.3,54.5,57.0,1435.0,5.87,10.65,1.23,11.7,0.23,2.45,0.271,
17HR-287,200.0,202.0,0.005,2.72,62.2,53.3,78.0,1260.0,5.48,11.15,1.61,11.4,0.38,1.93,0.253,
17HR-287,202.0,204.0,0.006,3.45,58.6,32.7,102.0,900.0,6.7,8.41,2.1,10.2,0.35,2.37,0.312,6.2
17HR-287,204.0,206.0,0.005,4.63,48.9,34.6,83.0,1400.0,5.61,9.68,1.41,12.25,0.44,2.02,0.26,8.62
17HR-287,206.0,208.0,,0.87,75.3,28.4,108.0,480.0,6.64,7.91,1.74,9.87,0.95,2.08,0.314,5.87
17HR-287,208.0,210.0,0.012,0.77,56.1,22.2,118.0,707.0,6.45,8.0,1.99,9.82,0.81,1.95,0.313,5.87
17HR-287,210.0,212.0,,1.19,68.8,29.3,114.0,791.0,6.31,8.28,1.64,10.7,1.29,1.81,0.291,7.04
17HR-287,212.0,214.0,0.018,0.82,58.9,41.6,90.0,504.0,6.04,11.45,1.31,8.11,1.34,1.99,0.291,
17HR-287,214.0,216.0,0.012,0.12,71.6,14.4,68.0,505.0,4.22,14.45,0.86,12.95,1.06,1.24,0.182,
17HR-287,216.0,218.0,0.019,0.15,70.9,29.9,74.0,1080.0,5.1,16.45,1.03,8.01,1.14,1.59,0.221,
17HR-287,218.0,220.0,,0.26,67.7,48.5,115.0,398.0,6.18,9.37,1.02,4.8,1.4,1.95,0.29,9.54
17HR-287,220.0,222.0,,0.23,75.8,41.7,143.0,94.7,7.62,6.56,1.35,4.78,1.25,2.94,0.389,4.99
17HR-287,222.0,224.0,,0.15,32.1,18.7,149.0,52.3,8.94,5.87,1.36,3.18,1.67,2.99,0.434,2.58
17HR-287,224.0,226.0,,0.12,16.9,10.0,141.0,23.7,9.05,4.68,1.3,3.3,1.9,3.03,0.437,1.44
17HR-287,226.0,228.0,,0.17,34.9,13.0,166.0,33.6,8.61,4.62,1.62,4.07,2.31,2.53,0.437,1.41
17HR-287,228.0,230.0,,0.45,36.7,28.2,112.0,61.4,8.59,4.07,1.65,5.81,2.33,2.49,0.414,2.5
17HR-287,230.0,232.0,,0.76,41.7,29.5,67.0,97.4,8.74,3.67,1.0,3.13,2.7,2.78,0.42,2.92
17HR-287,232.0,234.0,0.007,0.86,32.9,20.9,71.0,74.0,9.42,3.82,0.97,3.15,3.0,2.77,0.439,2.87
17HR-287,234.0,236.0,,1.44,35.6,27.1,83.0,73.9,9.75,5.41,1.02,1.93,3.04,2.83,0.45,4.49
17HR-287,236.0,238.0,0.005,1.06,49.1,32.1,99.0,52.2,9.62,4.79,0.98,2.27,2.64,2.84,0.44,3.06
17HR-287,238.0,240.0,,0.17,38.5,10.6,104.0,15.6,8.39,5.07,2.1,5.13,1.53,2.21,0.4,1.17
17HR-287,240.0,242.0,,0.14,41.9,12.6,84.0,19.4,8.18,4.03,2.17,10.2,1.68,2.07,0.358,1.35
17HR-287,242.0,244.0,,0.13,29.1,23.8,92.0,27.8,8.17,4.63,1.32,3.83,2.22,2.4,0.408,2.18
17HR-287,244.0,246.0,,0.16,37.9,12.0,87.0,11.2,8.08,4.63,1.8,7.07,1.31,2.34,0.38,0.7
17HR-287,246.0,248.0,,0.25,25.1,44.0,84.0,36.6,8.12,4.73,1.96,8.13,1.31,2.33,0.375,1.16
17HR-287,246.0,248.0,,0.22,22.4,41.7,82.0,35.8,8.06,4.54,1.98,8.45,1.27,2.24,0.368,1.05
17HR-287,248.0,250.0,,0.19,35.8,11.7,110.0,38.1,8.12,5.08,2.01,4.61,1.49,2.39,0.419,0.68
17HR-287,250.0,252.0,,0.21,50.2,12.0,97.0,41.8,8.95,5.15,1.93,6.97,1.67,2.19,0.408,0.71
17HR-287,252.0,254.0,,0.07,24.6,7.6,104.0,7.5,8.37,5.16,2.04,7.79,1.51,1.99,0.378,0.09
17HR-287,254.0,256.0,,0.09,27.2,8.7,109.0,9.0,7.79,4.33,1.69,6.8,1.39,2.11,0.363,0.07
17HR-287,256.0,258.0,,0.05,1.5,4.2,82.0,5.6,8.21,4.24,1.19,1.51,1.11,2.52,0.372,0.01
17HR-287,258.0,260.0,,0.05,4.4,4.3,78.0,12.2,8.4,4.06,1.11,2.23,1.14,2.61,0.356,0.03
17HR-287,260.0,262.0,,0.02,1.1,6.0,77.0,7.0,8.36,4.77,0.98,2.96,1.46,2.46,0.404,0.01
17HR-287,262.0,264.0,,0.01,0.9,6.1,95.0,7.0,8.37,5.31,1.12,3.94,1.5,2.4,0.406,
17HR-287,264.0,266.0,,0.02,38.8,5.7,87.0,7.9,7.78,4.44,1.09,2.96,1.29,2.36,0.353,0.01
17HR-287,266.0,268.0,,0.02,10.4,5.6,98.0,6.4,8.64,4.29,0.79,1.37,0.84,3.14,0.361,0.01
17HR-287,268.0,270.0,,0.06,19.5,7.7,110.0,6.9,8.79,4.3,0.92,2.68,0.85,3.25,0.348,0.33
17HR-287,270.0,272.0,0.007,0.14,34.9,16.7,92.0,11.8,8.68,4.26,0.83,2.53,1.16,2.87,0.358,1.68
17HR-287,272.0,274.0,,0.18,45.1,17.5,58.0,18.2,8.34,4.63,0.46,1.95,1.58,2.62,0.285,3.16
17HR-287,274.0,276.0,,0.16,13.3,19.9,74.0,16.8,8.83,4.61,0.59,1.99,2.21,2.48,0.306,3.04
17HR-287,276.0,278.0,,0.13,13.8,16.3,77.0,10.2,8.58,4.26,0.71,2.2,2.07,2.46,0.302,2.73
17HR-287,278.0,280.0,,0.06,9.0,6.9,84.0,11.3,8.2,4.04,0.87,2.68,2.08,2.18,0.291,0.75
17HR-287,280.0,282.0,,0.22,15.2,18.4,45.0,19.0,7.99,4.08,0.49,2.63,2.18,2.53,0.291,3.83
17HR-287,282.0,284.0,,0.16,12.7,18.6,58.0,22.4,8.26,4.32,0.67,2.58,1.96,2.65,0.292,3.72
17HR-287,284.0,286.0,,0.21,12.4,24.2,61.0,16.2,7.82,4.25,0.74,3.92,2.23,2.32,0.279,3.55
17HR-287,286.0,288.0,,0.15,12.5,18.0,68.0,16.2,7.57,4.01,0.94,3.05,2.11,2.14,0.284,1.73
17HR-287,288.0,290.0,,0.01,1.3,5.1,65.0,4.8,7.66,4.19,1.02,4.02,2.15,2.13,0.285,0.04
17HR-287,290.0,292.0,,0.02,4.7,5.1,60.0,5.3,8.47,3.9,0.93,2.2,1.91,2.53,0.303,0.2
17HR-287,292.0,294.0,,0.06,13.0,12.0,91.0,6.7,7.97,3.86,1.15,2.07,1.64,2.38,0.293,0.28
17HR-287,294.0,296.0,,0.06,11.0,7.1,88.0,9.9,7.17,3.0,1.22,3.42,1.44,2.27,0.271,0.03
17HR-287,296.0,298.0,,0.02,2.9,6.1,71.0,7.9,7.73,3.41,0.85,2.38,1.4,2.74,0.279,0.05
17HR-287,298.0,300.0,,0.01,1.4,7.7,53.0,9.5,8.04,3.75,0.59,2.24,1.31,3.22,0.299,0.02
17HR-287,300.0,302.0,,0.02,1.4,8.4,57.0,106.5,7.42,3.77,0.55,3.27,1.26,3.21,0.294,0.28
17HR-287,302.0,304.0,,0.01,0.7,8.4,58.0,14.0,8.12,3.92,0.57,2.11,1.01,3.54,0.299,0.04
17HR-287,304.0,306.0,0.005,0.01,1.3,8.6,57.0,30.6,7.93,4.16,0.66,1.45,0.53,3.39,0.283,0.21
17HR-287,306.0,308.0,0.005,0.16,25.4,24.1,86.0,7.8,8.51,3.07,1.43,2.33,1.01,3.13,0.327,0.89
17HR-287,308.0,310.0,,0.1,12.3,12.0,84.0,6.1,7.7,3.24,1.53,2.98,1.27,2.47,0.299,0.77
17HR-287,310.0,312.0,0.008,0.22,15.2,37.0,55.0,18.8,8.36,3.73,0.95,2.72,1.25,2.88,0.301,2.49
17HR-287,312.0,314.0,,0.09,14.4,12.2,78.0,9.2,7.87,3.51,1.24,3.5,1.21,2.47,0.283,1.01
17HR-287,314.0,316.0,,0.08,12.1,9.6,80.0,16.2,7.92,3.18,1.35,3.4,1.13,2.47,0.28,0.41
17HR-287,316.0,318.0,,0.11,11.4,8.7,110.0,17.9,8.16,3.76,1.58,2.98,1.22,2.42,0.291,0.62
17HR-287,318.0,320.0,,0.11,14.4,11.0,48.0,11.5,7.74,3.0,0.66,3.15,1.48,2.64,0.28,2.01
17HR-287,320.0,322.0,,0.12,16.0,11.3,74.0,25.9,7.75,2.54,0.96,3.84,1.25,2.63,0.284,0.94
17HR-287,322.0,324.0,,0.06,13.4,8.2,97.0,10.4,8.1,2.77,1.37,5.01,1.17,2.55,0.292,0.3
17HR-287,324.0,326.0,,0.06,20.0,7.9,91.0,9.5,7.61,3.76,1.48,3.84,1.06,2.47,0.293,0.43
17HR-287,326.0,328.0,,0.06,13.2,8.4,79.0,9.9,7.41,2.94,1.33,4.56,0.65,2.72,0.28,0.22
17HR-287,328.0,330.0,,0.09,11.6,13.8,65.0,26.1,7.63,3.19,1.12,4.31,0.57,2.97,0.288,1.18
17HR-287,330.0,332.0,,0.08,11.8,14.9,75.0,26.9,7.58,3.15,1.33,4.82,0.62,2.61,0.267,0.57
17HR-287,332.0,334.0,,0.13,14.8,15.7,74.0,52.3,8.28,3.87,1.11,2.55,0.55,3.06,0.296,1.44
17HR-287,334.0,336.0,0.017,0.3,16.5,23.3,63.0,143.5,7.82,4.55,0.93,4.2,0.49,2.93,0.268,3.03
17HR-287,334.0,336.0,0.014,0.29,16.9,23.4,65.0,130.5,7.83,4.52,0.93,4.12,0.52,2.94,0.271,2.94
17HR-287,336.0,338.0,,0.14,11.6,14.8,52.0,20.4,7.4,3.41,0.81,4.66,0.86,2.85,0.274,1.99
17HR-287,338.0,340.0,,0.1,16.9,11.5,72.0,13.2,7.53,3.86,1.35,5.1,0.72,2.41,0.256,0.8
17HR-287,340.0,342.0,,0.06,2.8,7.3,68.0,5.1,7.46,3.41,1.14,4.08,0.75,2.79,0.281,0.02
17HR-287,342.0,344.0,,0.05,4.9,9.4,72.0,7.3,7.86,3.9,1.09,5.14,0.91,2.72,0.277,0.02
17HR-287,344.0,346.0,,0.02,0.9,10.1,70.0,8.7,7.33,4.19,0.8,4.64,1.04,2.74,0.279,0.02
17HR-287,346.0,348.0,,0.03,1.1,8.9,69.0,7.7,7.1,3.78,0.78,4.73,0.93,2.7,0.274,0.02
17HR-287,348.0,350.0,,0.02,1.0,9.2,73.0,7.7,8.24,3.92,0.88,4.44,1.1,2.92,0.303,0.01
17HR-287,350.0,352.0,,0.02,0.9,7.6,66.0,7.5,7.76,3.91,0.76,5.04,0.95,2.77,0.28,0.01
17HR-287,352.0,354.0,,0.07,42.8,9.0,85.0,5.3,7.44,3.54,1.1,5.31,0.99,2.39,0.281,0.5
17HR-287,354.0,356.0,0.006,0.17,20.2,14.6,66.0,14.5,7.93,4.89,0.9,3.79,0.81,2.72,0.289,2.84
17HR-287,356.0,358.0,,0.03,7.5,7.9,108.0,6.2,7.76,4.7,1.45,4.82,0.74,2.33,0.29,0.49
17HR-287,358.0,360.0,0.087,0.19,35.0,18.7,68.0,73.2,7.65,2.98,0.88,4.21,0.95,2.64,0.285,1.08
17HR-287,360.0,362.0,0.07,0.33,30.2,41.5,35.0,120.5,6.19,3.72,0.43,9.4,0.5,2.4,0.221,3.23
17HR-287,362.0,364.0,0.036,0.18,14.0,27.6,62.0,76.1,8.01,3.27,0.7,2.73,0.89,2.95,0.3,1.92
17HR-287,364.0,366.0,0.007,0.27,41.1,34.6,77.0,38.9,9.48,3.86,0.92,1.47,0.67,3.56,0.344,1.91
17HR-287,366.0,368.0,0.009,0.13,15.1,33.4,78.0,15.9,7.91,3.5,0.99,4.02,0.64,2.85,0.293,1.27
17HR-287,368.0,370.0,,0.1,16.9,16.1,85.0,5.5,7.84,3.78,1.1,4.62,0.81,2.68,0.303,0.79
17HR-287,370.0,372.0,,0.04,13.9,7.4,82.0,3.7,7.95,3.63,1.09,4.08,0.93,2.54,0.306,0.15
17HR-287,372.0,374.0,,0.03,1.4,6.6,79.0,2.4,7.92,4.13,1.07,3.47,0.89,2.52,0.298,0.04
17HR-287,374.0,376.0,,0.01,1.7,7.0,75.0,2.2,7.28,3.81,0.99,4.07,0.93,2.5,0.295,0.05
17HR-287,376.0,378.0,,0.03,1.6,7.7,66.0,3.5,8.05,4.14,0.93,4.2,0.98,2.64,0.302,0.07
17HR-287,378.0,380.0,,0.02,1.0,6.8,72.0,2.3,8.18,4.21,0.98,3.77,1.0,2.65,0.307,0.17
17HR-287,380.0,382.0,,0.04,22.9,8.6,93.0,13.9,8.53,4.75,1.12,3.18,1.04,2.65,0.323,0.34
17HR-287,382.0,384.0,,0.05,15.6,7.7,89.0,3.5,8.51,5.24,0.94,2.08,0.72,2.8,0.318,0.89
17HR-287,384.0,386.0,0.007,0.68,26.7,30.5,60.0,7.1,8.33,4.29,0.62,1.08,0.36,3.16,0.305,2.3
17HR-287,386.0,388.0,,0.22,18.9,11.7,84.0,3.6,8.44,4.28,0.7,2.17,0.52,3.14,0.331,1.9
17HR-287,388.0,390.0,,0.53,11.6,8.6,87.0,3.5,8.6,4.56,0.88,3.49,0.84,3.02,0.344,0.81
17HR-287,390.0,392.0,,0.02,1.7,5.9,69.0,2.6,7.36,3.74,0.9,4.21,0.86,2.66,0.298,0.2
17HR-287,392.0,394.0,,0.24,14.7,10.6,66.0,7.5,8.55,4.03,0.93,2.42,0.53,3.04,0.31,1.26
17HR-287,394.0,396.0,0.03,0.21,20.9,14.0,59.0,53.6,8.08,3.74,0.81,3.11,0.31,3.32,0.302,2.23
17HR-287,396.0,398.0,0.005,0.13,16.1,11.1,66.0,15.3,8.29,3.7,0.98,2.97,0.33,3.28,0.302,2.05
17HR-287,398.0,400.0,0.005,0.1,17.1,9.3,82.0,9.7,8.31,3.91,1.22,2.59,0.32,3.06,0.29,1.76
17HR-287,400.0,402.0,0.007,0.19,44.2,15.6,93.0,18.5,8.33,4.87,1.27,2.77,0.37,3.06,0.298,2.74
17HR-287,402.0,404.0,0.01,0.15,13.0,12.1,78.0,13.6,8.04,3.95,1.01,3.06,0.36,3.16,0.297,2.31
17HR-287,404.0,406.0,0.029,0.16,12.9,12.3,66.0,35.9,8.09,3.72,0.89,3.21,0.39,3.35,0.303,2.36
17HR-287,406.0,408.0,0.032,0.21,9.6,14.8,58.0,45.4,8.51,4.04,0.87,2.47,0.39,3.48,0.311,2.86
17HR-287,408.0,410.0,0.005,0.11,12.3,11.0,78.0,11.9,8.4,3.58,1.15,3.23,0.38,3.31,0.314,1.56
17HR-287,410.0,412.0,0.006,0.09,10.8,10.2,66.0,11.9,8.44,3.6,1.02,3.14,0.4,3.29,0.3,2.05
17HR-287,412.0,414.0,,0.09,9.9,9.8,81.0,7.5,7.79,3.65,1.24,2.62,0.4,2.84,0.274,1.33
17HR-287,414.0,416.0,,0.06,12.8,3.8,90.0,4.3,7.99,3.55,1.31,2.91,0.38,2.84,0.288,0.14
17HR-287,416.0,418.0,,0.03,30.1,3.9,97.0,3.1,7.97,3.77,1.38,2.52,0.38,2.93,0.304,0.12
17HR-287,418.0,420.0,,0.02,9.2,3.5,104.0,3.0,8.21,4.04,1.39,2.65,0.32,3.0,0.311,0.07
17HR-287,420.0,422.0,,0.03,4.9,4.6,99.0,4.3,8.54,3.68,1.31,2.78,0.32,3.05,0.3,0.24
17HR-287,422.0,424.0,0.006,0.1,29.2,8.1,71.0,6.0,8.61,3.07,0.95,2.48,0.32,3.59,0.316,1.34
17HR-287,422.0,424.0,0.006,0.1,22.3,7.9,68.0,6.0,8.46,3.03,0.9,2.47,0.32,3.53,0.31,1.35
17HR-287,424.0,426.0,0.005,0.74,39.5,19.0,87.0,12.8,9.08,3.82,0.99,1.62,0.27,3.81,0.324,2.72
17HR-287,426.0,428.0,,0.64,16.7,23.7,82.0,9.1,8.74,3.82,0.79,2.4,0.27,3.78,0.321,3.61
17HR-287,428.0,430.0,,0.54,15.5,15.5,99.0,10.2,8.43,3.68,0.9,2.45,0.21,3.5,0.299,3.18
17HR-287,430.0,432.0,,0.56,13.6,16.6,101.0,5.2,8.63,2.84,0.92,3.0,0.2,3.63,0.307,2.17
17HR-287,432.0,434.0,,0.41,14.1,15.8,95.0,4.8,7.17,2.07,0.79,3.54,0.17,3.34,0.294,1.27
17HR-287,434.0,436.0,0.009,1.09,15.8,40.0,72.0,10.7,8.08,2.57,0.8,3.03,0.17,3.64,0.318,1.67
17HR-287,436.0,438.0,0.014,0.44,15.3,19.3,109.0,8.5,8.0,2.73,1.08,2.75,0.13,3.5,0.304,1.2
17HR-287,438.0,440.0,0.029,0.17,27.4,16.6,76.0,20.4,7.65,2.77,0.79,3.55,0.13,3.57,0.31,1.55
17HR-287,440.0,442.0,,0.03,2.1,7.4,98.0,4.4,8.43,2.7,1.19,1.81,0.13,3.62,0.32,0.48
17HR-287,442.0,444.0,,0.1,28.2,9.6,87.0,4.6,8.53,2.44,1.09,2.45,0.13,3.73,0.327,0.41
17HR-287,444.0,446.0,,0.09,29.9,18.6,94.0,2.3,7.41,2.07,1.07,3.45,0.12,3.28,0.29,0.24
17HR-287,446.0,448.0,,0.11,25.5,14.8,80.0,3.0,7.73,2.38,1.01,4.01,0.12,3.37,0.29,0.84
17HR-287,448.0,450.0,0.013,0.23,27.8,19.4,106.0,9.4,7.37,2.69,1.2,4.56,0.19,3.15,0.282,1.03
17HR-287,450.0,452.0,0.019,0.18,13.1,21.7,103.0,19.6,7.41,3.23,1.14,3.75,0.24,3.17,0.293,1.58
17HR-287,452.0,454.0,0.009,0.17,10.3,14.1,99.0,9.7,8.11,4.04,1.3,3.1,0.29,3.05,0.284,2.09
17HR-287,454.0,456.0,0.085,0.19,12.3,9.6,89.0,29.5,7.75,3.36,1.26,3.93,0.5,2.93,0.278,1.74
17HR-287,456.0,458.0,0.042,0.23,23.2,10.6,99.0,28.1,8.13,3.34,1.34,4.92,0.52,3.1,0.295,1.77
17HR-287,458.0,460.0,0.041,0.18,11.5,8.9,99.0,11.9,7.76,3.43,1.31,4.28,0.47,3.04,0.296,1.69
17HR-287,460.0,462.0,,0.02,4.6,3.9,111.0,1.4,7.2,3.3,1.5,4.23,0.38,2.66,0.274,0.14
17HR-287,462.0,464.0,,0.06,6.0,4.7,98.0,3.3,7.17,2.74,1.42,4.22,0.55,2.67,0.271,0.46
17HR-287,464.0,466.0,,0.5,57.4,11.9,108.0,10.9,8.28,4.59,1.52,3.63,0.4,3.27,0.313,2.51
17HR-287,466.0,468.0,0.01,0.47,46.4,11.8,100.0,14.8,9.35,4.73,1.45,1.76,0.15,3.63,0.33,2.41
17HR-287,468.0,470.0,0.006,0.06,4.3,5.2,128.0,3.3,7.81,3.95,1.69,3.28,0.22,2.98,0.301,0.5
17HR-287,470.0,472.0,,0.06,6.3,9.7,160.0,1.9,8.09,4.71,2.06,3.21,0.16,2.85,0.297,0.09
17HR-287,472.0,474.0,,0.06,15.4,5.5,109.0,2.3,8.31,3.43,1.6,3.79,0.13,3.17,0.309,0.02
17HR-287,474.0,476.0,,0.1,23.6,5.4,125.0,2.4,7.58,4.1,1.81,3.62,0.15,2.72,0.292,0.23
17HR-288,2.7,5.0,0.036,0.28,29.4,6.1,133.0,28.7,7.98,8.68,2.58,1.28,1.8,1.92,0.302,3.99
17HR-288,5.0,7.0,0.127,0.78,17.9,17.7,109.0,86.7,7.74,11.4,2.56,1.16,0.72,2.15,0.264,7.41
17HR-288,7.0,9.0,0.265,0.49,18.0,13.8,100.0,69.4,7.15,9.06,2.74,2.3,0.76,1.98,0.261,4.86
17HR-288,9.0,11.0,,0.1,24.0,2.8,89.0,7.0,8.36,5.03,1.81,2.7,1.84,2.39,0.328,0.38
17HR-288,11.0,13.0,0.016,0.23,68.6,4.7,79.0,6.2,7.85,5.03,2.0,3.12,1.57,2.66,0.311,2.2
17HR-288,13.0,15.0,0.026,0.2,6.1,6.3,98.0,15.4,7.74,5.86,2.45,2.8,1.55,2.61,0.283,2.83
17HR-288,15.0,17.0,0.045,0.24,22.7,8.6,132.0,12.3,8.11,6.35,2.61,2.27,1.34,2.74,0.309,2.24
17HR-288,17.0,19.0,0.029,1.17,229.0,785.0,364.0,37.7,7.56,6.89,2.62,3.56,0.99,2.57,0.291,3.53
17HR-288,19.0,21.0,0.081,3.68,1600.0,101.5,168.0,95.2,6.15,6.66,2.65,5.26,0.49,2.49,0.219,5.11
17HR-288,21.0,23.0,0.039,0.78,368.0,16.3,76.0,17.1,7.57,5.95,1.81,1.83,1.35,2.49,0.245,3.26
17HR-288,23.0,25.0,0.18,1.12,126.0,16.8,76.0,78.7,7.44,8.02,2.07,2.27,0.59,2.83,0.248,5.69
17HR-288,25.0,27.0,0.01,0.08,3.4,4.1,94.0,6.4,8.31,5.59,2.06,2.49,1.71,2.39,0.298,2.23
17HR-288,27.0,29.0,0.007,0.1,6.3,3.3,89.0,4.3,8.1,5.18,1.88,3.56,1.84,2.42,0.301,1.8
17HR-288,29.0,31.0,0.04,0.27,7.4,11.7,64.0,18.8,7.79,4.93,2.54,4.74,0.89,3.2,0.262,3.06
17HR-288,31.0,33.0,0.06,0.2,11.1,22.4,102.0,10.6,8.0,4.74,1.76,3.96,1.48,3.16,0.281,2.93
17HR-288,33.0,35.0,,0.08,19.4,4.1,96.0,5.0,8.4,4.8,2.14,3.01,1.94,2.8,0.3,1.54
17HR-288,35.0,37.0,,0.13,15.8,5.6,90.0,6.3,8.43,4.82,2.07,3.16,1.76,2.86,0.291,2.11
17HR-288,37.0,39.0,0.013,0.13,9.5,8.3,80.0,13.4,7.64,4.64,1.54,2.87,1.58,3.16,0.294,2.64
17HR-288,39.0,41.0,0.181,0.12,26.2,5.3,93.0,8.7,8.01,4.85,1.62,3.1,1.85,3.18,0.303,1.71
17HR-288,41.0,43.0,0.056,0.15,16.8,6.1,84.0,8.3,7.65,4.77,1.89,2.05,1.42,3.23,0.301,2.15
17HR-288,43.0,45.0,0.154,0.37,7.6,10.7,84.0,22.9,7.54,6.54,2.25,1.96,1.37,2.54,0.268,3.36
17HR-288,45.0,47.0,0.017,0.19,14.5,10.0,93.0,18.1,7.85,7.38,2.65,2.02,1.67,2.34,0.258,3.29
17HR-288,47.0,49.0,0.054,0.26,15.8,10.5,86.0,31.9,7.57,7.27,2.27,1.71,1.57,2.06,0.247,3.88
17HR-288,49.0,51.0,0.009,0.11,5.3,5.3,86.0,19.8,7.62,5.54,1.97,3.29,1.82,2.42,0.256,2.59
17HR-288,51.0,53.0,0.007,0.05,6.1,3.7,95.0,11.1,7.94,4.96,2.04,2.41,2.27,2.54,0.271,1.76
17HR-288,51.0,53.0,0.009,0.05,5.4,3.6,95.0,10.8,7.96,5.0,2.03,2.42,2.29,2.59,0.277,1.78
17HR-288,53.0,55.0,0.014,0.18,5.6,6.7,86.0,18.7,8.02,5.25,2.1,2.2,1.57,2.87,0.239,2.74
17HR-288,55.0,57.0,0.006,0.13,5.3,5.2,81.0,11.2,8.66,5.21,1.81,2.97,2.49,2.73,0.277,2.71
17HR-288,57.0,59.0,0.006,0.07,4.5,3.3,94.0,4.9,8.19,4.52,1.76,3.66,2.95,2.2,0.299,0.91
17HR-288,59.0,61.0,0.011,0.19,5.4,6.5,67.0,9.0,7.88,4.8,1.46,3.88,2.86,2.45,0.293,2.87
17HR-288,61.0,63.0,,0.04,3.9,3.1,84.0,4.4,7.87,4.66,1.47,3.73,2.99,2.16,0.295,0.97
17HR-288,63.0,65.0,,,1.4,4.8,85.0,2.2,8.25,4.9,1.48,3.22,3.2,2.73,0.32,0.02
17HR-288,65.0,67.0,,,1.4,7.6,79.0,3.1,8.45,4.92,1.34,3.36,2.99,2.99,0.315,0.01
17HR-288,67.0,69.0,,,1.4,5.9,89.0,2.2,8.19,4.63,1.66,4.2,2.83,2.69,0.307,0.03
17HR-288,69.0,71.0,,0.06,2.3,6.2,72.0,2.4,7.62,4.35,1.84,5.97,2.32,2.43,0.277,0.37
17HR-288,71.0,73.0,,0.02,2.4,5.3,99.0,1.9,8.54,5.36,2.04,3.38,2.66,2.28,0.345,0.02
17HR-288,73.0,75.0,,,2.1,4.2,109.0,1.6,8.58,5.38,2.09,3.59,2.6,2.31,0.349,0.04
17HR-288,75.0,77.0,,0.37,13.8,6.3,112.0,3.8,8.11,5.31,1.98,3.85,2.6,2.05,0.352,0.06
17HR-288,77.0,79.0,,0.07,5.3,4.4,85.0,2.8,8.2,5.16,1.56,4.08,2.21,2.52,0.336,0.02
17HR-288,79.0,81.0,,0.06,5.5,7.0,101.0,2.2,8.14,5.15,1.97,3.37,1.87,2.64,0.338,0.08
17HR-288,81.0,83.0,,0.04,3.9,3.8,92.0,2.0,8.48,5.24,1.71,4.22,2.57,2.23,0.319,0.2
17HR-288,83.0,85.0,,0.02,4.7,2.3,85.0,2.2,8.15,5.06,1.6,3.91,2.61,2.15,0.315,0.02
17HR-288,85.0,87.0,,0.02,3.5,2.6,82.0,2.3,8.26,5.19,1.76,3.09,2.42,2.66,0.318,0.06
17HR-288,87.0,89.0,,0.01,3.3,2.1,65.0,1.3,8.29,4.88,1.59,4.2,2.58,2.45,0.306,0.13
17HR-288,89.0,91.0,0.007,0.08,19.6,4.7,102.0,6.0,8.28,5.48,2.12,4.46,2.08,2.13,0.293,0.66
17HR-288,91.0,93.0,,0.02,3.3,3.0,76.0,1.5,8.13,5.11,1.6,4.2,2.5,2.29,0.299,0.1
17HR-288,93.0,95.0,,0.05,5.4,4.1,65.0,2.2,8.19,4.95,1.47,4.87,2.49,2.49,0.309,0.23
17HR-288,95.0,97.0,,0.01,3.9,2.9,59.0,2.6,7.6,5.08,1.29,4.91,2.34,2.64,0.321,0.09
17HR-288,97.0,99.0,,0.05,3.9,4.4,74.0,4.3,8.03,5.58,1.7,4.1,2.47,2.57,0.331,0.37
17HR-288,99.0,101.0,,0.05,3.3,4.2,77.0,5.3,8.1,5.71,1.78,3.35,2.74,1.88,0.317,0.26
17HR-288,101.0,103.0,,0.04,10.3,3.1,97.0,6.2,7.91,7.05,2.37,2.23,2.43,1.41,0.296,0.51
17HR-288,101.0,103.0,,0.03,11.8,2.8,97.0,5.6,8.26,6.79,2.34,2.58,2.49,1.59,0.317,0.38
17HR-288,103.0,105.0,0.024,0.27,15.0,7.2,101.0,30.6,8.43,7.56,2.35,1.86,2.4,1.83,0.323,1.48
17HR-288,105.0,107.0,0.209,0.87,6.6,7.3,100.0,45.3,7.25,9.25,2.14,1.33,2.09,2.3,0.285,4.48
17HR-288,107.0,109.0,0.089,1.58,11.2,8.1,84.0,31.1,7.6,7.22,1.92,1.98,2.07,2.42,0.288,3.45
17HR-288,109.0,111.0,0.006,0.11,7.5,17.1,330.0,12.1,8.26,5.68,2.02,2.38,2.81,2.29,0.335,1.51
17HR-288,111.0,113.0,0.009,0.3,22.0,28.6,186.0,25.1,8.38,6.34,2.02,1.71,2.46,2.65,0.324,2.54
17HR-288,113.0,115.0,,0.07,5.1,3.5,98.0,11.1,8.62,7.17,2.25,1.15,3.1,1.71,0.293,2.0
17HR-288,115.0,117.0,,0.03,7.8,2.9,92.0,6.3,8.16,5.24,2.0,2.79,2.94,2.26,0.349,0.76
17HR-288,117.0,119.0,0.006,0.08,8.8,4.1,87.0,19.1,8.06,6.16,2.03,2.52,2.63,2.63,0.333,1.82
17HR-288,119.0,121.0,0.006,0.04,4.5,2.3,99.0,14.0,8.39,6.71,2.31,1.57,2.89,1.97,0.339,0.74
17HR-288,121.0,123.0,0.01,0.06,4.1,2.5,104.0,13.7,7.94,6.9,2.39,1.09,2.7,1.9,0.34,1.05
17HR-288,123.0,125.0,0.015,0.13,8.7,4.6,95.0,25.7,7.67,7.01,2.12,1.88,1.97,2.66,0.329,2.0
17HR-288,125.0,127.0,0.008,0.08,9.8,3.2,94.0,11.6,8.05,5.74,2.32,1.64,2.18,2.76,0.341,1.34
17HR-288,127.0,129.0,0.022,0.15,8.3,3.8,94.0,11.1,7.9,6.55,2.5,1.71,2.01,2.71,0.327,1.87
17HR-288,127.0,129.0,0.022,0.16,7.2,4.1,94.0,11.0,8.26,6.59,2.66,2.03,2.02,2.73,0.333,1.85
17HR-288,129.0,131.0,0.041,0.08,11.4,2.9,95.0,6.0,8.36,5.61,2.98,2.54,1.99,2.72,0.347,0.47
17HR-288,131.0,133.0,0.058,0.53,12.8,3.9,79.0,27.1,6.52,7.35,2.42,2.45,1.46,1.85,0.237,3.62
17HR-288,133.0,135.0,0.194,1.09,7.1,5.7,101.0,43.9,4.92,11.95,2.19,1.12,0.27,0.9,0.176,5.8
17HR-288,135.0,137.0,0.188,1.01,7.1,5.8,87.0,58.7,6.12,10.5,2.05,1.02,0.91,1.71,0.234,6.31
17HR-288,135.0,137.0,0.161,0.95,7.7,5.4,82.0,56.9,5.7,10.2,2.04,1.19,0.75,1.57,0.217,6.12
17HR-288,137.0,139.0,0.15,1.04,14.5,7.2,72.0,70.2,7.01,10.3,1.79,0.88,0.78,2.53,0.277,6.41
17HR-288,139.0,141.0,0.117,0.78,11.8,8.2,80.0,53.2,6.96,11.35,1.86,0.84,0.52,2.23,0.271,6.46
17HR-288,141.0,143.0,0.053,0.3,3.5,5.9,103.0,44.3,7.33,10.55,2.28,0.94,2.22,1.72,0.308,4.84
17HR-288,143.0,145.0,1.32,27.7,8.1,10.6,51.0,78.4,8.38,7.14,1.67,1.96,0.69,3.42,0.32,4.81
17HR-288,145.0,147.0,1.26,61.8,8.0,18.3,27.0,97.0,7.78,4.59,1.29,2.51,0.5,3.68,0.305,4.54
17HR-288,147.0,149.0,0.138,5.61,4.2,13.1,22.0,74.5,7.71,4.08,1.09,2.58,2.69,2.64,0.293,3.95
17HR-288,149.0,151.0,0.107,24.0,7.4,6.9,29.0,66.3,8.2,4.72,1.11,2.34,2.9,2.65,0.299,4.5
17HR-288,151.0,153.0,0.229,28.8,13.4,12.8,34.0,68.9,8.1,5.55,0.96,1.83,2.58,3.02,0.292,5.57
17HR-288,153.0,155.0,0.172,27.1,11.7,9.1,41.0,58.2,8.28,5.54,1.4,2.32,2.77,3.26,0.319,5.36
17HR-288,155.0,157.0,0.084,3.76,5.1,7.2,28.0,34.6,8.59,5.13,1.14,2.25,2.94,3.51,0.305,4.76
17HR-288,157.0,159.0,0.151,4.37,5.2,8.4,34.0,71.5,7.88,5.56,1.33,2.79,2.21,3.58,0.289,5.0
17HR-288,159.0,161.0,0.065,10.65,6.2,14.1,42.0,104.5,8.29,5.81,1.26,2.79,3.24,3.3,0.33,5.38
17HR-288,161.0,163.0,0.026,1.97,2.9,10.4,46.0,47.7,8.38,5.22,1.52,3.04,4.14,2.36,0.312,4.51
17HR-288,163.0,165.0,0.237,11.8,6.4,10.3,48.0,78.1,7.78,5.3,1.46,3.3,3.35,2.96,0.272,4.63
17HR-288,165.0,167.0,0.13,1.95,3.2,9.7,46.0,68.3,8.1,4.67,1.38,3.0,4.06,2.63,0.318,4.01
17HR-288,167.0,169.0,0.214,3.93,4.5,14.2,56.0,90.1,7.72,5.06,1.23,2.2,3.06,3.41,0.302,4.45
17HR-288,169.0,171.0,0.324,12.75,4.7,12.2,22.0,135.0,7.51,5.52,0.98,2.57,2.01,3.54,0.298,5.47
17HR-288,171.0,173.0,0.268,8.87,6.6,13.3,33.0,121.5,8.47,6.01,1.09,2.16,2.46,3.97,0.333,5.71
17HR-288,173.0,175.0,0.108,4.94,5.9,16.1,52.0,153.5,7.94,6.58,1.47,1.62,2.57,3.82,0.314,5.79
17HR-288,175.0,177.0,0.052,4.09,4.6,10.1,66.0,69.9,8.1,6.01,1.73,1.59,3.42,3.05,0.31,4.57
17HR-288,177.0,179.0,0.18,4.82,6.4,8.2,50.0,86.4,7.59,5.61,1.33,2.57,2.83,3.24,0.288,4.77
17HR-288,179.0,181.0,0.635,3.99,166.0,22.0,6710.0,149.0,6.82,7.34,1.03,2.48,2.15,2.88,0.266,7.88
17HR-288,181.0,183.0,0.051,3.25,4.1,6.1,35.0,47.0,8.02,5.92,1.33,2.09,3.75,2.47,0.315,5.41
17HR-288,183.0,185.0,0.019,1.43,6.3,10.3,50.0,65.5,8.1,5.27,1.77,2.19,4.03,2.16,0.34,4.32
17HR-288,185.0,187.0,0.022,1.74,5.5,6.7,53.0,40.9,8.18,5.61,1.88,1.53,3.76,2.27,0.334,4.53
17HR-288,187.0,189.0,0.063,6.48,6.1,8.0,49.0,46.2,8.1,6.22,1.76,0.87,3.77,2.21,0.337,5.21
17HR-288,189.0,191.0,0.09,2.21,3.5,5.6,71.0,65.3,7.79,6.74,2.11,0.89,3.74,1.68,0.333,4.18
17HR-288,191.0,193.0,0.074,1.84,15.3,5.3,77.0,71.0,8.25,5.97,2.61,1.5,3.52,2.04,0.363,3.69
17HR-288,193.0,195.0,0.06,1.14,12.0,6.3,61.0,55.4,7.97,6.14,2.08,1.92,3.29,2.18,0.349,4.06
17HR-288,195.0,197.0,0.036,0.9,18.7,5.8,54.0,96.4,8.16,5.45,1.91,1.68,3.57,2.1,0.347,3.95
17HR-288,197.0,199.0,0.135,2.03,22.4,5.6,61.0,64.2,8.18,7.51,1.86,1.2,2.74,2.17,0.341,4.64
17HR-288,199.0,201.0,0.095,1.56,5.2,15.6,98.0,56.5,7.51,8.15,1.83,1.2,1.47,2.27,0.301,4.21
17HR-288,201.0,203.0,0.1,3.11,5.2,37.6,38.0,33.5,7.32,6.51,1.08,2.27,0.78,3.21,0.28,5.58
17HR-288,203.0,205.0,0.058,1.21,4.3,10.2,49.0,36.7,8.18,6.5,1.56,2.07,1.24,2.93,0.286,5.13
17HR-288,205.0,207.0,0.063,1.18,6.2,9.3,37.0,30.4,7.64,7.13,1.32,1.98,1.09,2.98,0.267,6.2
17HR-288,207.0,209.0,0.077,1.02,6.9,8.5,62.0,16.5,7.27,8.9,1.6,1.74,1.08,2.58,0.265,7.03
17HR-288,209.0,211.0,0.03,0.81,2.7,3.3,76.0,16.6,8.27,5.93,2.03,0.96,1.6,2.38,0.275,2.49
17HR-288,211.0,213.0,0.133,0.75,6.9,4.3,91.0,21.2,6.89,7.32,1.86,1.44,0.64,2.32,0.221,4.78
17HR-288,213.0,215.0,0.218,1.2,8.9,4.9,34.0,24.0,7.24,6.16,1.33,2.05,0.28,3.28,0.247,5.18
17HR-288,215.0,217.0,0.065,0.84,7.7,4.4,48.0,21.6,7.17,5.78,2.32,3.08,0.59,2.71,0.241,4.09
17HR-288,217.0,219.0,0.072,1.58,18.7,12.6,78.0,24.2,7.77,6.29,2.22,1.71,0.89,2.59,0.279,3.28
17HR-288,219.0,221.0,0.061,0.83,9.9,7.8,68.0,32.6,7.85,8.55,2.32,0.67,2.09,1.51,0.296,4.23
17HR-288,221.0,223.0,0.022,0.33,14.3,6.0,74.0,24.1,8.37,6.47,2.44,0.92,2.56,1.67,0.306,2.45
17HR-288,223.0,225.0,0.018,0.13,17.5,3.1,76.0,15.1,8.58,5.16,2.58,0.96,2.89,1.56,0.33,0.76
17HR-288,223.0,225.0,0.012,0.13,18.0,2.7,74.0,14.7,8.43,5.01,2.5,0.9,2.81,1.51,0.321,0.73
17HR-288,225.0,227.0,0.284,0.33,25.5,4.0,69.0,18.4,7.77,6.07,2.26,0.99,1.67,1.98,0.296,2.42
17HR-289,7.6,9.0,0.007,0.15,7.3,8.2,125.0,58.1,6.98,4.26,0.97,2.92,0.94,3.17,0.274,2.35
17HR-289,9.0,11.0,0.025,0.13,4.4,9.3,73.0,1530.0,6.99,4.29,0.98,3.46,0.64,3.18,0.268,3.31
17HR-289,11.0,13.0,0.483,9.86,42.3,184.0,1210.0,1770.0,6.24,4.59,1.35,7.03,0.13,2.93,0.21,3.11
17HR-289,13.0,15.0,0.06,0.51,16.1,11.9,117.0,983.0,6.91,5.51,1.59,5.18,0.56,2.94,0.292,2.79
17HR-289,15.0,17.0,0.061,1.03,4.4,8.6,72.0,554.0,7.18,5.14,1.85,4.23,1.45,2.77,0.324,3.28
17HR-289,17.0,19.0,,1.61,5.2,8.2,81.0,23.6,7.53,5.47,1.86,3.87,2.11,2.28,0.351,3.58
17HR-289,19.0,21.0,,1.21,9.7,12.0,64.0,23.8,7.02,5.5,1.58,3.57,1.72,2.51,0.371,4.01
17HR-289,19.0,21.0,,1.46,9.0,12.2,70.0,25.0,7.12,5.87,1.69,3.63,1.8,2.54,0.383,4.2
17HR-289,21.0,23.0,0.077,6.63,7.5,12.8,73.0,24.6,7.17,5.51,1.46,3.48,1.24,2.85,0.336,3.77
17HR-289,23.0,25.0,0.036,2.41,93.5,9.5,73.0,22.1,7.73,5.07,1.46,3.21,1.34,2.84,0.325,2.91
17HR-289,25.0,27.0,,0.05,12.4,4.0,77.0,2.9,7.15,3.94,1.44,4.55,0.92,3.47,0.311,0.17
17HR-289,27.0,29.0,0.027,0.06,7.7,5.8,85.0,173.0,7.3,4.0,1.5,4.5,1.05,3.08,0.289,0.41
17HR-289,29.0,31.0,0.034,0.12,16.2,7.0,95.0,184.0,7.23,4.24,1.47,5.25,0.85,3.1,0.298,0.6
17HR-289,31.0,33.0,0.241,2.5,1820.0,27.2,134.0,17.2,5.1,4.93,1.79,13.6,0.43,1.55,0.162,1.52
17HR-289,33.0,35.0,0.124,0.28,24.0,15.0,86.0,49.9,7.4,6.05,1.32,4.03,1.24,2.86,0.296,2.93
17HR-289,35.0,37.0,0.027,0.26,85.0,7.2,56.0,15.2,7.06,3.78,0.99,4.21,0.91,3.65,0.25,1.15
17HR-289,37.0,39.0,0.066,0.85,76.0,11.5,67.0,29.5,7.19,5.31,1.01,2.69,0.5,3.47,0.252,2.97
17HR-289,39.0,41.0,0.088,1.45,10.0,10.4,56.0,23.0,6.81,4.87,0.97,4.07,0.32,3.03,0.239,3.01
17HR-289,41.0,43.0,0.099,1.45,10.2,12.6,85.0,32.0,7.41,6.63,1.33,3.6,0.56,3.02,0.3,3.62
17HR-289,43.0,45.0,0.09,0.26,7.9,7.2,37.0,18.8,6.52,3.16,0.62,6.85,0.67,3.61,0.225,1.62
17HR-289,45.0,47.0,0.025,0.24,27.3,8.8,46.0,22.2,6.24,2.65,0.45,7.08,0.72,3.75,0.25,1.5
17HR-289,47.0,49.0,0.047,0.13,8.9,11.8,49.0,15.1,6.39,2.05,0.44,7.94,0.74,3.55,0.224,1.06
17HR-289,49.0,51.0,0.144,0.54,8.5,19.3,79.0,32.9,6.19,3.13,0.52,9.73,0.11,3.08,0.196,2.42
17HR-289,51.0,53.0,0.165,0.25,17.3,12.4,144.0,17.1,6.23,3.0,0.44,6.21,0.6,3.8,0.227,2.1
17HR-289,53.0,55.0,0.018,0.32,16.4,8.8,80.0,17.4,6.43,3.03,0.48,5.83,0.89,3.71,0.236,2.06
17HR-289,55.0,57.0,0.061,0.65,46.3,9.7,47.0,22.0,6.78,3.77,0.7,4.61,0.56,3.71,0.245,2.22
17HR-289,57.0,59.0,0.071,0.81,41.5,12.6,144.0,24.7,7.15,3.53,0.95,8.13,0.42,3.55,0.219,2.16
17HR-289,59.0,61.0,0.207,0.73,329.0,155.0,508.0,20.4,4.03,2.49,0.63,18.2,0.06,1.96,0.135,1.62
17HR-289,61.0,63.0,0.515,1.71,993.0,201.0,2470.0,20.4,5.24,2.86,0.5,15.3,0.33,2.51,0.171,1.99
17HR-289,63.0,65.0,,0.11,11.2,7.7,78.0,6.1,7.16,3.28,0.81,5.34,1.15,3.61,0.248,1.1
17HR-289,65.0,67.0,0.192,0.64,21.6,24.2,36.0,17.0,4.92,2.51,0.37,13.4,0.16,2.58,0.146,1.97
17HR-289,67.0,69.0,0.1,0.24,17.8,13.9,39.0,12.7,5.47,2.51,0.49,14.05,0.27,2.84,0.17,1.43
17HR-289,69.0,71.0,0.044,0.32,84.0,10.5,47.0,15.2,6.71,2.81,0.45,9.34,0.36,3.67,0.222,1.95
17HR-289,71.0,73.0,0.056,0.32,15.6,11.7,41.0,21.6,6.46,3.58,0.42,10.35,0.32,3.5,0.289,3.1
17HR-289,73.0,75.0,0.067,0.34,73.1,8.9,55.0,10.8,6.04,2.65,0.39,4.74,0.77,3.89,0.24,1.7
17HR-289,75.0,77.0,,0.18,20.9,67.7,51.0,8.6,5.95,2.76,0.63,4.24,1.18,3.44,0.235,0.73
17HR-289,77.0,79.0,0.011,0.17,6.9,8.6,47.0,12.6,6.33,2.99,0.53,4.39,0.91,3.67,0.252,1.72
17HR-289,79.0,81.0,0.01,0.17,9.3,8.5,51.0,8.2,6.06,2.9,0.54,5.39,1.1,3.66,0.242,1.36
17HR-289,81.0,83.0,0.007,0.13,24.9,9.3,41.0,15.0,5.83,2.64,0.36,5.96,0.93,3.61,0.239,1.78
17HR-289,83.0,85.0,0.012,0.13,27.0,10.0,54.0,14.7,5.86,2.71,0.48,6.07,1.0,3.39,0.232,1.14
17HR-289,85.0,87.0,0.019,0.37,111.5,11.2,86.0,14.1,6.56,3.75,0.95,6.6,0.81,3.24,0.228,2.01
17HR-289,87.0,89.0,0.029,0.23,56.4,15.3,35.0,11.2,3.7,2.31,0.55,20.2,0.33,1.71,0.114,1.5
17HR-289,89.0,91.0,0.006,0.12,31.0,8.7,56.0,7.8,6.31,3.29,1.01,4.95,1.11,3.02,0.238,1.07
17HR-289,91.0,93.0,0.014,0.14,20.8,7.5,123.0,11.3,8.1,4.81,1.55,5.86,2.02,2.71,0.317,2.06
17HR-289,93.0,95.0,,0.1,32.6,4.0,67.0,4.3,7.06,3.16,1.11,5.83,1.5,3.05,0.244,0.54
17HR-289,95.0,97.0,0.017,0.16,10.5,7.8,96.0,12.2,7.83,5.17,1.66,8.03,1.96,2.41,0.298,1.96
17HR-289,97.0,99.0,0.049,0.25,16.2,8.0,76.0,9.3,6.96,3.66,1.18,8.1,1.23,2.94,0.24,1.1
17HR-289,99.0,101.0,0.018,0.36,72.2,11.4,105.0,19.2,7.34,4.95,1.49,7.92,1.4,2.46,0.292,2.4
17HR-289,101.0,103.0,0.013,0.31,35.8,7.3,111.0,14.2,7.58,5.78,1.91,5.94,1.6,2.19,0.309,2.37
17HR-289,103.0,105.0,0.198,0.72,73.6,12.3,51.0,12.5,4.1,3.02,0.83,19.6,0.54,1.32,0.147,1.67
17HR-289,105.0,107.0,0.485,0.56,575.0,17.6,25.0,15.9,0.18,1.32,0.13,34.3,0.01,0.08,0.005,1.19
17HR-289,107.0,109.0,0.125,0.35,58.6,17.7,122.0,15.6,2.33,1.64,0.33,26.1,0.02,1.02,0.071,1.34
17HR-289,107.0,109.0,0.051,0.44,37.5,17.8,109.0,16.5,2.73,1.86,0.36,25.3,0.02,1.19,0.085,1.56
17HR-289,109.0,111.0,0.065,0.37,47.8,11.4,46.0,63.9,5.81,3.07,0.74,11.35,0.56,2.92,0.183,2.04
17HR-289,111.0,113.0,0.037,0.25,6.4,8.4,39.0,322.0,6.37,3.83,0.98,3.0,1.05,3.51,0.257,2.59
17HR-289,113.0,115.0,0.019,0.52,9.3,28.5,62.0,17.2,6.25,3.69,0.98,3.65,1.02,3.33,0.233,2.32
17HR-289,115.0,117.0,0.02,0.27,9.3,8.0,65.0,145.5,6.25,4.84,1.19,2.66,0.86,3.11,0.23,2.24
17HR-289,117.0,119.0,0.09,0.91,51.9,24.4,71.0,24.2,6.12,3.52,0.72,1.76,0.63,3.12,0.221,2.73
17HR-289,119.0,121.0,0.068,1.12,24.1,13.5,82.0,36.9,6.09,3.61,0.81,7.08,0.7,3.15,0.211,2.18
17HR-289,121.0,123.0,0.005,0.29,14.3,16.9,87.0,13.8,6.61,3.55,0.92,2.66,1.39,3.5,0.253,1.91
17HR-289,123.0,125.0,,0.11,10.6,8.9,66.0,7.3,6.64,3.56,1.06,2.9,1.64,3.49,0.256,1.24
17HR-289,125.0,127.0,0.024,0.64,13.2,13.7,60.0,19.8,6.83,4.16,0.87,3.17,1.28,3.7,0.279,3.15
17HR-289,127.0,129.0,0.006,0.17,7.6,9.5,110.0,16.0,6.41,3.42,0.98,3.05,1.79,3.45,0.251,1.74
17HR-289,129.0,131.0,,0.09,8.3,8.3,73.0,11.8,6.53,3.55,1.07,2.68,1.93,3.21,0.255,1.54
17HR-289,131.0,133.0,0.013,0.26,16.6,14.8,83.0,13.2,7.81,4.01,1.21,2.47,1.95,3.48,0.263,2.14
17HR-289,133.0,135.0,,0.17,11.0,12.4,85.0,11.0,7.5,3.73,1.23,2.78,1.94,3.61,0.256,1.8
17HR-289,135.0,137.0,0.012,0.68,13.0,18.1,82.0,21.5,8.09,4.25,1.4,2.28,1.59,3.78,0.293,2.94
17HR-289,137.0,139.0,0.023,0.34,13.4,9.6,164.0,29.6,6.88,3.73,1.22,3.76,1.01,3.89,0.241,2.6
17HR-289,139.0,141.0,0.074,0.38,6.3,9.6,30.0,56.7,6.88,3.58,0.83,3.77,0.17,3.81,0.227,3.03
17HR-289,141.0,143.0,0.048,0.44,6.3,20.9,157.0,26.2,3.63,2.61,1.75,16.0,0.02,1.85,0.107,1.96
17HR-289,143.0,145.0,0.441,0.48,6.5,13.4,29.0,47.5,6.91,3.14,1.13,5.82,0.09,3.9,0.219,2.76
17HR-289,145.0,147.0,0.028,0.26,4.5,82.0,160.0,19.0,3.35,2.3,0.42,19.5,0.02,1.7,0.098,1.72
17HR-289,147.0,149.0,0.042,0.41,5.8,12.3,68.0,32.3,5.69,3.5,1.5,5.84,0.04,2.94,0.176,2.26
17HR-289,149.0,151.0,0.069,0.37,6.6,8.6,27.0,43.7,5.76,4.17,1.12,7.21,0.04,2.9,0.186,3.18
17HR-289,151.0,153.0,0.085,0.27,9.6,9.6,24.0,23.2,5.91,3.27,0.72,8.68,0.18,3.24,0.189,2.41
17HR-289,153.0,155.0,0.039,0.26,8.7,22.5,15.0,21.1,4.01,2.86,0.31,17.5,0.14,2.01,0.123,1.9
17HR-289,155.0,157.0,0.023,0.07,3.5,11.4,9.0,18.2,2.53,1.61,0.22,20.7,0.03,1.3,0.081,0.93
17HR-289,157.0,159.0,0.005,0.03,1.2,37.3,4.0,0.3,0.03,0.58,0.07,23.1,,0.01,,0.17
17HR-289,159.0,161.0,0.016,0.03,2.5,23.6,12.0,1.8,0.44,1.08,0.19,25.8,0.01,0.21,0.015,0.39
17HR-289,161.0,163.0,0.007,0.16,2.4,11.7,2.0,3.9,0.07,1.27,0.06,19.45,,0.03,,1.08
17HR-289,163.0,165.0,0.024,0.11,2.0,7.0,2.0,4.2,0.32,1.02,0.07,19.85,0.01,0.15,0.011,0.69
17HR-289,165.0,167.0,0.067,0.16,5.5,7.8,19.0,23.7,5.04,3.08,0.29,9.84,0.26,2.71,0.158,2.22
17HR-289,167.0,169.0,0.168,0.31,38.0,10.0,75.0,34.9,5.86,8.01,1.1,6.32,0.41,2.15,0.204,4.52
17HR-289,169.0,171.0,0.144,0.59,303.0,9.5,92.0,42.7,6.7,10.15,1.36,3.23,0.22,2.39,0.205,5.28
17HR-289,171.0,173.0,0.093,0.21,4.6,6.9,57.0,37.0,6.53,6.03,0.86,5.43,0.19,2.51,0.208,2.87
17HR-289,173.0,175.0,0.183,0.79,120.5,8.9,36.0,52.4,7.05,5.06,0.71,3.21,0.8,3.44,0.223,3.67
17HR-289,175.0,177.0,0.082,0.63,5.5,8.3,49.0,61.3,7.96,4.93,1.14,1.26,1.52,3.62,0.23,2.83
17HR-289,177.0,179.0,0.138,0.82,6.1,7.1,40.0,52.8,7.1,5.44,1.04,2.17,1.27,3.1,0.21,3.79
17HR-289,179.0,181.0,0.141,0.31,3.5,13.5,25.0,40.6,3.15,4.29,0.39,15.55,0.04,1.39,0.089,3.4
17HR-289,181.0,183.0,0.241,0.91,10.5,9.5,29.0,48.8,6.67,5.06,0.56,3.75,0.26,3.25,0.214,4.34
17HR-289,183.0,185.0,0.315,0.8,6.3,7.3,27.0,51.8,6.9,4.72,0.41,3.45,1.43,3.62,0.219,4.04
17HR-289,185.0,187.0,0.137,0.72,5.4,6.2,34.0,45.9,7.67,4.7,0.65,2.45,1.48,3.78,0.231,3.37
17HR-289,187.0,189.0,0.113,1.06,10.4,5.5,39.0,43.5,7.58,5.17,0.93,2.31,1.02,3.36,0.234,3.53
17HR-289,189.0,191.0,0.091,0.74,7.3,6.4,28.0,36.8,6.68,3.61,0.84,3.81,1.42,3.3,0.219,2.3
17HR-289,191.0,193.0,0.041,1.74,5.9,7.7,24.0,49.3,7.29,3.86,0.64,3.65,1.05,3.82,0.234,2.81
17HR-289,193.0,195.0,0.068,0.86,9.9,7.4,43.0,63.3,7.57,4.48,1.08,2.66,1.72,3.76,0.259,2.35
17HR-289,195.0,197.0,0.026,0.75,7.1,7.7,42.0,56.6,7.54,3.82,0.97,3.56,1.83,3.59,0.236,2.23
17HR-290,3.65,5.0,0.027,0.79,159.5,5.9,65.0,26.5,7.72,4.05,1.31,3.3,1.03,3.03,0.298,0.64
17HR-290,5.0,7.0,0.225,0.64,83.8,7.5,79.0,13.0,8.44,4.72,1.18,2.87,1.12,3.1,0.321,0.81
17HR-290,7.0,9.0,0.012,0.42,16.8,6.5,87.0,7.5,8.1,4.81,1.3,3.33,1.18,2.72,0.322,0.6
17HR-290,9.0,11.0,0.061,0.29,10.5,9.7,83.0,33.2,8.1,6.87,1.63,2.25,1.04,2.56,0.307,3.06
17HR-290,11.0,13.0,0.055,0.35,9.1,9.5,118.0,28.4,7.9,10.0,2.47,0.56,1.32,1.64,0.325,3.24
17HR-290,13.0,15.0,0.053,0.78,16.2,13.7,122.0,27.6,7.43,10.7,2.46,0.55,1.37,1.15,0.3,3.25
17HR-290,15.0,17.0,0.072,0.55,32.9,8.1,109.0,7.6,8.16,6.81,1.85,1.09,1.73,2.04,0.328,1.65
17HR-290,17.0,19.0,0.026,0.23,15.8,5.5,96.0,8.6,7.92,5.73,1.67,2.12,1.75,2.07,0.295,1.19
17HR-290,19.0,21.0,0.132,0.45,31.6,10.2,110.0,98.3,7.82,7.66,1.88,1.68,1.79,1.84,0.284,2.6
17HR-290,21.0,23.0,0.192,0.82,27.0,14.4,115.0,41.4,7.46,9.02,1.67,0.77,1.45,1.81,0.288,4.06
17HR-290,23.0,25.0,0.059,0.96,15.9,16.3,127.0,18.0,8.09,10.3,1.9,0.42,2.07,1.56,0.333,3.77
17HR-290,25.0,27.0,0.078,1.27,15.5,20.4,103.0,31.5,7.77,8.87,1.85,0.45,1.71,1.69,0.305,3.71
17HR-290,27.0,29.0,0.814,1.37,52.5,19.7,137.0,130.5,6.42,15.4,2.35,0.83,1.13,0.87,0.234,9.04
17HR-290,29.0,31.0,0.504,0.93,74.7,16.5,158.0,87.8,7.14,14.3,2.78,0.77,1.3,0.95,0.261,7.47
17HR-290,31.0,33.0,0.096,0.67,35.1,14.7,46.0,67.8,7.05,6.59,1.99,3.85,1.25,2.47,0.238,5.03
17HR-290,33.0,35.0,0.007,0.16,4.2,3.7,79.0,7.6,7.88,5.62,1.93,2.2,2.61,1.95,0.301,2.47
17HR-290,35.0,37.0,,0.1,5.6,4.0,95.0,6.1,8.74,5.64,2.18,2.34,3.06,1.73,0.312,1.41
17HR-290,37.0,39.0,0.006,0.13,50.7,4.5,118.0,9.0,8.3,6.35,1.81,1.77,2.72,1.68,0.283,1.16
17HR-290,39.0,41.0,,0.16,5.8,2.7,147.0,4.4,8.13,5.34,2.04,2.47,2.66,1.97,0.309,0.38
17HR-290,41.0,43.0,0.012,0.27,9.2,5.3,104.0,61.5,8.1,5.03,2.15,2.5,2.48,1.99,0.294,0.7
17HR-290,43.0,45.0,0.171,0.24,49.5,4.4,97.0,26.6,7.51,6.03,2.51,2.77,2.61,1.31,0.278,1.26
17HR-290,45.0,47.0,0.024,0.15,29.6,2.9,108.0,13.8,8.1,6.57,2.28,1.48,3.15,1.16,0.292,1.09
17HR-290,47.0,49.0,0.011,0.16,27.4,3.6,103.0,16.2,8.0,6.78,2.22,1.31,2.54,1.36,0.286,0.97
17HR-290,49.0,51.0,0.005,0.14,10.3,3.4,100.0,8.1,8.3,6.39,2.21,1.49,1.89,1.98,0.314,0.94
17HR-290,51.0,53.0,0.021,0.38,83.2,7.0,98.0,54.1,7.67,6.61,2.35,2.19,1.78,1.65,0.266,1.39
17HR-290,53.0,55.0,0.008,0.19,6.0,5.2,128.0,33.5,9.08,5.05,1.65,1.76,1.53,2.94,0.314,0.75
17HR-290,55.0,57.0,0.081,0.44,23.6,16.1,98.0,46.5,7.38,6.25,2.13,3.61,0.81,2.74,0.257,2.46
17HR-290,57.0,59.0,0.112,0.27,65.2,9.6,100.0,64.5,7.5,6.66,2.09,3.0,1.11,2.41,0.272,2.5
17HR-290,59.0,61.0,0.029,0.48,21.9,11.3,85.0,19.1,7.66,5.31,2.21,4.03,0.73,2.93,0.286,1.52
17HR-290,61.0,63.0,0.007,0.25,10.2,4.4,80.0,7.8,7.78,6.69,1.83,1.24,1.72,2.09,0.269,2.81
17HR-290,63.0,65.0,0.032,0.12,4.7,3.5,75.0,6.6,8.01,5.61,1.83,1.98,1.98,2.29,0.284,2.33
17HR-290,65.0,67.0,0.015,0.11,4.8,3.1,82.0,5.3,7.76,5.29,2.18,2.63,2.11,2.13,0.293,1.3
17HR-290,67.0,69.0,0.015,0.11,5.2,3.0,85.0,4.7,7.8,5.24,2.29,2.97,2.18,1.9,0.282,1.01
17HR-290,69.0,71.0,0.017,0.24,23.5,5.5,71.0,11.2,7.46,6.13,2.76,4.55,1.88,1.97,0.243,2.77
17HR-290,71.0,73.0,0.03,0.13,10.4,3.9,86.0,15.8,7.03,6.32,2.81,3.83,1.68,1.49,0.225,1.51
17HR-290,73.0,75.0,,0.09,20.4,2.1,100.0,4.6,7.86,6.14,2.52,1.65,2.87,1.18,0.271,0.8
17HR-290,75.0,77.0,,0.06,12.3,2.3,89.0,3.3,7.83,4.79,2.27,2.46,2.71,1.4,0.289,0.31
17HR-290,77.0,79.0,0.103,0.08,3.6,3.3,84.0,3.6,7.93,4.83,2.01,3.91,2.82,1.8,0.287,0.64
17HR-290,79.0,81.0,0.011,0.03,4.4,2.6,81.0,3.5,8.38,5.04,2.04,4.79,3.3,1.96,0.303,0.59
17HR-290,81.0,83.0,,0.02,2.3,1.3,77.0,2.2,7.57,4.95,1.53,4.18,3.16,1.97,0.28,0.06
17HR-290,83.0,85.0,0.005,0.09,21.3,2.8,78.0,10.1,8.09,4.56,1.67,3.99,2.41,2.39,0.269,0.58
17HR-290,85.0,87.0,,0.02,6.2,1.4,86.0,0.5,8.03,4.39,1.87,3.94,2.0,2.54,0.297,0.16
17HR-290,87.0,89.0,,0.04,23.7,1.6,80.0,1.6,7.39,4.36,1.62,4.02,1.87,2.43,0.292,0.37
17HR-290,87.0,89.0,,0.04,22.4,1.5,84.0,1.3,7.53,4.45,1.7,4.44,1.91,2.46,0.298,0.3
17HR-290,89.0,91.0,,0.07,21.7,3.1,95.0,3.5,7.78,5.09,1.75,4.78,2.34,2.15,0.304,0.47
17HR-290,91.0,93.0,,0.07,41.1,2.4,84.0,2.2,7.29,4.6,1.57,4.43,1.84,2.57,0.294,0.67
17HR-290,93.0,95.0,,0.1,32.0,3.4,93.0,7.4,8.08,5.01,1.77,5.21,2.11,2.49,0.296,0.68
17HR-290,95.0,97.0,,0.06,38.1,2.8,105.0,6.2,8.18,4.99,1.77,3.65,1.93,2.37,0.302,0.39
17HR-290,97.0,99.0,0.022,0.22,27.6,7.5,93.0,92.9,7.69,5.31,2.13,5.68,0.89,2.93,0.262,1.24
17HR-290,99.0,101.0,0.005,0.1,48.5,2.3,92.0,8.5,8.02,4.88,1.73,3.42,1.52,2.76,0.306,0.28
17HR-290,101.0,103.0,0.005,0.1,56.9,2.1,79.0,15.5,7.35,4.28,1.56,3.8,1.15,3.06,0.295,0.23
17HR-290,103.0,105.0,0.015,0.36,70.0,6.0,74.0,77.9,8.22,5.56,1.82,3.64,1.08,2.93,0.351,1.62
17HR-290,105.0,107.0,0.008,0.15,18.4,3.9,84.0,58.1,7.78,5.4,1.68,3.69,1.64,2.51,0.329,1.39
17HR-290,107.0,109.0,0.006,0.17,74.6,3.8,97.0,11.4,8.09,5.65,1.74,2.88,2.39,2.13,0.342,1.25
17HR-290,109.0,111.0,,0.15,75.0,3.4,102.0,5.3,8.21,5.39,1.83,4.23,2.77,1.78,0.353,0.35
17HR-290,111.0,113.0,,0.02,4.8,2.4,109.0,3.7,7.85,5.3,1.98,3.68,3.03,1.56,0.367,0.09
17HR-290,113.0,115.0,0.016,0.17,21.6,4.1,81.0,37.0,7.87,5.3,1.9,4.76,1.76,2.79,0.333,1.11
17HR-290,115.0,117.0,0.007,0.16,46.2,5.0,85.0,5.3,8.16,5.19,1.76,6.09,2.09,2.62,0.352,1.38
17HR-290,117.0,119.0,,0.05,3.1,3.4,83.0,4.2,8.12,5.2,1.66,4.53,2.66,2.04,0.341,0.89
17HR-290,119.0,121.0,,0.05,5.0,5.0,90.0,3.0,7.69,4.8,1.77,4.01,3.01,1.7,0.336,0.2
17HR-290,121.0,123.0,,0.01,2.5,2.4,96.0,2.4,8.07,5.21,1.9,3.26,3.09,1.63,0.351,0.1
17HR-290,123.0,125.0,0.005,0.07,4.5,3.7,106.0,4.9,8.31,5.77,1.81,2.44,3.35,1.49,0.357,0.65
17HR-290,125.0,127.0,0.005,0.07,4.3,3.7,107.0,5.6,8.52,5.72,1.99,2.62,3.05,1.89,0.363,0.96
17HR-290,127.0,129.0,,0.07,4.6,3.5,110.0,3.8,8.28,6.02,2.23,3.33,2.93,1.55,0.348,0.44
17HR-290,129.0,131.0,,0.04,9.3,2.2,104.0,3.5,8.55,6.06,2.19,2.79,2.57,2.09,0.345,0.76
17HR-290,131.0,133.0,,0.04,7.6,1.7,89.0,3.1,7.84,5.41,2.05,3.47,2.17,2.18,0.339,0.51
17HR-290,133.0,135.0,0.013,0.17,13.2,5.6,94.0,11.8,8.21,6.52,1.95,2.86,2.11,2.25,0.368,1.75
17HR-290,135.0,137.0,0.023,0.63,350.0,14.4,83.0,16.7,8.38,7.06,1.41,1.18,1.83,2.41,0.346,3.13
17HR-290,137.0,139.0,0.016,0.34,13.9,10.6,38.0,10.4,7.96,3.98,1.08,1.59,0.8,3.44,0.388,1.95
17HR-290,139.0,141.0,0.014,0.29,9.7,10.7,63.0,15.4,8.49,6.21,1.79,2.31,1.76,2.77,0.328,2.62
17HR-290,141.0,143.0,0.016,0.3,7.7,8.8,87.0,16.1,7.72,7.53,2.05,1.94,2.31,1.73,0.307,2.79
17HR-290,143.0,145.0,0.015,0.26,8.7,9.7,77.0,16.7,7.73,5.88,1.7,2.65,2.06,2.36,0.409,2.05
17HR-290,145.0,147.0,,0.14,6.0,6.4,77.0,7.9,7.75,5.3,1.78,2.34,2.61,1.85,0.377,1.06
17HR-290,147.0,149.0,0.046,0.44,18.1,21.9,128.0,30.6,7.52,7.76,2.44,2.9,2.6,1.41,0.289,2.66
17HR-290,149.0,151.0,0.006,0.13,4.2,9.5,110.0,8.0,8.16,6.06,2.08,1.64,1.73,2.76,0.27,0.81
17HR-290,151.0,153.0,0.01,0.18,8.2,5.5,87.0,9.5,7.81,4.96,1.83,1.9,1.24,3.16,0.266,0.87
17HR-290,153.0,155.0,0.006,0.21,11.4,5.6,75.0,11.1,7.88,5.05,1.78,1.78,1.66,2.92,0.268,1.78
17HR-290,155.0,157.0,0.008,0.13,6.7,5.1,83.0,8.9,7.8,5.09,1.76,2.03,1.82,2.84,0.276,1.25
17HR-290,157.0,159.0,0.006,0.09,4.2,5.6,108.0,6.7,8.16,5.66,1.99,1.99,1.62,3.01,0.278,0.78
17HR-290,159.0,161.0,0.037,0.8,46.5,68.4,116.0,23.5,7.34,5.29,1.47,3.71,0.73,3.23,0.291,2.11
17HR-290,161.0,163.0,0.006,0.24,21.3,23.1,147.0,8.4,7.95,4.78,1.44,4.18,0.66,3.48,0.344,0.85
17HR-290,163.0,165.0,0.101,0.98,86.5,189.0,888.0,17.0,7.43,5.06,1.24,4.08,0.52,3.55,0.359,3.26
17HR-290,165.0,167.0,0.263,1.25,219.0,423.0,495.0,12.6,7.04,4.47,1.5,4.59,0.76,3.27,0.343,2.41
17HR-290,167.0,169.0,0.304,0.36,50.1,21.1,111.0,10.0,7.7,4.58,1.65,4.12,0.81,3.41,0.355,1.94
17HR-290,169.0,171.0,0.082,0.27,35.4,24.2,127.0,10.0,7.16,4.31,1.49,4.29,0.95,3.04,0.314,1.75
17HR-290,171.0,173.0,0.045,0.27,21.8,36.5,114.0,8.6,6.66,4.42,1.3,3.9,0.95,3.0,0.308,2.28
17HR-290,173.0,175.0,0.222,0.48,38.0,33.9,119.0,10.4,6.83,5.01,1.42,4.64,0.83,2.91,0.299,2.88
17HR-290,175.0,177.0,0.013,0.23,19.5,20.7,107.0,10.8,7.52,4.83,1.39,4.04,0.8,3.31,0.335,2.3
17HR-290,175.0,177.0,0.015,0.22,20.9,16.9,113.0,11.8,7.09,4.91,1.38,4.16,0.84,3.35,0.345,2.23
17HR-290,177.0,179.0,0.014,0.3,23.2,14.0,99.0,10.6,7.14,4.38,1.47,4.97,0.84,3.1,0.307,1.64
17HR-290,179.0,181.0,0.021,0.22,15.8,54.6,115.0,8.4,7.13,4.97,1.24,4.33,1.05,2.91,0.315,3.63
17HR-290,181.0,183.0,0.078,1.02,30.4,123.5,221.0,14.2,7.01,5.56,1.64,5.05,0.76,2.82,0.284,3.14
17HR-290,183.0,185.0,0.207,0.33,24.3,28.6,188.0,8.6,7.19,4.85,1.48,4.14,0.82,3.21,0.329,1.27
17HR-290,185.0,187.0,0.009,0.2,21.0,9.4,146.0,4.9,7.21,4.42,1.45,4.41,0.66,3.16,0.306,0.46
17HR-290,187.0,189.0,0.008,0.17,16.0,13.2,172.0,5.3,7.57,4.93,1.56,4.18,0.83,3.19,0.318,0.57
17HR-290,189.0,191.0,0.071,0.54,29.5,168.0,1980.0,6.7,6.9,4.65,1.4,4.72,1.01,2.9,0.312,2.22
17HR-290,191.0,193.0,0.116,1.99,70.3,446.0,1080.0,27.0,6.55,5.32,1.17,4.63,0.86,2.92,0.305,3.9
17HR-290,193.0,195.0,0.084,0.41,20.4,138.0,248.0,10.5,7.25,5.06,1.37,4.77,0.86,3.11,0.316,2.66
17HR-290,195.0,197.0,0.056,0.77,47.3,306.0,597.0,9.3,7.14,4.92,1.41,4.37,0.87,3.17,0.339,1.56
17HR-290,197.0,199.0,0.009,0.16,22.3,9.0,167.0,7.8,7.27,4.77,1.57,4.38,0.82,3.09,0.329,0.38
17HR-290,199.0,201.0,0.005,0.27,25.9,8.5,164.0,9.0,7.39,4.81,1.61,5.12,0.81,3.1,0.332,0.27
17HR-290,201.0,203.0,0.081,0.5,61.9,8.2,147.0,11.7,6.86,4.66,1.45,4.41,0.87,2.97,0.325,1.0
17HR-290,203.0,205.0,0.012,0.3,19.8,9.3,151.0,7.0,7.45,5.07,1.5,4.37,1.0,3.12,0.328,1.81
17HR-290,205.0,207.0,0.092,0.24,16.8,9.9,156.0,5.6,6.92,4.67,1.41,4.46,1.04,2.93,0.312,1.8
17HR-290,207.0,209.0,0.06,0.35,15.4,13.6,109.0,7.6,7.3,4.72,1.23,3.74,0.87,3.19,0.333,2.66
17HR-290,209.0,211.0,0.079,0.28,16.7,9.8,143.0,14.7,7.52,5.0,1.48,3.57,0.75,3.19,0.333,1.42
17HR-290,211.0,213.0,0.052,0.36,10.7,10.9,129.0,6.9,7.19,4.87,1.55,4.93,0.89,3.02,0.322,1.87
17HR-290,213.0,215.0,0.04,0.3,15.4,8.6,138.0,8.6,6.83,4.65,1.56,5.05,1.25,2.71,0.304,1.13
17HR-290,215.0,217.0,0.346,0.3,8.9,8.9,126.0,6.7,6.56,4.59,1.31,5.01,1.12,2.73,0.297,1.55
17HR-290,217.0,219.0,0.019,0.24,9.5,8.4,139.0,6.3,7.22,4.73,1.37,4.22,1.27,2.98,0.337,0.97
17HR-290,219.0,221.0,0.009,0.18,18.0,6.6,126.0,4.9,6.95,4.6,1.49,4.59,0.97,2.83,0.299,0.69
17HR-290,221.0,223.0,,0.16,13.4,6.4,137.0,4.5,7.57,4.73,1.44,3.94,1.37,3.01,0.317,0.7
17HR-290,223.0,225.0,,0.16,4.3,8.3,104.0,5.9,7.08,4.49,1.2,4.72,1.22,2.83,0.291,2.16
17HR-290,225.0,227.0,,0.15,14.0,6.6,129.0,5.5,7.03,4.53,1.29,4.0,0.95,3.09,0.298,0.7
17HR-290,227.0,229.0,,0.19,57.7,4.3,114.0,2.8,6.84,3.91,1.11,4.43,0.97,2.83,0.264,0.13
17HR-290,229.0,231.0,,0.13,29.9,4.3,131.0,2.6,7.02,4.45,1.33,4.49,1.12,2.88,0.283,0.14
17HR-290,231.0,233.0,0.005,0.16,28.6,6.0,143.0,3.4,6.75,4.25,1.17,4.8,1.18,2.84,0.287,0.33
17HR-290,233.0,235.0,,0.23,31.1,5.2,163.0,4.0,6.7,4.25,1.25,3.95,1.01,2.95,0.295,0.17
17HR-290,235.0,237.0,,0.2,24.0,5.4,134.0,3.0,7.22,4.54,1.3,3.63,0.89,3.24,0.311,0.24
17HR-290,237.0,239.0,,0.3,18.6,11.8,129.0,6.2,6.74,4.42,1.23,4.41,0.89,3.0,0.294,1.12
17HR-290,239.0,241.0,0.006,0.4,19.8,35.1,102.0,8.1,7.07,4.54,1.17,4.26,0.92,3.18,0.298,2.42
17HR-290,241.0,243.0,0.02,1.37,46.7,82.4,149.0,32.6,6.73,4.89,1.24,4.07,0.47,3.15,0.293,4.03
17HR-290,243.0,245.0,0.019,0.75,37.9,46.1,101.0,14.9,7.14,4.41,1.27,3.58,0.71,3.29,0.314,4.21
17HR-290,245.0,247.0,0.005,0.72,18.6,26.8,144.0,15.9,6.58,3.86,1.39,3.97,0.55,3.11,0.273,2.64
17HR-290,247.0,249.0,,0.73,20.2,47.7,83.0,12.1,6.69,3.81,1.16,3.08,0.36,3.31,0.221,2.74
17HR-290,249.0,251.0,0.02,1.03,22.9,38.3,93.0,14.6,7.59,4.22,1.06,3.1,0.24,3.79,0.262,3.05
17HR-290,251.0,253.0,0.021,1.34,20.9,32.7,59.0,26.2,6.89,4.24,1.0,3.55,0.18,3.53,0.274,2.77
17HR-290,253.0,255.0,0.02,1.32,20.8,33.0,57.0,21.4,6.77,4.05,1.14,3.82,0.17,3.27,0.263,2.29
17HR-290,255.0,257.0,0.038,1.49,16.6,29.5,68.0,36.1,6.57,3.85,0.93,3.56,0.09,3.33,0.264,1.77
17HR-290,257.0,259.0,,0.4,9.3,11.3,70.0,13.1,6.47,4.15,0.97,4.18,0.08,3.38,0.296,0.69
17HR-290,259.0,261.0,,0.6,28.4,13.4,87.0,12.0,6.45,3.84,0.78,4.16,0.07,3.62,0.327,0.43
17HR-290,261.0,263.0,,0.85,14.6,39.5,133.0,33.0,6.75,3.56,0.92,3.95,0.08,3.54,0.296,0.66
17HR-290,263.0,265.0,,0.6,41.8,48.6,233.0,16.8,7.09,4.22,1.47,4.68,0.07,3.46,0.282,0.4
17HR-290,263.0,265.0,,0.51,26.9,46.8,246.0,16.9,6.99,4.25,1.48,4.76,0.07,3.46,0.282,0.35
17HR-290,265.0,267.0,,0.57,8.3,40.2,176.0,32.7,6.75,3.76,1.11,3.82,0.08,3.54,0.294,0.5
17HR-290,267.0,269.0,0.005,1.52,11.4,80.7,177.0,320.0,7.62,3.95,0.81,2.93,0.12,4.2,0.333,1.63
17HR-290,269.0,271.0,,0.62,4.8,51.7,166.0,104.5,7.51,3.91,0.8,2.55,0.09,4.13,0.314,0.7
17HR-290,271.0,273.0,,0.19,3.2,15.4,114.0,8.5,8.06,3.86,1.08,3.11,0.08,4.53,0.347,0.27
17HR-290,273.0,275.0,,0.39,6.3,23.5,126.0,18.0,7.42,3.74,0.95,3.02,0.06,3.89,0.328,0.39
17HR-290,275.0,277.0,,0.35,4.1,24.7,141.0,17.5,7.13,4.26,1.0,5.07,0.06,3.53,0.306,0.23
17HR-290,277.0,279.0,,0.53,5.1,56.7,237.0,24.1,6.44,3.24,0.69,1.99,0.07,3.32,0.267,0.24
17HR-290,279.0,281.0,0.013,0.47,8.1,26.6,142.0,57.3,6.76,4.34,1.27,3.92,0.31,3.3,0.309,0.5
17HR-290,281.0,283.0,,0.43,9.8,27.4,152.0,32.8,6.78,3.75,0.94,3.9,0.13,3.69,0.305,0.39
17HR-290,283.0,285.0,0.006,0.49,11.1,33.2,183.0,40.8,7.34,4.02,1.2,4.14,0.08,3.89,0.317,0.3
17HR-290,285.0,287.0,,0.28,8.7,27.8,175.0,23.2,6.86,4.29,1.32,4.55,0.08,3.73,0.3,0.21
17HR-290,287.0,289.0,,0.66,12.3,45.7,162.0,127.5,7.11,4.3,0.87,3.28,0.08,3.69,0.303,0.82
17HR-290,289.0,291.0,,0.51,12.0,26.2,142.0,62.2,7.26,4.1,0.85,3.21,0.08,3.96,0.323,0.5
17HR-290,291.0,293.0,,0.17,5.3,11.9,116.0,3.7,6.54,3.37,0.73,3.7,0.07,3.83,0.31,0.1
17HR-290,293.0,295.0,,0.14,5.8,17.4,139.0,5.9,7.01,3.7,1.03,4.98,0.07,3.87,0.315,0.06
17HR-290,295.0,297.0,0.008,0.15,5.2,13.5,108.0,17.1,6.67,3.2,0.84,4.39,0.07,3.78,0.312,0.07
17HR-290,297.0,299.0,,0.19,3.1,11.6,104.0,11.7,6.35,3.23,0.82,3.05,0.06,3.59,0.287,0.07
17HR-290,299.0,301.0,,0.24,3.1,26.6,264.0,15.4,6.85,3.92,1.19,4.02,0.07,3.9,0.299,0.15
17HR-290,301.0,303.0,,0.33,6.9,33.8,213.0,17.7,6.35,4.19,1.18,4.4,0.2,3.49,0.275,0.26
17HR-290,303.0,305.0,,0.37,5.3,47.7,246.0,14.8,7.35,4.22,0.92,2.95,0.31,4.22,0.333,0.36
17HR-290,305.0,307.0,,0.6,15.3,33.0,171.0,16.0,7.13,4.3,1.02,3.91,0.18,3.99,0.316,0.59
17HR-290,307.0,309.0,,0.25,7.8,12.8,119.0,6.1,7.5,3.87,1.07,4.14,0.12,4.38,0.365,0.32
17HR-290,309.0,311.0,,0.2,5.9,12.2,98.0,22.9,7.57,3.4,0.84,3.0,0.22,4.6,0.37,0.18
17HR-290,311.0,313.0,,0.17,8.3,10.7,101.0,8.5,7.02,3.54,0.83,3.87,0.23,4.24,0.35,0.16
17HR-290,313.0,315.0,,0.18,15.3,13.2,102.0,7.9,7.23,3.76,0.66,3.61,0.64,4.26,0.369,0.09
17HR-290,315.0,317.0,,0.19,11.7,11.5,91.0,3.7,7.46,3.71,0.7,3.22,0.28,4.49,0.386,0.05
17HR-290,317.0,319.0,,0.34,12.2,11.8,102.0,5.1,7.08,3.58,0.96,4.61,0.15,4.45,0.358,0.15
17HR-290,319.0,321.0,,0.2,14.5,10.1,85.0,4.4,7.37,4.72,0.67,3.91,1.0,3.92,0.378,0.08
17HR-290,321.0,323.0,,0.1,6.1,11.8,93.0,5.9,7.33,4.73,0.61,4.76,1.43,3.67,0.373,0.09
17HR-290,323.0,325.0,,0.09,9.4,11.1,90.0,5.8,7.08,4.38,0.46,3.95,2.06,3.36,0.366,0.03
17HR-290,325.0,327.0,,0.28,8.4,17.9,111.0,13.4,7.25,4.38,0.67,4.09,0.35,4.39,0.364,0.25
17HR-290,327.0,329.0,,0.69,9.2,43.7,156.0,16.2,7.09,5.11,1.35,6.01,0.25,4.24,0.318,0.64
17HR-290,329.0,331.0,,0.44,4.4,21.9,142.0,10.0,7.33,3.99,1.1,4.53,0.17,4.56,0.356,0.27
17HR-290,331.0,333.0,0.006,0.57,4.6,28.7,148.0,22.6,7.47,4.92,0.89,3.19,0.21,4.72,0.378,0.35
17HR-290,333.0,335.0,,0.39,4.0,25.8,135.0,28.0,6.82,4.67,1.15,5.0,0.31,4.86,0.323,0.31
17HR-290,335.0,337.0,,0.19,10.2,16.9,91.0,10.1,6.81,3.8,0.96,4.31,0.42,4.82,0.352,0.23
17HR-290,337.0,339.0,,0.11,2.4,13.0,116.0,4.1,6.62,2.92,1.06,4.28,0.29,4.49,0.341,0.09
17HR-290,339.0,341.0,,0.16,3.0,13.9,84.0,4.5,7.32,3.26,0.85,3.38,0.3,4.93,0.357,0.17
17HR-290,341.0,343.0,,0.21,4.3,17.1,146.0,7.7,7.0,3.67,1.15,5.27,0.17,4.27,0.339,0.16
17HR-290,343.0,345.0,,0.16,4.2,14.2,101.0,7.4,7.39,3.77,0.89,3.74,0.57,4.74,0.374,0.33
17HR-290,345.0,347.0,,0.68,8.4,28.8,107.0,52.5,6.59,4.5,1.68,6.12,0.31,3.92,0.291,1.21
17HR-290,347.0,349.0,,0.44,11.0,19.4,60.0,36.3,6.52,3.15,0.76,3.14,0.48,5.03,0.3,0.68
17HR-290,349.0,351.0,,0.54,7.6,16.4,64.0,23.4,7.27,3.19,0.92,3.73,0.45,5.13,0.333,1.27
17HR-290,351.0,353.0,,0.5,7.4,12.6,54.0,14.7,6.96,3.4,1.0,4.04,0.47,4.84,0.321,0.73
17HR-290,351.0,353.0,,0.56,7.0,12.1,55.0,14.6,6.92,3.43,1.13,4.51,0.43,4.77,0.313,0.74
17HR-290,353.0,355.0,,0.61,19.8,10.3,66.0,15.1,6.49,2.58,0.69,4.06,0.33,4.27,0.316,0.15
17HR-290,355.0,357.0,,0.78,10.8,22.6,77.0,20.3,7.2,2.81,0.83,4.18,0.27,4.13,0.359,0.24
17HR-290,357.0,359.0,,0.61,12.6,21.7,77.0,40.1,7.94,5.07,1.46,3.44,0.06,3.45,0.349,0.58
17HR-290,359.0,361.0,,0.35,10.4,14.8,93.0,22.2,7.98,4.47,0.88,2.86,0.58,3.75,0.386,0.25
17HR-290,361.0,363.0,,0.26,5.8,11.7,95.0,24.9,8.08,5.14,0.99,2.51,0.34,3.9,0.395,0.21
17HR-290,363.0,365.0,,0.21,8.9,9.1,77.0,10.9,7.61,3.47,0.58,3.3,0.71,4.14,0.399,0.11
17HR-290,365.0,367.0,,0.58,22.4,14.4,61.0,22.9,7.51,2.94,0.63,3.29,0.28,4.0,0.355,0.36
17HR-290,367.0,369.0,,0.45,25.2,14.2,60.0,19.8,6.75,2.94,0.53,4.32,0.53,3.69,0.349,0.31
17HR-290,369.0,371.0,,0.28,8.5,11.8,62.0,6.8,6.68,2.57,0.69,4.39,0.45,3.53,0.323,0.43
17HR-290,371.0,373.0,,0.41,23.3,24.1,104.0,7.0,6.9,2.68,1.21,6.26,0.27,3.45,0.305,0.44
17HR-290,373.0,375.0,,0.58,13.9,15.5,60.0,8.2,6.61,3.62,1.22,6.38,0.16,3.24,0.295,0.67
17HR-290,375.0,377.0,,0.14,7.2,9.0,66.0,7.2,7.03,3.92,0.7,4.2,0.12,3.9,0.358,0.12
17HR-290,377.0,379.0,,0.38,14.3,9.1,70.0,26.3,7.46,3.82,0.68,3.65,0.16,4.02,0.376,0.31
17HR-290,379.0,381.0,,0.46,13.6,9.7,81.0,36.7,7.24,3.72,0.84,4.02,0.12,3.9,0.352,0.41
17HR-290,381.0,383.0,0.006,0.52,25.4,11.3,81.0,19.8,6.81,3.22,0.79,2.99,0.08,3.39,0.27,0.26
17HR-290,383.0,385.0,0.005,0.51,14.3,13.6,85.0,11.4,7.24,3.12,0.68,2.21,0.09,3.5,0.264,0.27
17HR-290,385.0,387.0,,0.03,3.9,10.3,83.0,6.5,7.74,4.16,0.69,3.22,0.3,3.94,0.284,0.05
17HR-290,387.0,389.0,,0.02,2.8,8.0,76.0,8.5,7.77,4.17,0.52,2.36,0.45,3.77,0.279,0.02
17HR-290,389.0,391.0,,0.01,1.3,8.1,71.0,6.9,7.3,3.94,0.45,3.29,0.75,3.58,0.275,0.03
17HR-290,391.0,393.0,,0.01,1.4,6.8,72.0,5.7,6.75,4.09,0.43,3.89,0.88,3.24,0.263,0.02
17HR-290,393.0,395.0,,0.02,1.9,9.0,70.0,4.4,6.84,3.87,0.5,3.8,0.53,3.41,0.265,0.05
17HR-290,395.0,397.0,,0.1,48.4,8.4,57.0,4.7,7.38,2.32,0.67,3.12,0.38,3.69,0.282,0.09
17HR-290,397.0,399.0,,0.1,24.7,9.1,74.0,11.0,8.06,3.25,0.7,2.03,0.46,3.67,0.278,0.11
17HR-290,399.0,401.0,,0.37,78.7,36.4,66.0,7.0,7.65,1.76,0.59,1.76,0.2,3.5,0.272,0.14
17HR-290,401.0,403.0,,0.17,9.8,8.4,68.0,5.6,7.04,1.97,0.71,1.96,0.23,3.29,0.262,0.15
17HR-290,403.0,405.0,,0.04,5.9,8.2,78.0,7.1,7.87,3.9,0.54,2.32,0.83,3.35,0.266,0.05
17HR-290,405.0,407.0,,0.02,4.4,10.9,103.0,10.5,7.13,3.83,0.58,3.4,0.75,3.37,0.268,0.05
17HR-290,407.0,409.0,,0.06,9.1,18.1,128.0,4.0,7.11,4.03,0.65,3.89,0.76,3.31,0.276,0.05
17HR-290,409.0,411.0,,0.03,4.7,10.8,83.0,3.1,7.09,3.1,0.77,3.6,0.69,3.24,0.281,0.04
17HR-290,411.0,413.0,,0.07,8.1,13.2,94.0,11.3,6.93,2.55,0.99,3.49,0.57,3.32,0.269,0.08
17HR-290,413.0,415.0,,0.1,17.2,13.4,82.0,5.3,7.48,3.5,0.88,3.36,1.08,3.14,0.276,0.18
17HR-290,415.0,417.0,,0.06,7.0,12.9,90.0,6.6,6.97,3.29,0.98,4.22,0.76,3.14,0.267,0.16
17HR-290,417.0,419.0,,0.01,6.6,9.0,72.0,3.4,6.86,3.42,0.94,3.61,0.89,3.29,0.278,0.04
17HR-290,419.0,421.0,,0.13,11.9,25.0,126.0,5.6,6.72,4.11,1.3,4.86,0.45,2.97,0.242,0.24
17HR-290,421.0,423.0,,0.18,16.3,25.9,306.0,10.0,7.52,3.85,0.82,2.8,0.79,3.41,0.279,0.41
17HR-290,423.0,425.0,,0.12,18.6,20.4,109.0,10.2,7.7,3.57,0.77,2.65,0.78,3.47,0.274,0.23
17HR-290,425.0,427.0,,0.03,10.0,9.1,89.0,4.4,6.83,3.64,0.66,4.15,1.11,3.13,0.267,0.02
17HR-290,427.0,429.0,,0.02,6.7,8.9,70.0,4.0,6.91,3.68,0.5,4.11,1.16,3.11,0.263,0.02
17HR-290,429.0,431.0,,0.01,4.3,8.5,66.0,3.6,7.04,3.84,0.5,4.21,1.15,3.16,0.267,0.02
17HR-290,431.0,433.0,,0.01,4.0,7.8,72.0,4.0,7.16,3.94,0.61,4.13,1.07,3.17,0.263,0.05
17HR-290,433.0,435.0,,,6.4,7.5,75.0,3.2,6.98,3.99,0.77,3.88,1.04,3.17,0.276,0.03
17HR-290,435.0,437.0,,0.04,8.1,10.2,99.0,4.7,7.73,3.81,0.93,2.85,1.1,3.11,0.272,0.11
17HR-290,437.0,439.0,,0.14,8.8,12.2,81.0,5.0,7.81,3.76,0.83,2.47,1.18,3.1,0.27,0.49
17HR-290,437.0,439.0,,0.15,9.8,12.3,82.0,4.4,7.88,3.79,0.84,2.52,1.19,3.15,0.276,0.5
17HR-290,439.0,440.0,,0.03,6.5,8.1,79.0,3.2,6.84,3.65,0.84,3.6,1.05,3.03,0.261,0.1
17HR-291,37.0,39.0,0.078,1.35,96.9,59.8,22.0,26.5,7.34,5.04,1.05,1.02,1.16,2.82,0.123,5.03
17HR-291,39.0,41.0,0.063,0.52,71.0,6.7,22.0,7.5,7.75,4.0,1.29,0.85,1.45,2.97,0.189,3.43
17HR-291,47.0,49.0,0.188,0.63,609.0,9.3,23.0,51.1,6.98,8.21,1.21,0.74,0.84,2.92,0.123,8.13
17HR-291,49.0,51.0,0.068,0.12,127.5,2.6,18.0,6.1,7.86,3.68,1.31,0.53,1.25,3.17,0.206,2.99
17HR-291,51.0,53.0,0.078,0.61,352.0,10.7,38.0,33.3,7.73,4.5,1.54,1.59,0.67,3.32,0.196,3.91
17HR-291,71.0,73.0,0.106,0.12,66.5,7.7,12.0,9.6,7.21,7.22,1.17,0.72,0.92,2.91,0.144,7.26
17HR-291,73.0,75.0,0.072,0.09,93.2,9.2,8.0,6.1,7.72,4.4,0.88,0.47,0.99,3.23,0.143,4.83
17HR-291,75.0,77.0,0.098,0.07,42.3,6.4,7.0,3.7,7.46,4.4,0.8,0.49,1.26,2.92,0.12,4.89
17HR-291,103.0,105.0,0.199,2.3,974.0,96.2,266.0,14.8,6.3,6.84,1.58,2.07,0.95,2.34,0.148,6.78
17HR-291,105.0,107.0,0.232,1.71,1520.0,147.0,45.0,14.2,6.73,6.49,0.86,1.22,0.23,3.05,0.127,6.39
17HR-291,105.0,107.0,0.152,1.24,741.0,103.5,44.0,13.6,6.72,5.94,0.83,1.11,0.24,3.04,0.136,5.86
17HR-291,107.0,109.0,0.066,0.25,59.8,3.3,20.0,5.0,7.4,5.08,1.4,2.31,0.57,3.27,0.18,4.12
17HR-291,109.0,111.0,0.859,0.9,90.6,7.6,31.0,21.7,6.06,7.35,1.25,2.24,0.12,2.9,0.114,7.48
17HR-291,159.0,161.0,0.086,0.3,172.0,2.6,26.0,8.8,6.48,6.96,2.28,2.39,1.66,1.79,0.145,6.08
17HR-291,161.0,163.0,0.03,0.27,32.9,6.4,29.0,4.3,6.9,5.22,1.97,2.08,1.03,2.63,0.165,4.64
17HR-291,163.0,165.0,0.038,0.21,52.8,4.9,27.0,3.6,8.3,5.03,2.0,1.45,0.81,3.28,0.203,4.83
17HR-291,165.0,167.0,0.05,0.34,121.5,3.4,27.0,11.5,6.56,4.94,3.53,5.19,0.71,2.53,0.166,4.41
17HR-291,167.0,169.0,0.056,0.15,87.9,2.9,35.0,4.3,7.72,4.89,2.6,1.59,0.81,2.87,0.255,3.75
17HR-291,169.0,171.0,0.424,2.89,4060.0,7.9,44.0,30.1,4.67,7.26,4.08,7.07,0.32,1.77,0.135,6.66
17HR-291,171.0,173.0,0.09,0.48,232.0,4.4,21.0,10.7,7.33,6.1,1.84,1.25,1.19,2.44,0.139,5.16
17HR-291,253.0,255.0,0.12,1.47,43.0,12.4,31.0,11.5,5.78,15.15,2.36,1.85,0.92,1.71,0.181,
17HR-291,255.0,257.0,0.128,1.35,109.5,11.7,21.0,10.9,7.14,9.53,1.56,1.18,0.98,2.68,0.187,8.97
17HR-291,255.0,257.0,0.116,1.04,104.5,11.4,22.0,10.1,6.8,10.25,1.71,1.24,0.88,2.58,0.182,9.64
17HR-292,2.8,4.0,0.137,0.32,3.1,15.7,109.0,24.8,9.0,8.34,1.88,1.31,2.38,1.99,0.258,3.3
17HR-292,4.0,6.0,0.108,0.18,5.2,7.3,81.0,8.2,8.57,5.46,1.58,1.87,2.5,2.34,0.284,1.72
17HR-292,6.0,8.0,0.089,0.15,17.2,8.8,88.0,9.6,8.71,6.19,1.84,1.6,2.74,2.0,0.287,1.96
17HR-292,8.0,10.0,0.013,0.13,17.3,8.2,99.0,12.6,8.21,5.88,2.07,1.95,3.01,1.58,0.284,1.3
17HR-292,10.0,12.0,0.031,0.2,38.4,11.6,139.0,22.9,8.21,7.34,2.31,1.35,2.46,1.4,0.264,1.73
17HR-292,12.0,14.0,0.017,0.12,11.0,10.5,82.0,10.4,8.42,6.07,1.96,2.03,2.69,1.71,0.261,1.99
17HR-292,14.0,16.0,0.024,0.08,7.6,10.2,89.0,7.7,8.88,5.4,1.84,2.99,2.28,2.53,0.288,1.63
17HR-292,16.0,18.0,0.055,0.17,9.3,14.0,83.0,17.4,8.01,7.34,2.21,1.87,1.86,1.92,0.26,3.26
17HR-292,18.0,20.0,0.076,0.25,5.6,16.7,59.0,19.0,8.51,6.69,1.36,1.3,1.19,3.14,0.384,3.78
17HR-292,18.0,20.0,0.069,0.27,5.2,19.4,55.0,21.0,8.62,6.86,1.28,1.23,1.06,3.28,0.379,4.33
17HR-292,20.0,22.0,0.519,0.44,84.5,21.3,154.0,42.8,8.44,10.1,1.73,0.95,1.23,2.36,0.307,5.46
17HR-292,22.0,24.0,2.56,1.15,86.4,23.8,163.0,80.3,7.04,13.55,2.13,1.02,0.66,2.22,0.237,7.54
17HR-292,24.0,26.0,0.075,0.24,7.8,16.3,90.0,12.4,8.51,6.25,1.53,1.73,1.69,2.98,0.275,3.0
17HR-292,26.0,28.0,0.025,0.32,18.7,14.2,61.0,7.8,8.16,4.77,1.34,2.6,2.26,2.62,0.253,2.66
17HR-292,28.0,30.0,0.038,0.22,12.4,24.9,127.0,15.8,8.07,5.86,1.38,2.77,1.85,2.78,0.285,2.86
17HR-292,30.0,32.0,0.031,0.46,22.5,22.5,75.0,22.0,8.36,5.53,1.38,3.59,1.87,3.0,0.302,3.83
17HR-292,32.0,34.0,0.01,1.17,28.0,62.7,255.0,64.7,7.81,4.42,0.74,6.98,1.62,3.18,0.311,3.94
17HR-292,34.0,36.0,0.005,0.98,27.8,75.1,256.0,67.5,7.23,5.23,0.55,7.23,1.89,3.09,0.302,5.11
17HR-292,36.0,38.0,0.005,0.31,17.6,27.1,142.0,48.6,5.88,3.37,0.58,15.25,1.06,2.5,0.226,3.05
17HR-292,38.0,40.0,0.005,0.3,16.0,19.7,100.0,41.5,7.09,4.22,0.9,9.99,0.78,3.24,0.272,2.02
17HR-292,40.0,42.0,,0.39,33.3,18.8,90.0,111.0,7.62,3.78,0.46,3.67,0.35,5.89,0.342,0.7
17HR-292,42.0,44.0,0.009,0.47,28.4,21.0,113.0,117.0,6.81,3.37,0.39,4.3,0.69,5.02,0.308,0.8
17HR-292,44.0,46.0,,0.48,21.7,12.9,80.0,38.5,7.5,3.95,0.49,4.28,1.54,4.46,0.316,1.04
17HR-292,46.0,48.0,0.005,0.76,36.1,18.6,77.0,66.8,7.22,4.04,0.52,4.47,1.55,4.25,0.322,1.44
17HR-292,48.0,50.0,,0.79,29.6,15.1,55.0,37.2,6.81,3.98,0.57,8.41,1.52,3.31,0.266,1.34
17HR-292,50.0,52.0,0.005,0.77,32.5,9.7,90.0,60.6,6.86,3.96,0.55,6.19,1.22,3.77,0.292,0.71
17HR-292,52.0,54.0,0.01,1.01,28.8,20.4,327.0,125.5,7.7,5.24,1.31,4.12,1.42,4.02,0.688,1.21
17HR-292,54.0,56.0,0.011,0.86,26.9,14.1,119.0,87.5,7.45,4.45,1.07,4.51,1.63,3.56,0.595,1.15
17HR-292,56.0,58.0,,1.13,27.4,25.2,123.0,96.8,6.62,3.98,0.34,5.51,1.41,4.96,0.302,2.32
17HR-292,58.0,60.0,0.009,1.2,24.2,23.0,100.0,107.5,5.99,4.59,0.29,7.14,1.24,4.47,0.273,3.35
17HR-292,60.0,62.0,0.005,1.06,35.0,20.0,89.0,169.0,6.58,3.77,0.3,5.18,1.27,5.56,0.293,0.93
17HR-292,62.0,64.0,0.009,1.1,27.4,21.1,121.0,136.5,6.66,4.08,0.44,4.64,0.94,4.87,0.302,2.32
17HR-292,64.0,66.0,0.01,1.41,32.7,22.2,185.0,140.0,6.54,4.73,0.63,6.1,0.77,5.05,0.261,3.33
17HR-292,66.0,68.0,,0.41,19.3,13.3,80.0,64.2,6.54,3.73,0.48,5.28,0.79,5.37,0.284,1.47
17HR-292,68.0,70.0,0.005,1.24,32.3,22.0,74.0,68.0,6.39,4.21,0.36,5.22,0.69,5.15,0.294,2.8
17HR-292,70.0,72.0,,1.13,35.2,34.0,71.0,121.0,5.51,5.55,0.24,5.65,0.57,5.39,0.273,5.83
17HR-292,72.0,74.0,,1.0,30.6,26.2,112.0,335.0,6.77,4.11,0.19,3.62,0.58,5.21,0.295,4.1
17HR-292,74.0,76.0,,0.76,24.8,23.2,94.0,139.5,5.42,3.86,0.15,5.18,1.08,4.54,0.294,3.84
17HR-292,76.0,78.0,,1.57,30.4,28.0,236.0,253.0,5.87,4.1,0.16,4.34,0.83,4.68,0.308,3.49
17HR-292,78.0,80.0,,0.3,30.1,14.6,81.0,107.5,6.55,3.95,0.25,4.14,1.12,4.69,0.322,2.11
17HR-292,80.0,82.0,,0.22,28.4,9.2,67.0,50.9,7.11,4.13,0.37,4.84,1.95,4.31,0.321,0.84
17HR-292,82.0,84.0,0.008,0.67,41.3,18.5,135.0,106.5,6.99,4.13,0.35,5.26,0.77,4.7,0.315,2.2
17HR-292,84.0,86.0,0.007,0.73,23.4,15.6,69.0,87.2,7.11,3.66,0.42,4.8,0.83,4.81,0.324,1.47
17HR-292,86.0,88.0,0.005,2.2,36.7,46.6,373.0,342.0,6.17,4.4,0.28,5.17,0.44,4.49,0.293,3.12
17HR-292,88.0,90.0,,2.02,39.3,37.9,228.0,278.0,6.44,3.76,0.34,5.56,0.44,4.73,0.276,2.14
17HR-292,90.0,92.0,0.01,3.98,68.2,62.2,613.0,258.0,7.36,4.56,0.69,4.7,0.7,4.77,0.386,2.1
17HR-292,92.0,94.0,0.005,0.22,23.8,11.4,157.0,5.8,8.41,5.88,2.11,3.94,3.08,2.03,1.03,0.15
17HR-292,94.0,96.0,,0.1,23.2,10.0,161.0,9.0,8.42,6.01,2.1,4.13,3.21,1.82,1.075,0.11
17HR-292,96.0,98.0,,0.16,22.6,11.9,158.0,2.4,8.54,6.0,2.1,3.92,3.25,2.29,1.075,0.07
17HR-292,98.0,100.0,,0.64,30.1,16.4,136.0,45.7,8.4,4.96,1.27,3.61,1.46,4.72,0.675,0.58
17HR-292,100.0,102.0,,2.48,37.2,40.8,488.0,325.0,7.26,3.74,0.4,3.06,0.22,4.51,0.333,1.91
17HR-292,102.0,104.0,,2.2,36.1,41.9,274.0,277.0,7.06,3.59,0.4,4.6,0.27,4.78,0.337,1.41
17HR-292,104.0,106.0,0.005,2.1,27.6,50.5,345.0,235.0,5.36,2.92,0.42,16.3,0.15,4.17,0.198,1.22
17HR-292,106.0,108.0,,1.42,21.7,13.2,188.0,44.3,6.89,3.49,0.7,9.34,1.19,4.09,0.264,0.52
17HR-292,106.0,108.0,,1.69,23.7,16.6,187.0,58.6,6.93,3.71,0.69,9.36,1.21,4.11,0.266,0.77
17HR-292,108.0,110.0,,1.82,30.6,10.7,70.0,60.2,7.11,3.81,0.63,4.74,1.31,4.9,0.311,0.69
17HR-292,110.0,112.0,,3.1,28.4,15.0,87.0,74.8,7.17,3.85,0.55,4.78,1.08,5.37,0.312,1.22
17HR-292,112.0,114.0,0.005,5.59,31.0,48.3,666.0,242.0,6.89,5.46,0.46,3.36,0.11,4.59,0.316,4.69
17HR-292,114.0,116.0,0.008,9.42,29.6,51.6,196.0,288.0,5.85,5.01,0.17,3.15,0.11,4.8,0.279,5.25
17HR-292,116.0,118.0,0.005,8.54,29.8,46.6,318.0,185.5,6.25,5.24,0.27,4.7,0.11,5.26,0.274,5.24
17HR-292,118.0,120.0,,9.43,28.0,49.6,209.0,152.5,5.85,4.41,0.21,3.08,0.11,4.55,0.264,4.38
17HR-292,120.0,122.0,,11.6,37.1,78.2,370.0,192.5,5.39,5.31,0.21,3.46,0.1,4.37,0.251,5.48
17HR-292,122.0,124.0,0.007,7.6,29.3,80.7,463.0,183.5,6.41,5.74,0.39,4.36,0.09,5.12,0.278,5.36
17HR-292,124.0,126.0,,3.0,23.7,24.2,137.0,76.5,7.61,4.4,1.0,6.36,0.17,3.73,0.313,0.89
17HR-292,126.0,128.0,,3.06,16.8,41.2,119.0,45.2,6.84,3.86,0.85,10.05,0.6,3.2,0.285,1.29
17HR-292,128.0,130.0,,0.68,16.1,34.8,102.0,29.3,7.25,4.24,0.82,7.09,1.25,3.42,0.308,1.29
17HR-292,130.0,132.0,,0.4,20.1,33.9,102.0,33.4,7.15,4.28,0.91,9.02,1.22,2.92,0.345,0.93
17HR-292,132.0,134.0,,0.41,24.2,25.3,118.0,26.4,7.13,4.15,0.78,5.32,1.41,3.39,0.305,0.2
17HR-292,134.0,136.0,,0.2,23.1,19.6,123.0,15.4,7.22,4.15,0.69,4.19,1.68,3.69,0.306,0.17
17HR-292,136.0,138.0,0.006,0.16,34.9,17.9,141.0,18.6,7.4,4.47,0.77,4.41,1.33,3.73,0.312,0.25
17HR-292,138.0,140.0,,0.15,26.0,13.0,125.0,8.8,7.31,4.16,0.72,5.0,1.19,3.95,0.316,0.21
17HR-292,140.0,142.0,,0.09,28.0,12.6,135.0,7.5,7.49,4.43,0.8,4.48,1.02,3.94,0.318,0.13
17HR-292,142.0,144.0,,0.23,32.3,14.2,89.0,9.0,7.19,4.28,0.75,4.4,1.61,3.87,0.305,0.4
17HR-292,144.0,146.0,,0.22,18.2,16.9,77.0,22.6,7.14,3.93,0.73,5.43,1.57,3.57,0.302,0.25
17HR-292,146.0,148.0,,0.23,17.8,19.0,56.0,36.9,6.41,3.46,0.66,5.3,0.82,3.62,0.28,0.22
17HR-292,148.0,150.0,,0.28,26.5,18.6,74.0,31.0,7.49,4.02,0.77,3.42,1.19,3.87,0.305,0.36
17HR-292,150.0,152.0,,0.12,22.5,11.4,78.0,12.5,7.64,4.2,0.84,4.63,1.53,3.67,0.301,0.35
17HR-292,152.0,154.0,,0.29,29.0,23.0,76.0,25.7,7.54,4.1,0.81,6.22,1.66,3.42,0.284,0.38
17HR-292,154.0,156.0,,0.14,12.6,11.1,85.0,6.9,7.52,4.25,0.75,5.65,1.69,3.93,0.321,0.17
17HR-292,156.0,158.0,,0.07,15.3,12.6,95.0,3.8,7.29,4.24,0.79,5.48,1.74,4.05,0.325,0.01
17HR-292,158.0,160.0,,0.09,26.8,14.3,86.0,5.7,7.15,4.33,0.67,5.04,1.53,4.25,0.316,0.06
17HR-292,160.0,162.0,,0.19,25.8,17.5,86.0,16.3,7.78,4.4,0.76,4.65,1.9,3.91,0.325,0.42
17HR-292,162.0,164.0,,0.09,26.4,9.0,80.0,8.5,7.87,4.31,0.88,4.35,1.73,4.17,0.334,0.08
17HR-292,164.0,166.0,,0.2,17.2,10.2,107.0,13.9,7.81,4.64,0.82,3.86,1.2,4.0,0.309,0.21
17HR-292,166.0,168.0,,0.09,18.6,8.9,104.0,7.9,8.28,4.78,0.87,3.8,1.24,4.24,0.332,0.19
17HR-292,168.0,170.0,,0.19,21.4,11.8,92.0,10.3,7.73,4.19,0.78,4.39,0.87,4.16,0.319,0.12
17HR-292,170.0,172.0,,0.22,13.0,13.1,88.0,19.2,7.48,4.24,0.83,5.48,0.45,4.27,0.3,0.32
17HR-292,172.0,174.0,,1.06,21.5,23.6,112.0,92.0,7.17,4.53,0.56,4.07,0.76,4.92,0.303,2.14
17HR-292,174.0,176.0,,0.93,17.5,19.7,100.0,88.9,6.57,3.83,0.42,4.99,0.66,4.55,0.289,2.37
17HR-292,176.0,178.0,,0.32,36.0,19.1,93.0,38.8,7.43,4.43,0.94,5.95,0.45,4.03,0.315,0.27
17HR-292,178.0,180.0,,0.32,27.6,21.1,119.0,19.1,7.12,3.7,0.89,8.68,0.21,3.76,0.271,0.43
17HR-292,180.0,182.0,,0.23,30.6,10.7,112.0,13.5,8.11,4.72,1.03,5.49,1.25,3.96,0.319,0.09
17HR-292,182.0,184.0,,0.3,29.5,10.3,101.0,10.0,7.94,4.39,0.96,4.73,1.23,4.13,0.331,0.06
17HR-292,184.0,186.0,,0.41,18.4,11.3,88.0,29.6,7.9,4.3,0.81,3.94,0.41,4.28,0.306,0.24
17HR-292,186.0,188.0,,0.33,17.5,20.7,94.0,28.2,7.53,4.14,0.77,6.25,0.98,3.77,0.301,0.37
17HR-292,188.0,190.0,,0.23,15.5,17.8,91.0,17.1,6.85,3.7,0.75,12.75,1.03,3.1,0.254,0.25
17HR-292,190.0,192.0,,0.62,16.8,30.6,117.0,118.0,7.16,3.96,0.69,7.8,0.83,3.93,0.278,1.31
17HR-292,192.0,194.0,,0.65,14.0,20.5,70.0,92.6,6.12,3.59,0.29,4.46,0.61,4.77,0.279,3.31
17HR-292,194.0,196.0,,0.42,20.6,27.3,61.0,62.0,6.75,3.82,0.28,6.31,0.79,5.09,0.285,3.85
17HR-292,194.0,196.0,,0.39,15.2,22.7,60.0,63.9,6.54,3.88,0.28,6.08,0.81,4.82,0.293,3.95
17HR-292,196.0,198.0,,0.35,19.9,16.2,85.0,39.9,7.06,4.13,0.58,6.86,1.37,3.97,0.286,1.64
17HR-292,198.0,200.0,,0.22,25.9,10.2,79.0,13.6,7.63,4.22,0.79,5.15,1.51,3.57,0.3,0.2
17HR-292,200.0,202.0,,1.49,30.3,30.9,82.0,210.0,6.23,8.39,0.6,7.04,0.35,3.74,0.242,6.97
17HR-292,202.0,204.0,,0.94,16.3,26.6,135.0,197.5,5.82,6.11,0.27,3.95,0.48,5.32,0.252,6.25
17HR-292,204.0,206.0,,0.44,20.1,16.8,124.0,57.7,7.07,3.74,0.8,5.15,0.42,4.42,0.292,1.09
17HR-292,206.0,208.0,,0.21,21.5,14.4,100.0,24.3,8.04,4.53,1.0,5.37,0.21,4.58,0.325,0.31
17HR-292,208.0,209.0,,0.23,20.6,12.1,98.0,26.0,7.64,4.42,0.89,4.17,0.37,4.49,0.32,0.43
17HR-292,208.0,209.0,,0.21,19.1,12.9,95.0,23.6,7.81,4.18,0.81,3.9,0.5,4.66,0.342,0.39
17HR-293,2.23,4.0,0.012,0.37,34.5,7.3,107.0,27.4,7.28,5.26,1.55,3.72,1.63,2.27,0.31,2.06
17HR-293,4.0,6.0,0.025,0.48,25.9,10.0,117.0,28.6,6.56,6.55,1.55,2.0,1.31,1.71,0.248,3.05
17HR-293,6.0,8.0,0.041,0.63,40.9,12.3,178.0,43.7,7.37,9.56,2.52,1.49,1.6,1.48,0.3,3.79
17HR-293,8.0,10.0,0.092,0.58,8.8,21.5,192.0,27.0,7.59,8.68,2.18,1.3,1.76,1.7,0.306,3.74
17HR-293,10.0,12.0,0.041,0.66,5.7,11.1,92.0,16.0,7.52,6.24,1.53,2.69,1.81,2.4,0.322,3.61
17HR-293,12.0,14.0,0.021,0.35,5.5,10.7,101.0,25.8,7.21,6.74,1.58,2.64,1.48,2.21,0.307,3.8
17HR-293,14.0,16.0,0.224,0.52,12.6,10.8,158.0,63.8,7.75,7.92,1.79,1.68,1.52,2.31,0.324,4.67
17HR-293,16.0,18.0,0.211,0.61,12.9,12.3,98.0,29.6,7.37,6.91,1.67,3.0,1.14,2.83,0.318,5.15
17HR-293,18.0,20.0,0.053,0.74,13.0,14.4,79.0,22.4,7.09,6.33,1.22,2.76,1.69,2.5,0.306,5.55
17HR-293,20.0,22.0,0.082,0.76,10.3,17.7,65.0,18.6,6.83,7.79,1.26,2.01,1.29,2.33,0.291,6.71
17HR-293,22.0,24.0,0.499,6.46,2640.0,39.4,69.0,60.8,6.7,11.1,1.21,2.33,0.04,2.73,0.275,
17HR-293,24.0,26.0,0.279,1.57,28.6,158.5,422.0,38.2,7.23,5.19,1.31,3.03,0.94,2.82,0.228,4.27
17HR-293,26.0,28.0,,0.45,20.1,14.8,136.0,9.1,7.63,4.65,1.53,2.55,1.94,2.52,0.303,3.04
17HR-293,28.0,30.0,,0.74,15.5,14.3,66.0,8.7,7.81,4.78,1.12,2.34,2.0,2.68,0.295,4.2
17HR-293,30.0,32.0,,0.3,10.7,6.6,102.0,6.0,8.21,4.8,1.54,1.48,1.93,2.51,0.308,2.38
17HR-293,32.0,34.0,0.009,0.56,20.0,9.8,123.0,8.4,8.69,5.34,2.09,3.24,1.67,2.97,0.354,2.5
17HR-293,34.0,36.0,,0.35,5.1,7.6,61.0,6.4,7.12,4.47,0.95,3.44,2.17,2.49,0.294,3.6
17HR-293,36.0,38.0,0.005,0.37,7.0,12.7,92.0,5.9,7.71,4.98,1.64,3.6,1.91,2.85,0.33,3.27
17HR-293,38.0,40.0,,0.47,7.8,11.9,83.0,8.1,7.72,4.78,1.47,3.39,1.63,2.78,0.325,3.03
17HR-293,40.0,42.0,0.007,0.38,25.7,7.7,117.0,6.8,7.79,5.4,1.31,3.29,2.52,1.93,0.321,1.72
17HR-293,42.0,44.0,0.039,0.35,10.7,7.0,120.0,7.0,8.11,5.34,1.54,1.62,2.27,1.96,0.322,1.39
17HR-293,44.0,46.0,0.007,0.14,3.0,6.2,135.0,2.9,8.17,4.91,2.15,2.24,1.84,2.45,0.322,0.72
17HR-293,46.0,48.0,0.027,0.31,4.9,13.2,94.0,9.5,7.31,4.68,1.62,2.74,1.84,2.44,0.288,2.42
17HR-293,48.0,50.0,0.014,0.15,4.8,6.1,114.0,6.0,7.76,4.7,2.0,2.3,1.89,2.17,0.283,1.22
17HR-293,50.0,52.0,0.022,0.36,4.0,9.5,107.0,14.5,7.42,5.47,1.92,3.04,1.7,2.21,0.287,2.24
17HR-293,52.0,54.0,2.06,6.1,385.0,2490.0,3930.0,42.3,7.7,5.9,1.83,3.05,0.91,3.43,0.302,4.99
17HR-293,54.0,56.0,0.046,0.89,22.1,9.8,81.0,24.3,7.49,5.43,1.87,2.49,1.59,2.34,0.249,3.2
17HR-293,56.0,58.0,0.327,3.19,13.7,29.8,131.0,26.4,7.67,7.64,1.99,1.26,0.89,2.35,0.284,4.6
17HR-293,58.0,60.0,0.162,0.81,7.6,22.4,87.0,28.6,7.65,7.76,1.69,1.34,2.06,2.11,0.295,5.71
17HR-293,60.0,62.0,0.526,1.08,396.0,36.2,71.0,25.0,7.15,7.83,1.61,2.34,1.41,2.78,0.281,6.5
17HR-293,62.0,64.0,0.047,0.33,6.1,22.3,80.0,21.9,7.27,6.31,1.68,2.18,1.6,2.7,0.293,4.96
17HR-293,64.0,66.0,0.075,0.5,7.2,26.0,48.0,27.2,6.82,5.16,1.27,2.57,1.04,2.9,0.259,4.76
17HR-293,66.0,68.0,0.36,0.56,10.1,39.7,88.0,42.2,7.07,7.08,1.85,4.14,1.07,3.01,0.284,5.84
17HR-293,68.0,70.0,0.543,0.53,8.1,16.0,136.0,150.5,7.28,9.44,2.67,2.58,1.45,1.95,0.275,6.05
17HR-293,70.0,72.0,0.239,0.67,7.6,20.2,117.0,59.4,7.17,8.77,2.21,1.87,1.43,2.12,0.289,5.62
17HR-293,72.0,74.0,0.621,1.0,13.4,34.4,110.0,35.4,6.78,7.46,2.13,3.56,1.18,2.42,0.252,5.19
17HR-293,74.0,76.0,0.473,0.6,6.7,16.9,110.0,50.6,7.64,8.45,2.04,1.32,1.71,1.95,0.248,5.56
17HR-293,76.0,78.0,0.063,0.23,4.0,10.4,94.0,18.5,7.56,7.01,2.06,2.46,1.95,2.21,0.254,4.49
17HR-293,78.0,80.0,1.555,14.5,732.0,19300.0,13050.0,33.5,7.02,5.77,2.32,4.75,1.58,2.48,0.228,5.06
17HR-293,80.0,82.0,0.18,0.77,87.8,348.0,1190.0,71.4,7.34,6.73,1.97,2.56,1.54,2.6,0.258,4.44
17HR-293,80.0,82.0,0.124,0.67,77.7,415.0,687.0,44.6,7.62,6.71,1.92,2.19,1.76,2.45,0.255,4.24
17HR-293,82.0,84.0,0.115,0.83,22.3,15.0,87.0,25.5,7.66,5.65,1.62,2.11,1.72,2.73,0.255,4.03
17HR-293,84.0,86.0,0.03,0.27,8.3,9.9,70.0,31.6,8.01,5.36,1.81,2.69,1.54,2.96,0.262,3.84
17HR-293,86.0,88.0,0.024,0.19,4.4,7.6,86.0,28.2,7.52,6.17,2.01,1.98,1.95,2.03,0.249,3.71
17HR-293,86.0,88.0,0.026,0.17,5.2,7.2,84.0,24.6,7.4,5.91,1.99,2.11,1.98,2.0,0.245,3.45
17HR-293,88.0,90.0,0.023,0.26,6.3,6.9,68.0,27.0,7.56,5.26,1.74,2.66,2.01,2.65,0.253,4.03
17HR-293,90.0,92.0,0.024,0.25,5.6,7.2,54.0,19.1,7.41,5.04,1.68,2.46,2.07,2.72,0.268,4.11
17HR-293,92.0,94.0,0.088,0.85,8.1,12.2,46.0,39.4,7.4,4.93,1.42,3.0,1.88,3.19,0.279,4.52
17HR-293,94.0,96.0,0.105,0.87,8.9,19.4,78.0,50.4,7.31,7.13,2.01,2.14,1.72,2.38,0.285,5.31
17HR-293,96.0,98.0,0.038,0.29,3.7,10.3,96.0,69.0,7.58,7.77,1.97,0.93,1.98,2.08,0.269,5.33
17HR-293,98.0,100.0,1.07,2.35,145.0,367.0,422.0,151.5,6.78,10.25,2.04,2.42,1.14,2.05,0.222,7.78
17HR-293,100.0,102.0,0.284,1.0,46.7,763.0,431.0,34.0,7.34,5.64,1.61,3.5,2.0,2.63,0.272,4.5
17HR-293,102.0,104.0,0.007,0.18,5.2,7.5,65.0,17.7,7.7,5.08,1.63,3.09,2.78,2.46,0.301,3.54
17HR-293,104.0,106.0,0.006,0.18,5.6,6.2,71.0,10.5,7.89,5.07,1.65,3.54,2.65,2.34,0.297,3.19
17HR-293,106.0,108.0,0.005,0.19,4.5,6.8,76.0,8.9,7.95,5.11,1.73,3.78,2.81,2.27,0.295,3.01
17HR-293,108.0,110.0,0.006,0.35,4.3,6.3,77.0,11.3,8.09,5.31,1.73,3.76,2.6,2.54,0.313,3.69
17HR-293,110.0,112.0,0.015,1.75,5.1,9.5,48.0,24.7,7.65,5.0,1.46,2.72,1.53,3.06,0.303,4.45
17HR-293,112.0,114.0,0.006,0.69,5.0,9.7,67.0,14.1,8.08,5.17,1.72,3.18,2.11,2.98,0.32,3.99
17HR-293,114.0,116.0,0.007,0.47,4.6,7.7,75.0,10.9,8.05,5.06,1.46,3.3,2.26,2.97,0.318,3.83
17HR-293,116.0,118.0,0.027,0.36,4.5,7.3,81.0,10.7,7.97,4.8,1.41,4.03,2.51,2.73,0.302,3.17
17HR-293,118.0,120.0,0.047,0.46,3.8,8.9,74.0,25.5,8.03,5.13,1.42,3.58,2.59,2.8,0.316,3.6
17HR-293,120.0,122.0,0.157,3.62,13.4,12.6,59.0,24.5,8.49,5.58,1.2,1.99,1.04,3.95,0.321,4.57
17HR-293,122.0,124.0,0.034,0.74,5.0,9.3,82.0,14.8,8.25,5.24,1.55,2.71,1.79,3.37,0.308,3.65
17HR-293,124.0,126.0,0.006,0.33,4.5,8.9,93.0,13.1,8.24,5.02,1.64,3.12,2.46,2.77,0.301,2.93
17HR-293,126.0,128.0,0.005,0.38,6.0,9.4,93.0,19.6,8.4,5.01,1.75,2.73,2.52,2.74,0.293,2.8
17HR-293,128.0,130.0,0.03,1.56,8.0,13.7,75.0,30.0,7.76,4.79,1.49,3.64,1.91,2.78,0.273,3.07
17HR-293,130.0,132.0,0.005,0.14,10.8,6.6,80.0,6.9,7.63,4.6,1.4,3.23,2.46,2.62,0.281,3.21
17HR-293,132.0,134.0,0.005,0.56,9.0,9.2,74.0,11.2,8.04,4.9,1.49,3.49,2.42,2.74,0.306,3.69
17HR-293,134.0,136.0,,0.25,18.7,8.9,89.0,11.0,8.01,4.86,1.47,3.77,2.74,2.57,0.304,2.8
17HR-293,136.0,138.0,0.009,0.63,29.6,12.8,69.0,18.5,7.8,5.0,1.32,4.13,2.14,2.9,0.307,3.75
17HR-293,138.0,140.0,,0.27,8.6,9.0,74.0,10.4,8.41,5.02,1.52,4.09,2.82,2.68,0.325,3.47
17HR-293,140.0,142.0,,0.29,11.8,8.1,83.0,16.2,7.66,4.76,1.49,3.12,2.44,2.79,0.297,3.19
17HR-293,142.0,144.0,0.017,0.28,6.6,8.3,81.0,13.1,7.84,4.88,1.53,3.09,2.68,2.75,0.302,3.56
17HR-293,144.0,146.0,0.016,0.35,8.2,9.3,77.0,20.0,7.97,5.12,1.35,3.37,2.65,2.89,0.298,4.21
17HR-293,146.0,148.0,0.012,0.5,11.2,8.1,83.0,17.3,7.95,4.79,1.63,3.95,2.67,2.64,0.284,3.41
17HR-293,148.0,150.0,0.007,0.35,7.5,8.8,75.0,22.6,7.88,5.0,1.55,3.45,2.79,2.89,0.294,4.01
17HR-293,150.0,152.0,0.016,0.39,9.0,9.5,67.0,30.5,7.62,5.01,1.4,3.14,2.63,2.93,0.298,4.19
17HR-293,152.0,154.0,0.022,0.28,9.5,9.6,75.0,17.1,7.3,4.72,1.46,3.32,2.9,2.59,0.295,3.87
17HR-293,154.0,156.0,0.028,0.32,12.1,9.4,80.0,22.2,7.72,4.9,1.56,3.01,2.77,2.92,0.316,4.0
17HR-293,156.0,158.0,0.023,0.29,6.7,8.3,60.0,22.2,7.4,4.8,1.29,3.2,2.97,2.84,0.311,4.44
17HR-293,158.0,160.0,0.026,0.43,8.0,11.1,61.0,26.6,7.14,4.77,1.59,2.78,2.7,2.81,0.3,4.43
17HR-293,160.0,162.0,0.025,0.42,9.0,12.4,88.0,20.2,7.46,4.76,2.24,2.92,2.53,2.89,0.308,3.36
17HR-293,162.0,164.0,0.032,0.38,7.4,12.8,91.0,16.7,7.91,5.05,1.87,3.4,2.36,3.57,0.331,3.87
17HR-293,164.0,166.0,0.03,0.24,9.2,7.7,78.0,25.3,7.73,4.71,1.51,2.74,2.93,2.86,0.325,3.1
17HR-293,166.0,168.0,0.041,0.34,6.3,10.2,60.0,27.6,7.37,4.64,1.41,3.37,2.66,2.88,0.305,3.49
17HR-293,168.0,170.0,0.032,0.28,7.2,10.6,59.0,30.9,7.23,4.7,1.67,3.53,2.49,3.11,0.302,3.48
17HR-293,170.0,172.0,0.011,0.13,5.2,4.2,77.0,11.9,7.67,4.38,1.61,2.68,3.09,2.34,0.3,2.28
17HR-293,172.0,174.0,0.084,1.87,7.9,12.7,66.0,110.0,7.88,4.69,1.68,2.97,2.8,3.71,0.312,2.85
17HR-293,174.0,176.0,0.021,0.34,10.1,11.9,86.0,90.9,7.87,4.81,1.59,2.58,2.85,3.15,0.318,2.62
17HR-293,174.0,176.0,0.02,0.32,10.5,11.4,83.0,90.1,7.92,4.74,1.57,2.57,2.88,3.09,0.314,2.63
17HR-293,176.0,178.0,,0.2,9.0,6.4,73.0,24.9,7.33,4.63,1.37,3.58,2.92,2.71,0.294,2.9
17HR-293,178.0,180.0,0.005,0.21,14.9,9.3,91.0,24.6,7.45,4.82,1.79,3.35,2.78,2.77,0.316,2.97
17HR-293,180.0,182.0,0.006,0.57,11.6,8.3,83.0,23.7,8.08,4.95,1.9,2.1,2.23,2.93,0.322,3.34
17HR-293,182.0,184.0,0.013,0.31,27.6,10.5,74.0,52.8,7.28,4.65,2.08,2.68,2.32,2.59,0.305,2.93
17HR-293,184.0,186.0,0.013,0.36,56.6,12.3,66.0,45.4,7.48,4.66,2.05,2.84,2.28,2.83,0.306,3.22
17HR-293,186.0,188.0,0.011,0.22,20.1,10.2,81.0,45.7,6.88,4.63,2.04,3.09,1.7,2.93,0.302,2.65
17HR-293,188.0,190.0,0.028,0.6,22.3,16.1,97.0,26.5,7.78,5.34,1.94,2.25,1.72,3.15,0.345,3.62
17HR-293,190.0,192.0,0.072,0.96,10.0,28.7,82.0,51.7,8.07,6.16,1.98,2.61,1.73,3.59,0.371,5.59
17HR-293,192.0,194.0,,0.15,11.7,7.7,93.0,25.1,7.37,5.2,1.86,4.14,2.29,2.89,0.341,3.38
17HR-293,194.0,196.0,,0.13,15.4,10.9,88.0,14.9,7.25,5.24,1.96,3.32,2.12,2.89,0.327,3.41
17HR-293,196.0,198.0,0.017,0.35,15.5,21.7,74.0,31.7,7.09,5.28,1.64,4.42,1.76,3.11,0.309,3.4
17HR-293,198.0,200.0,0.093,0.28,8.8,16.6,112.0,75.2,7.26,8.71,2.87,2.57,1.9,2.03,0.305,4.64
17HR-293,200.0,202.0,0.014,0.17,29.7,10.9,99.0,34.4,7.81,6.39,2.35,1.79,1.77,3.1,0.334,3.78
17HR-293,202.0,204.0,0.013,0.22,71.0,9.4,84.0,27.5,7.53,5.64,2.08,2.08,1.64,3.2,0.312,3.44
17HR-293,204.0,206.0,0.735,0.84,44.9,411.0,278.0,61.2,7.35,5.94,2.22,2.63,1.65,3.16,0.312,4.7
17HR-293,206.0,208.0,0.361,1.21,187.5,1160.0,1070.0,112.5,7.49,4.99,2.45,3.47,1.41,3.36,0.285,3.49
17HR-293,208.0,210.0,2.1,3.26,533.0,1770.0,4760.0,36.1,7.18,5.33,2.16,3.94,1.39,3.14,0.255,4.62
17HR-293,210.0,212.0,0.087,0.41,35.9,224.0,158.0,29.7,7.72,5.43,1.91,3.04,1.94,3.17,0.313,3.49
17HR-293,212.0,214.0,,0.16,26.2,12.6,96.0,17.7,7.22,4.72,2.01,3.32,1.71,3.04,0.316,2.15
17HR-293,214.0,216.0,0.016,0.38,26.2,14.5,74.0,27.6,7.49,5.09,1.65,3.12,1.95,3.45,0.301,4.39
17HR-293,216.0,218.0,0.085,0.92,28.2,41.5,75.0,36.1,8.27,5.4,1.13,2.11,1.64,3.87,0.302,5.52
17HR-293,218.0,220.0,0.022,0.35,26.7,11.9,70.0,35.5,7.33,5.01,1.34,3.75,2.28,3.38,0.294,4.54
17HR-293,220.0,222.0,,0.22,27.6,11.9,90.0,36.0,8.23,5.34,1.72,3.17,2.39,3.52,0.319,4.24
17HR-293,222.0,224.0,,0.14,6.9,6.9,145.0,12.4,7.91,5.16,2.06,2.7,2.49,3.07,0.352,1.38
17HR-293,224.0,226.0,0.007,0.19,13.0,11.0,91.0,31.0,7.32,4.98,2.06,3.35,1.9,3.59,0.31,3.78
17HR-293,226.0,228.0,0.047,0.3,10.7,11.8,77.0,38.6,7.46,5.67,1.68,2.71,2.16,3.48,0.296,4.86
17HR-293,228.0,230.0,1.24,1.33,113.5,153.5,97.0,36.0,6.26,5.33,1.45,7.05,1.24,2.8,0.208,5.15
17HR-293,230.0,232.0,1.67,1.27,86.6,61.7,107.0,64.3,6.86,5.42,1.25,6.58,1.78,3.01,0.248,4.75
17HR-293,232.0,234.0,0.008,0.12,11.1,8.6,107.0,16.9,7.85,5.33,1.63,3.36,2.78,2.77,0.323,2.31
17HR-293,234.0,236.0,0.027,0.17,9.5,8.2,105.0,19.2,8.11,5.78,1.79,2.6,2.58,3.06,0.332,3.12
17HR-293,236.0,238.0,0.015,0.25,44.1,13.2,117.0,42.8,8.53,5.57,1.7,1.94,1.55,4.16,0.337,4.57
17HR-293,238.0,240.0,0.009,0.13,12.2,9.4,122.0,14.2,8.16,5.42,1.96,2.83,1.96,3.36,0.349,1.57
17HR-293,240.0,242.0,0.237,0.23,13.4,10.2,100.0,81.9,7.88,6.25,2.47,2.23,2.12,2.83,0.314,3.19
17HR-293,242.0,244.0,0.092,0.25,16.1,14.7,102.0,67.2,8.22,7.22,2.25,1.66,1.75,3.23,0.318,4.45
17HR-293,244.0,246.0,0.009,0.43,26.7,12.2,97.0,26.2,8.25,5.34,1.78,2.63,1.94,3.52,0.331,3.02
17HR-293,246.0,248.0,0.158,0.45,31.4,20.5,62.0,71.5,8.15,6.33,2.04,2.41,1.34,3.94,0.298,5.04
17HR-293,248.0,250.0,0.043,0.15,10.6,11.7,119.0,50.4,8.41,7.41,2.38,1.17,1.83,2.76,0.321,2.45
17HR-293,250.0,252.0,0.06,0.83,1755.0,13.6,107.0,42.9,8.02,6.77,1.98,1.1,1.47,3.01,0.3,3.18
17HR-293,252.0,254.0,0.728,0.76,51.1,20.6,40.0,42.1,7.62,5.24,2.26,3.92,0.91,3.73,0.263,4.52
17HR-293,254.0,256.0,0.239,0.24,52.8,9.4,84.0,44.5,7.29,4.98,2.77,3.4,1.52,3.02,0.295,1.85
17HR-293,256.0,258.0,0.04,0.15,42.0,7.0,118.0,23.5,8.18,6.29,2.39,1.24,2.8,2.16,0.331,1.47
17HR-293,258.0,260.0,0.067,0.18,6.2,7.7,115.0,27.0,8.14,6.57,2.45,1.11,2.38,2.6,0.33,2.25
17HR-293,260.0,262.0,0.065,0.22,11.4,15.4,99.0,42.7,8.16,7.08,2.16,1.57,1.61,3.25,0.313,3.52
17HR-293,260.0,262.0,0.053,0.2,16.7,13.9,99.0,34.8,8.37,6.82,2.16,1.6,1.56,3.41,0.32,3.28
17HR-293,262.0,264.0,0.03,0.23,4.6,10.1,96.0,33.9,7.19,7.21,2.5,1.84,1.82,2.37,0.275,3.57
17HR-293,264.0,266.0,0.201,0.81,43.5,19.4,106.0,31.0,7.78,8.48,2.37,1.36,1.84,2.47,0.296,5.04
17HR-293,266.0,268.0,0.012,0.15,10.6,7.9,90.0,16.2,7.89,5.27,2.15,1.82,2.21,2.92,0.301,2.65
17HR-293,268.0,270.0,0.019,0.25,6.6,8.9,102.0,21.9,8.36,6.71,2.36,1.26,2.0,3.11,0.312,3.04
17HR-293,270.0,272.0,0.056,0.54,4.7,10.7,76.0,42.9,7.52,7.44,2.13,1.2,2.02,2.65,0.284,4.67
17HR-293,272.0,274.0,0.056,0.24,3.3,8.8,107.0,30.4,7.53,8.3,2.52,0.77,2.16,1.86,0.284,3.31
17HR-293,274.0,276.0,0.039,0.27,4.7,9.2,104.0,33.8,7.44,8.3,2.36,0.97,2.01,2.17,0.288,4.55
17HR-293,276.0,278.0,0.221,0.3,3.8,5.5,99.0,37.4,6.64,8.92,3.14,2.56,1.64,1.37,0.246,4.73
17HR-293,278.0,280.0,0.079,0.3,12.0,10.1,104.0,40.5,7.37,8.18,2.72,1.58,2.05,2.04,0.282,4.41
17HR-293,280.0,282.0,0.227,1.11,211.0,15.3,80.0,47.8,6.76,8.2,2.81,2.74,1.12,2.21,0.224,5.94
17HR-293,282.0,284.0,0.512,1.26,60.0,19.1,37.0,84.5,4.48,7.86,3.11,5.49,0.15,1.92,0.147,6.66
17HR-293,284.0,286.0,0.96,1.05,5.0,13.9,68.0,96.5,6.44,7.32,2.72,4.11,1.0,2.37,0.235,5.58
17HR-293,284.0,286.0,0.644,0.89,5.2,13.6,66.0,100.5,6.29,7.36,2.69,4.43,0.98,2.31,0.231,5.59
17HR-293,286.0,288.0,3.11,3.37,313.0,488.0,93.0,120.0,4.85,7.04,2.82,5.52,0.08,2.51,0.174,6.96
17HR-293,288.0,290.0,3.51,3.87,229.0,392.0,35.0,154.5,2.74,7.87,3.39,6.99,0.05,1.4,0.086,7.94
17HR-293,290.0,292.0,0.023,0.25,3.4,8.9,31.0,32.0,7.22,5.87,1.54,2.89,1.43,3.09,0.29,5.52
17HR-293,292.0,294.0,0.02,0.21,2.3,8.0,72.0,27.8,7.59,7.11,1.94,1.42,2.55,2.28,0.291,5.59
17HR-293,294.0,296.0,0.036,0.37,2.9,7.6,76.0,27.0,8.1,6.92,2.06,1.3,2.43,2.67,0.281,5.43
17HR-293,296.0,298.0,0.042,0.42,4.2,6.5,69.0,26.9,7.43,5.69,2.03,2.3,2.91,2.39,0.25,4.16
17HR-293,298.0,300.0,0.043,0.36,9.1,6.4,45.0,28.1,7.13,5.08,1.98,3.55,2.34,3.03,0.266,4.4
17HR-293,300.0,302.0,0.101,0.82,5.6,10.2,57.0,54.8,7.71,6.19,2.03,3.06,1.28,3.43,0.263,5.44
17HR-293,302.0,304.0,0.266,2.64,9.9,15.6,49.0,81.6,7.3,5.5,2.1,2.96,1.55,3.5,0.284,5.4
17HR-293,304.0,306.0,0.056,1.58,5.8,12.1,45.0,47.1,7.25,4.54,2.35,3.86,1.3,3.39,0.293,3.74
17HR-293,306.0,308.0,0.37,1.11,6.1,15.0,36.0,55.7,7.17,5.11,2.49,4.6,0.76,3.54,0.266,4.56
17HR-293,308.0,310.0,0.942,0.8,5.3,9.3,86.0,48.8,7.76,7.8,2.14,1.78,2.16,2.49,0.294,5.16
17HR-293,310.0,312.0,0.289,0.66,6.4,11.7,80.0,56.8,7.38,7.65,2.11,2.07,2.03,3.04,0.305,5.42
17HR-293,312.0,314.0,0.03,0.29,7.7,7.1,103.0,22.1,7.81,6.26,2.44,1.61,1.8,3.2,0.341,2.59
17HR-293,314.0,316.0,0.203,0.54,9.0,10.0,89.0,50.9,7.56,6.24,2.74,3.04,1.28,3.24,0.301,3.19
17HR-293,316.0,318.0,0.262,0.98,14.4,12.3,84.0,134.0,7.46,8.22,2.4,2.23,1.2,2.97,0.282,5.53
17HR-293,318.0,320.0,0.024,0.66,37.9,9.1,93.0,53.2,8.27,5.55,2.07,2.12,1.48,3.59,0.348,2.69
17HR-293,320.0,322.0,0.044,0.37,65.5,7.9,102.0,44.0,7.72,5.65,2.01,3.93,1.17,3.43,0.341,2.67
17HR-293,322.0,324.0,0.153,0.82,31.3,7.5,110.0,77.5,8.01,7.13,2.17,1.86,1.56,3.18,0.335,3.37
17HR-293,324.0,326.0,0.036,0.35,8.9,7.6,87.0,56.5,7.28,5.59,1.79,3.26,1.99,2.85,0.328,3.0
17HR-293,326.0,328.0,0.033,0.26,3.9,6.1,103.0,66.6,7.81,7.01,2.26,1.15,2.03,2.64,0.325,3.67
17HR-293,328.0,330.0,0.131,1.15,9.7,9.5,87.0,81.7,7.49,7.2,2.25,1.75,1.26,2.85,0.307,4.05
17HR-293,330.0,332.0,0.029,0.23,14.7,6.7,106.0,75.7,7.81,5.55,1.92,3.33,1.94,2.83,0.347,1.76
17HR-293,332.0,334.0,0.045,0.42,19.4,9.1,106.0,151.5,8.17,5.69,1.85,3.07,2.28,2.98,0.355,2.31
17HR-293,334.0,336.0,0.016,0.19,30.3,5.9,105.0,19.5,7.8,5.2,2.01,3.29,2.49,2.53,0.34,1.3
17HR-293,336.0,338.0,0.022,0.17,19.9,5.4,114.0,38.0,7.97,5.92,2.17,2.46,1.64,3.04,0.35,1.08
17HR-293,338.0,340.0,1.845,1.27,14.5,14.3,119.0,78.7,8.36,7.88,2.7,1.98,0.99,3.45,0.326,4.08
17HR-293,340.0,342.0,0.024,0.32,27.1,9.5,106.0,27.4,8.42,6.21,2.16,1.85,1.93,3.35,0.351,2.21
17HR-293,342.0,344.0,0.057,0.44,27.1,9.9,114.0,28.8,8.19,6.85,2.23,2.34,1.35,3.52,0.35,1.71
17HR-293,344.0,346.0,0.295,1.31,10.3,11.9,121.0,93.5,7.93,11.6,2.64,1.37,0.43,2.44,0.31,5.21
17HR-293,346.0,348.0,0.023,0.28,23.7,8.4,119.0,38.1,8.39,6.67,2.11,2.46,1.66,3.32,0.358,1.43
17HR-293,346.0,348.0,0.024,0.28,26.3,7.3,117.0,32.3,8.39,6.31,2.1,2.33,1.61,3.42,0.355,1.25
17HR-293,348.0,350.0,0.149,1.09,24.4,12.3,98.0,81.9,7.77,6.91,2.22,3.77,0.95,3.06,0.305,3.17
17HR-293,350.0,352.0,0.035,0.2,18.4,7.3,110.0,56.6,8.45,5.5,1.99,3.57,1.64,3.13,0.365,0.83
17HR-293,352.0,354.0,0.158,0.39,24.4,8.8,109.0,38.7,7.64,6.63,2.12,3.09,1.26,3.17,0.343,2.01
17HR-293,354.0,356.0,0.02,0.28,32.8,8.0,119.0,35.8,8.57,7.13,2.53,1.6,1.06,3.45,0.355,1.62
17HR-293,356.0,358.0,0.06,0.6,17.7,9.7,124.0,65.6,7.91,8.46,2.94,1.72,1.2,3.01,0.33,3.61
17HR-293,358.0,360.0,0.03,0.19,4.2,6.1,115.0,69.9,7.63,7.49,3.94,4.35,1.18,2.29,0.301,2.02
17HR-293,360.0,362.0,0.062,0.29,5.1,6.3,109.0,50.1,7.39,7.89,3.78,4.74,1.4,2.19,0.289,2.78
17HR-293,362.0,364.0,0.039,0.24,10.5,7.1,120.0,64.0,8.48,7.09,2.63,2.26,1.32,3.19,0.35,1.64
17HR-293,364.0,366.0,0.084,0.99,20.8,14.6,94.0,74.9,7.31,8.34,2.05,0.99,1.17,2.95,0.301,4.22
17HR-293,366.0,368.0,0.037,0.64,104.0,10.0,100.0,63.8,7.8,7.76,2.12,1.24,1.12,3.38,0.316,3.48
17HR-293,368.0,370.0,0.038,0.73,16.0,7.2,105.0,49.0,7.74,7.04,2.22,1.94,2.04,2.53,0.33,2.25
17HR-293,370.0,372.0,0.039,0.57,25.1,8.9,107.0,37.7,7.49,6.97,2.58,2.7,1.98,2.38,0.325,2.3
17HR-293,372.0,374.0,0.027,0.22,12.1,5.4,113.0,31.7,8.16,7.23,2.48,1.39,2.33,2.24,0.34,1.4
17HR-293,374.0,376.0,0.037,0.31,11.6,6.3,110.0,44.9,8.13,6.66,2.53,1.59,1.59,3.15,0.343,1.88
17HR-293,376.0,378.0,0.015,0.28,81.2,6.1,120.0,21.6,7.86,6.93,2.27,1.25,2.6,2.07,0.339,0.95
17HR-293,378.0,380.0,0.006,0.09,5.2,3.4,111.0,16.1,8.74,5.9,2.29,1.14,3.05,2.27,0.374,0.63
17HR-293,380.0,382.0,0.049,0.34,11.1,7.3,121.0,47.9,8.09,9.4,2.4,1.22,1.86,2.13,0.327,3.25
17HR-293,382.0,384.0,0.02,0.13,3.0,5.6,118.0,29.6,8.18,8.2,2.38,1.18,2.89,1.68,0.337,1.79
17HR-293,384.0,386.0,0.013,0.15,3.1,5.4,111.0,19.3,8.64,7.44,2.37,1.2,3.1,1.74,0.353,1.94
17HR-293,386.0,388.0,0.012,0.12,3.6,4.8,113.0,15.9,7.89,6.72,2.38,1.31,2.97,1.6,0.337,1.15
17HR-293,388.0,390.0,0.016,0.09,3.5,3.4,114.0,17.9,7.87,7.27,2.22,1.34,2.92,1.28,0.32,1.12
17HR-293,390.0,392.0,0.009,0.06,4.3,2.6,110.0,11.1,8.27,6.37,2.05,1.89,3.14,1.63,0.344,0.79
17HR-293,392.0,394.0,0.023,0.2,87.0,6.0,97.0,27.9,7.38,6.38,1.7,2.82,3.03,1.62,0.314,2.1
17HR-293,394.0,396.0,,0.07,31.7,3.2,105.0,7.0,8.12,4.96,1.78,3.77,3.38,1.73,0.332,0.58
17HR-293,396.0,398.0,0.009,0.15,15.6,5.4,115.0,18.3,7.93,5.23,1.7,3.23,3.57,1.86,0.335,1.85
17HR-293,398.0,400.0,0.029,0.27,18.2,8.0,105.0,46.1,7.77,5.49,2.1,2.92,3.29,1.75,0.312,2.66
17HR-293,400.0,402.0,0.011,0.08,14.5,2.9,125.0,10.0,7.82,5.02,2.06,2.48,3.38,1.54,0.326,0.6
17HR-293,402.0,404.0,0.014,0.14,8.4,5.5,115.0,21.0,8.27,5.56,2.01,3.14,3.33,1.71,0.323,1.58
17HR-293,404.0,406.0,0.026,0.32,16.6,8.2,103.0,43.2,7.74,5.52,1.77,3.11,3.22,2.13,0.332,2.42
17HR-293,406.0,408.0,0.007,0.09,11.3,3.5,105.0,10.6,7.65,5.07,1.81,3.44,3.24,1.66,0.32,0.86
17HR-293,408.0,410.0,0.011,0.12,8.9,4.0,113.0,19.1,7.97,6.13,2.02,2.71,3.32,1.56,0.333,1.52
17HR-293,410.0,412.0,0.012,0.19,19.4,5.0,98.0,21.5,8.06,5.94,1.86,2.56,3.32,1.67,0.333,1.7
17HR-293,412.0,414.0,0.016,0.17,12.4,4.4,99.0,14.6,8.12,6.11,1.9,2.58,3.48,1.5,0.335,1.67
17HR-293,414.0,416.0,0.019,0.14,3.5,3.3,107.0,18.8,7.78,7.13,2.24,1.9,2.74,1.28,0.318,1.4
17HR-293,416.0,418.0,0.055,0.41,17.8,9.0,114.0,49.8,8.34,9.15,2.3,2.11,2.71,1.66,0.32,3.79
17HR-293,418.0,420.0,0.06,2.19,53.6,24.3,103.0,1205.0,8.28,5.53,1.85,3.1,2.92,1.98,0.39,1.55
17HR-293,420.0,422.0,0.062,0.9,21.3,34.7,82.0,817.0,8.34,4.44,1.09,2.61,0.13,3.95,0.29,2.84
17HR-293,422.0,424.0,0.071,1.83,11.8,8.9,60.0,1715.0,8.83,3.74,1.19,1.95,0.77,3.65,0.3,1.02
17HR-293,424.0,426.0,0.005,0.67,34.4,51.2,138.0,27.4,8.58,4.39,1.86,1.16,0.85,2.95,0.319,0.62
17HR-293,426.0,428.0,0.005,0.55,18.5,78.9,107.0,8.7,8.68,3.76,1.65,1.37,0.59,3.36,0.312,0.7
17HR-293,428.0,430.0,,0.07,5.4,9.7,67.0,5.6,7.94,4.46,0.89,3.11,1.84,3.27,0.303,0.06
17HR-293,430.0,432.0,,0.06,7.4,7.0,79.0,13.4,8.17,3.8,1.08,2.26,1.15,3.29,0.283,0.16
17HR-293,432.0,434.0,,0.13,15.1,21.9,94.0,27.7,8.07,4.23,1.43,2.62,0.37,3.24,0.296,0.47
17HR-293,434.0,436.0,,0.18,12.6,13.5,103.0,7.4,8.44,4.76,1.36,3.2,0.3,3.37,0.311,0.56
17HR-293,434.0,436.0,,0.19,14.1,13.3,97.0,6.9,8.52,4.58,1.3,3.16,0.32,3.41,0.318,0.56
17HR-293,436.0,438.0,,0.16,12.4,10.5,98.0,5.1,8.01,4.43,1.1,3.1,0.73,3.41,0.332,0.42
17HR-293,438.0,440.0,,0.12,11.8,9.6,88.0,4.1,7.22,4.1,1.02,3.92,0.87,2.84,0.289,0.31
17HR-293,440.0,442.0,,,5.8,5.4,73.0,2.5,7.44,4.57,0.8,3.63,2.01,2.58,0.301,0.01
17HR-293,442.0,444.0,,0.34,60.5,5.7,88.0,2.1,7.37,3.83,1.15,3.32,0.91,3.06,0.281,0.05
17HR-293,444.0,446.0,,,0.8,13.3,66.0,6.4,8.57,4.03,1.14,1.88,1.77,3.24,0.302,0.01
17HR-293,446.0,448.0,,0.01,0.8,11.1,75.0,13.3,8.22,3.93,1.26,2.2,1.98,2.77,0.304,0.08
17HR-293,448.0,450.0,,,1.4,12.1,72.0,8.0,7.61,4.18,1.12,2.43,1.9,2.61,0.28,0.02
17HR-293,450.0,452.0,,0.01,0.6,12.4,72.0,8.1,7.88,4.14,0.99,2.64,2.16,2.6,0.297,0.01
17HR-293,452.0,454.0,,,1.1,11.1,76.0,13.0,7.82,3.91,1.05,3.19,1.99,2.52,0.293,0.06
17HR-293,454.0,456.0,,,0.4,12.2,77.0,11.5,7.93,3.98,1.21,2.1,1.99,2.56,0.294,0.03
17HR-293,456.0,458.0,,0.01,0.6,12.2,79.0,10.1,7.93,4.12,1.25,2.39,1.85,2.58,0.29,0.02
17HR-293,458.0,460.0,0.005,0.03,0.8,11.4,79.0,17.6,8.17,4.29,1.31,2.62,2.07,2.6,0.312,0.23
17HR-293,460.0,462.0,,0.01,3.8,15.2,81.0,11.4,8.52,4.19,1.31,1.66,2.23,2.74,0.324,0.03
17HR-293,462.0,464.0,,,1.3,10.4,70.0,7.1,7.96,4.11,1.1,2.35,2.13,2.4,0.299,0.03
17HR-293,464.0,466.0,,0.01,3.0,10.7,73.0,6.2,7.76,4.07,1.1,2.25,2.15,2.43,0.287,0.03
17HR-293,466.0,468.0,,0.02,1.4,10.6,78.0,6.1,8.36,4.08,1.21,2.2,2.19,2.55,0.303,0.04
17HR-293,468.0,470.0,,,1.2,10.7,68.0,9.0,7.92,4.02,0.95,2.75,2.06,2.56,0.287,0.01
17HR-293,470.0,472.0,,0.01,1.7,11.1,67.0,11.1,7.75,4.03,0.82,2.95,1.99,2.79,0.297,0.01
17HR-293,472.0,474.0,,0.07,8.5,9.3,71.0,5.8,8.24,4.33,0.93,2.88,1.83,2.86,0.313,0.01
17HR-293,474.0,476.0,,0.81,150.0,9.9,94.0,1.7,8.27,3.71,1.41,2.7,1.99,2.3,0.322,0.33
17HR-293,476.0,478.0,,0.07,11.9,6.5,81.0,1.9,8.31,3.68,1.21,3.22,2.08,2.18,0.299,0.49
17HR-293,478.0,480.0,,0.48,17.2,17.4,81.0,3.7,7.95,4.08,1.18,3.85,2.02,2.22,0.299,1.74
17HR-293,480.0,482.0,0.022,0.19,22.1,14.5,82.0,2.3,8.3,4.58,1.31,3.01,1.78,2.28,0.3,1.08
17HR-293,482.0,484.0,,0.04,4.3,5.3,85.0,2.2,8.15,4.71,1.32,2.16,1.78,2.23,0.299,0.01
17HR-293,484.0,486.0,,0.07,3.7,9.7,72.0,3.0,8.8,4.6,1.11,2.05,1.89,2.76,0.314,0.01
17HR-293,486.0,488.0,,0.1,19.4,9.5,65.0,2.8,9.13,4.58,1.13,1.09,1.82,2.93,0.321,0.01
17HR-293,488.0,490.0,,0.19,147.5,8.2,81.0,3.5,8.93,4.37,1.19,1.71,1.44,2.94,0.334,0.13
17HR-293,490.0,492.0,,0.03,3.3,8.8,86.0,3.6,9.47,5.47,1.03,1.6,2.09,3.01,0.346,0.01
17HR-293,492.0,494.0,,0.09,46.1,23.4,102.0,2.4,8.46,5.37,1.38,1.36,0.96,2.63,0.295,0.35
17HR-293,494.0,496.0,,0.54,24.7,68.5,99.0,5.4,8.59,4.61,1.25,1.94,1.11,2.86,0.312,1.26
17HR-293,496.0,498.0,,0.18,14.4,30.3,103.0,3.1,8.19,4.27,1.37,2.19,1.1,2.71,0.3,0.6
17HR-293,498.0,500.45,,0.14,26.9,31.4,95.0,3.2,8.95,4.62,1.28,2.15,1.95,2.74,0.335,0.48
17HR-293,498.0,500.45,,0.13,22.5,28.1,93.0,2.7,8.87,4.54,1.24,1.94,1.93,2.76,0.338,0.44
17HR-294,1.85,3.0,,0.04,5.9,10.6,99.0,4.7,8.21,3.74,0.91,3.14,2.23,2.38,0.303,0.03
17HR-294,3.0,5.0,,0.03,3.0,9.9,90.0,6.1,8.46,3.24,0.76,3.24,2.04,2.41,0.273,0.03
17HR-294,5.0,7.0,,0.09,12.7,10.3,98.0,24.5,8.06,3.71,0.89,2.97,1.85,2.39,0.301,0.07
17HR-294,7.0,9.0,,0.14,27.4,15.3,134.0,60.1,9.08,7.25,1.97,4.82,2.47,1.6,0.478,0.36
17HR-294,9.0,11.0,0.005,0.12,28.3,10.3,123.0,15.3,8.53,6.76,2.48,3.1,2.6,1.52,0.472,0.02
17HR-294,11.0,13.0,,0.14,39.5,12.6,113.0,10.4,7.72,5.91,2.34,3.15,2.51,1.62,0.412,
17HR-294,13.0,15.0,,0.11,35.7,12.0,102.0,20.3,7.91,5.56,2.05,2.98,2.25,2.15,0.414,
17HR-294,15.0,17.0,,0.09,26.6,12.8,111.0,13.9,8.57,5.76,1.98,3.47,2.26,2.32,0.408,0.01
17HR-294,17.0,19.0,,0.05,16.2,13.0,96.0,17.4,8.19,5.15,1.82,2.76,2.49,2.25,0.382,
17HR-294,19.0,21.0,,0.06,20.2,12.8,102.0,16.2,7.92,5.67,2.0,4.19,2.26,2.18,0.411,
17HR-294,21.0,23.0,0.005,0.52,48.9,14.2,119.0,14.6,8.64,6.11,2.1,2.67,2.27,2.54,0.435,0.01
17HR-294,23.0,25.0,,0.24,40.3,10.1,105.0,18.1,8.11,5.07,2.28,5.33,2.11,1.75,0.377,0.01
17HR-294,25.0,27.0,,0.14,36.3,11.6,107.0,10.7,8.41,5.47,2.44,3.91,2.05,1.8,0.381,0.01
17HR-294,27.0,29.0,,0.15,35.5,11.7,90.0,68.0,7.69,4.53,2.0,4.51,1.5,1.82,0.341,0.01
17HR-294,29.0,31.0,,0.15,29.9,16.1,105.0,54.1,8.18,5.14,2.19,2.48,2.12,1.76,0.391,0.01
17HR-294,31.0,33.0,0.018,0.66,48.2,25.5,113.0,437.0,7.86,5.23,2.1,3.41,2.03,1.54,0.385,0.48
17HR-294,33.0,35.0,,0.22,39.2,14.4,105.0,321.0,8.47,5.92,2.45,2.69,2.91,1.2,0.433,0.19
17HR-294,35.0,37.0,,0.06,23.7,9.3,70.0,57.9,8.46,4.21,1.88,1.73,1.75,2.3,0.343,0.01
17HR-294,37.0,39.0,,0.06,24.9,10.9,58.0,11.9,7.66,3.69,1.58,3.09,1.6,2.19,0.302,0.02
17HR-294,39.0,41.0,0.005,0.06,37.7,9.6,67.0,20.4,7.77,4.91,1.8,2.84,2.01,2.0,0.38,
17HR-294,41.0,43.0,,0.06,31.1,8.0,75.0,16.5,7.61,4.5,1.77,2.29,1.93,1.99,0.347,
17HR-294,43.0,45.0,,0.06,35.0,7.6,79.0,61.4,7.87,4.7,2.03,2.57,2.32,1.4,0.364,0.09
17HR-294,45.0,47.0,0.006,0.11,57.9,17.9,90.0,184.0,8.46,4.98,2.19,2.22,2.65,1.53,0.422,0.24
17HR-294,47.0,49.0,,0.12,48.1,24.3,90.0,271.0,8.08,4.75,2.18,4.27,2.44,1.45,0.387,0.21
17HR-294,49.0,51.0,,0.09,38.4,12.4,80.0,113.5,7.67,5.12,1.71,5.08,2.23,1.17,0.37,0.07
17HR-294,49.0,51.0,,0.09,39.2,11.6,85.0,109.5,7.94,5.31,1.85,4.88,2.31,1.18,0.373,0.06
17HR-294,51.0,53.0,,0.07,39.6,12.1,121.0,55.0,8.03,5.12,2.01,5.21,2.32,1.44,0.375,0.03
17HR-294,53.0,55.0,,0.2,77.3,18.7,174.0,97.5,8.26,5.02,1.88,6.19,2.25,1.65,0.393,0.11
17HR-294,55.0,57.0,0.005,0.29,105.5,21.4,143.0,107.5,8.4,4.85,1.46,7.07,2.02,2.04,0.392,0.08
17HR-294,57.0,59.0,,0.09,48.9,15.5,255.0,51.8,8.14,5.32,1.53,6.81,1.87,1.92,0.379,0.03
17HR-294,59.0,61.0,,0.15,58.4,26.6,200.0,50.5,8.0,4.71,1.72,6.63,1.74,1.96,0.379,0.03
17HR-294,61.0,63.0,,0.07,31.9,17.0,108.0,35.8,8.09,4.5,2.13,7.4,2.19,1.63,0.373,0.04
17HR-294,63.0,65.0,,0.07,38.1,27.9,116.0,43.3,8.39,4.96,2.13,6.84,2.07,1.92,0.396,0.11
17HR-294,65.0,67.0,,0.08,32.9,10.8,119.0,55.0,8.16,4.79,1.81,7.76,1.85,2.1,0.392,0.16
17HR-294,67.0,69.0,,0.07,32.9,11.4,137.0,68.4,7.69,4.58,1.73,9.22,1.57,2.07,0.359,0.29
17HR-294,69.0,71.0,0.005,0.06,23.0,7.7,89.0,103.5,5.26,3.2,0.88,19.4,0.73,1.74,0.244,0.32
17HR-294,71.0,73.0,0.005,0.07,49.8,23.0,56.0,77.6,7.22,4.22,0.86,6.23,1.05,2.81,0.366,0.58
17HR-294,73.0,75.0,0.005,0.1,41.0,16.9,80.0,125.5,8.02,5.28,0.97,5.32,0.94,2.9,0.381,0.15
17HR-294,75.0,77.0,,0.06,35.4,12.1,61.0,69.8,7.56,4.73,0.89,8.33,0.88,2.84,0.363,0.11
17HR-294,77.0,79.0,0.005,0.3,30.0,42.6,69.0,147.0,7.36,4.91,0.94,10.15,0.74,2.73,0.345,0.57
17HR-294,79.0,81.0,,0.03,29.2,7.0,94.0,62.6,7.84,4.85,0.96,9.03,0.99,2.85,0.375,0.13
17HR-294,81.0,83.0,,0.2,26.9,14.4,62.0,69.1,7.68,5.49,0.99,8.86,0.99,2.8,0.352,0.33
17HR-294,83.0,85.0,,0.04,28.9,8.9,82.0,12.9,7.17,4.84,0.79,6.83,1.4,2.55,0.369,0.04
17HR-294,85.0,87.0,,0.07,33.0,13.2,113.0,32.0,8.52,5.31,1.67,5.25,2.31,1.94,0.417,0.01
17HR-294,87.0,89.0,,0.08,39.1,12.2,168.0,20.9,7.87,5.06,1.55,4.49,2.32,2.32,0.415,
17HR-294,89.0,91.0,,0.05,28.9,14.5,96.0,29.3,8.25,4.96,1.64,4.71,2.74,2.05,0.412,
17HR-294,91.0,93.0,0.005,0.32,43.5,13.2,107.0,27.9,8.28,5.35,2.06,4.46,2.38,2.13,0.415,0.01
17HR-294,93.0,95.0,,0.09,23.2,14.7,104.0,60.1,8.23,5.11,1.98,5.86,1.94,1.59,0.397,0.01
17HR-294,95.0,97.0,,0.1,25.8,14.7,152.0,37.1,8.44,5.19,1.62,5.31,2.03,2.04,0.415,
17HR-294,97.0,99.0,,0.07,27.6,9.8,116.0,20.0,7.81,5.03,1.42,4.69,2.26,2.35,0.395,
17HR-294,99.0,101.0,,0.07,34.6,13.8,137.0,39.7,8.3,5.37,1.6,5.84,1.74,1.8,0.412,
17HR-294,101.0,103.0,,0.05,32.9,10.7,99.0,60.4,7.63,4.89,1.42,4.4,1.98,2.44,0.398,0.03
17HR-294,103.0,105.0,,0.07,37.3,9.1,99.0,118.0,8.45,4.79,1.65,4.28,3.02,2.11,0.408,0.08
17HR-294,105.0,107.0,,0.02,19.8,5.7,35.0,16.9,3.61,2.59,0.78,23.2,0.99,0.7,0.167,
17HR-294,107.0,109.0,,0.05,25.4,8.6,58.0,45.2,6.05,3.76,1.25,15.7,0.86,1.38,0.278,
17HR-294,109.0,111.0,,0.08,19.3,10.9,94.0,73.2,7.82,4.86,1.84,4.62,1.89,2.02,0.388,0.01
17HR-294,111.0,113.0,0.005,0.08,17.8,15.4,104.0,63.6,7.77,4.69,1.65,5.25,1.61,2.5,0.39,0.1
17HR-294,113.0,115.0,,0.08,25.6,16.2,81.0,52.3,8.06,4.93,1.82,4.47,2.02,2.23,0.397,0.07
17HR-294,115.0,117.0,,0.05,21.5,9.3,72.0,73.2,7.68,4.81,1.99,7.14,1.76,2.09,0.387,0.31
17HR-294,117.0,119.0,,0.05,28.3,10.8,79.0,31.1,8.41,5.29,1.78,5.35,1.93,2.46,0.416,0.02
17HR-294,119.0,121.0,,0.15,41.3,10.2,79.0,22.8,7.9,5.22,1.64,4.85,2.13,2.56,0.398,
17HR-294,121.0,123.0,,0.11,30.6,11.8,81.0,40.6,8.07,5.16,2.04,4.98,2.53,2.01,0.413,
17HR-294,123.0,125.0,,0.08,28.4,7.2,80.0,20.9,7.46,4.95,1.58,4.59,2.85,1.76,0.389,0.03
17HR-294,125.0,127.0,0.005,0.07,21.6,5.9,73.0,20.9,7.19,4.74,1.28,4.31,2.77,2.06,0.355,
17HR-294,127.0,129.0,,0.09,30.4,10.2,75.0,37.1,7.9,5.02,1.74,5.7,2.35,1.7,0.372,
17HR-294,129.0,131.0,,0.06,13.2,7.4,75.0,12.9,7.26,4.96,1.41,4.47,2.53,2.35,0.355,
17HR-294,131.0,133.0,,0.08,16.5,6.6,73.0,12.2,7.57,5.16,1.17,5.0,3.14,2.13,0.365,
17HR-294,133.0,135.0,,0.08,23.1,9.4,76.0,22.8,7.68,4.89,1.89,4.44,2.77,2.06,0.367,0.06
17HR-294,135.0,137.0,,0.08,27.6,11.0,85.0,57.6,8.13,5.22,2.45,3.92,2.57,1.89,0.39,0.24
17HR-294,137.0,139.0,0.006,0.09,17.3,8.3,90.0,12.9,7.78,5.04,1.93,4.46,2.26,2.25,0.36,0.04
17HR-294,137.0,139.0,,0.1,18.8,8.2,92.0,11.5,7.43,4.93,1.88,4.48,2.26,2.2,0.357,0.03
17HR-294,139.0,141.0,,0.04,9.2,6.0,81.0,23.0,8.06,5.11,1.77,4.48,1.95,2.79,0.381,0.14
17HR-294,141.0,143.0,,0.09,15.5,10.2,69.0,38.5,8.03,4.92,1.47,5.76,1.25,2.51,0.392,0.49
17HR-294,143.0,145.0,,0.03,5.3,8.3,108.0,13.6,7.72,4.59,1.64,6.22,1.96,1.93,0.341,0.22
17HR-294,145.0,147.0,,0.07,13.8,10.9,70.0,24.2,7.7,4.48,1.51,7.8,0.87,2.23,0.338,
17HR-294,147.0,149.0,,0.04,6.1,12.6,157.0,13.2,7.64,5.04,1.89,4.18,2.27,2.06,0.394,
17HR-294,149.0,151.0,,0.05,11.4,13.8,128.0,8.3,7.51,4.69,1.7,6.32,1.3,2.45,0.356,
17HR-294,151.0,153.0,0.006,0.07,36.3,11.3,82.0,26.4,7.96,5.05,1.71,4.53,2.3,2.46,0.372,
17HR-294,153.0,155.0,,0.07,22.1,12.6,94.0,40.4,7.73,4.86,1.82,6.3,1.82,1.88,0.368,0.01
17HR-294,155.0,157.0,,0.06,15.7,9.5,78.0,23.6,7.79,4.86,1.96,3.96,2.18,2.32,0.359,
17HR-294,157.0,159.0,,0.06,24.7,12.4,75.0,30.1,7.73,4.81,1.81,4.6,2.03,2.55,0.361,
17HR-294,159.0,161.0,,0.06,17.9,13.9,128.0,19.7,7.93,4.99,2.04,6.34,1.84,2.06,0.376,
17HR-294,161.0,163.0,,0.06,23.2,11.5,84.0,56.4,8.1,5.15,1.75,4.53,2.53,2.24,0.387,0.01
17HR-294,163.0,165.0,0.005,0.1,42.8,12.8,85.0,39.2,7.62,5.0,1.67,4.76,2.19,2.59,0.374,
17HR-294,165.0,167.0,,0.11,48.2,14.1,148.0,19.1,8.2,5.42,1.42,3.43,2.33,2.79,0.382,0.01
17HR-294,167.0,169.0,,0.06,18.7,8.1,139.0,10.0,7.81,4.8,1.25,4.38,3.43,2.03,0.38,0.01
17HR-294,169.0,171.0,,0.05,20.0,11.2,137.0,10.6,8.02,5.15,1.6,5.49,3.35,1.71,0.375,0.01
17HR-294,171.0,173.0,,0.08,28.9,12.4,129.0,60.2,8.94,5.61,1.92,2.78,3.57,1.77,0.41,0.09
17HR-294,173.0,175.0,,0.09,31.3,13.6,94.0,51.9,8.19,4.74,1.59,6.59,3.15,1.58,0.365,0.02
17HR-294,175.0,177.0,,0.06,23.1,16.6,86.0,17.5,8.49,5.57,1.65,4.37,4.05,1.22,0.394,0.05
17HR-294,177.0,179.0,,0.06,13.6,11.6,100.0,13.4,9.0,5.7,1.67,3.9,4.02,1.54,0.412,
17HR-294,179.0,181.0,0.006,0.11,31.0,11.6,77.0,48.9,8.5,4.92,1.57,4.65,3.8,1.33,0.382,0.02
17HR-294,181.0,183.0,,0.1,26.8,9.3,78.0,46.7,8.95,5.26,1.78,3.5,3.53,1.77,0.402,0.14
17HR-294,183.0,185.0,,0.05,32.8,11.2,86.0,15.9,8.61,4.94,1.85,2.81,3.93,0.91,0.388,0.03
17HR-294,185.0,187.0,,0.08,24.7,9.0,80.0,14.3,7.73,4.12,1.64,4.19,2.62,1.57,0.312,0.1
17HR-294,187.0,189.0,,0.01,1.5,8.9,66.0,145.5,8.4,4.04,1.24,1.92,2.03,2.72,0.335,0.38
17HR-294,189.0,191.0,,0.04,18.1,10.8,82.0,129.0,8.34,4.45,1.58,1.67,2.59,2.06,0.372,0.5
17HR-294,191.0,193.0,,0.05,21.2,10.4,72.0,43.0,8.06,3.92,1.45,1.6,2.41,2.13,0.305,0.12
17HR-294,193.0,195.0,,0.04,11.6,10.6,79.0,24.3,8.25,4.77,1.64,2.16,2.51,2.13,0.362,0.02
17HR-295,3.0,5.0,0.044,0.99,8.4,4.2,18.0,13.1,8.27,5.11,1.17,1.4,2.2,2.37,0.256,4.83
17HR-295,5.0,7.0,0.054,0.71,54.9,3.9,18.0,13.1,8.03,5.29,1.31,2.19,1.64,2.79,0.3,5.04
17HR-295,7.0,9.0,0.042,0.27,16.7,2.9,17.0,11.4,8.52,4.75,1.59,1.97,1.83,2.82,0.3,4.41
17HR-296,2.57,4.0,0.009,0.33,15.7,12.1,108.0,20.4,7.64,5.28,1.38,3.85,1.63,2.4,0.305,2.6
17HR-296,4.0,6.0,0.011,0.36,13.0,12.3,87.0,12.1,7.85,5.02,1.4,4.18,1.5,2.62,0.308,2.7
17HR-296,6.0,8.0,0.251,3.08,106.0,521.0,404.0,44.9,7.49,7.45,1.7,2.85,1.21,2.43,0.289,3.89
17HR-296,14.0,16.0,0.134,0.82,11.6,14.0,95.0,63.1,7.75,7.69,1.83,1.5,1.32,2.03,0.215,4.33
17HR-296,16.0,18.0,0.204,0.83,16.4,11.3,74.0,19.7,8.17,5.84,1.51,1.29,1.33,2.64,0.222,3.85
17HR-296,22.0,24.0,0.199,1.18,9.4,12.8,60.0,22.7,7.96,5.73,1.44,1.93,1.64,2.56,0.22,4.22
17HR-296,22.0,24.0,0.166,1.08,8.9,11.1,58.0,21.8,7.58,5.57,1.41,2.02,1.62,2.46,0.21,4.09
17HR-296,24.0,26.0,0.015,0.88,14.5,15.5,48.0,19.2,8.04,5.16,1.27,3.47,2.07,2.99,0.281,4.93
17HR-296,26.0,28.0,0.029,0.51,27.0,49.1,162.0,10.5,7.64,4.89,1.42,3.28,2.14,2.53,0.31,3.02
17HR-296,28.0,30.0,0.03,0.28,7.1,12.5,106.0,7.0,7.95,4.97,1.14,2.2,2.47,2.59,0.321,3.33
17HR-296,30.0,32.0,0.053,0.27,6.2,11.8,98.0,7.3,7.63,5.15,1.53,3.35,2.11,2.5,0.324,3.27
17HR-296,32.0,34.0,0.133,0.32,6.3,14.6,73.0,7.6,6.72,6.14,1.3,3.63,1.72,2.5,0.318,5.06
17HR-296,34.0,36.0,0.485,0.37,11.6,14.4,74.0,24.3,7.11,6.98,1.95,2.37,1.14,2.75,0.288,5.64
17HR-296,36.0,38.0,0.022,0.29,22.6,15.2,54.0,11.6,7.06,5.2,1.73,3.88,1.71,2.97,0.334,4.82
17HR-296,38.0,40.0,0.013,0.31,15.8,13.6,55.0,11.4,7.02,4.87,1.44,3.87,2.36,2.56,0.34,4.41
17HR-296,40.0,42.0,0.01,0.41,19.5,11.0,57.0,15.5,7.71,5.19,1.39,3.45,2.28,2.9,0.361,4.71
17HR-296,42.0,44.0,0.005,0.19,19.2,9.9,53.0,10.9,6.91,4.61,1.36,4.33,2.82,2.28,0.31,4.16
17HR-296,44.0,46.0,0.096,2.08,13.2,20.7,62.0,26.7,7.55,5.77,1.53,2.71,1.43,3.21,0.322,5.32
17HR-296,46.0,48.0,0.075,0.63,16.6,15.0,82.0,34.6,7.06,8.37,1.86,1.1,1.64,2.01,0.287,6.04
17HR-296,52.0,54.0,0.007,0.22,12.1,18.1,82.0,12.7,7.85,5.69,2.1,1.59,2.26,2.41,0.354,3.82
17HR-296,54.0,56.0,0.005,0.14,13.0,14.5,78.0,9.2,7.42,4.73,1.74,1.52,1.79,2.54,0.31,2.43
17HR-296,56.0,58.0,,0.09,18.1,11.8,95.0,6.6,7.78,4.82,1.96,1.63,1.82,2.74,0.327,1.92
17HR-296,58.0,60.0,,0.15,15.3,14.5,86.0,9.2,7.96,4.67,1.84,1.62,1.76,2.85,0.313,2.34
17HR-296,60.0,62.0,0.007,0.15,10.7,12.1,82.0,6.9,7.71,4.68,1.66,1.24,1.99,2.88,0.312,2.92
17HR-296,62.0,64.0,,0.12,17.1,12.9,84.0,7.7,7.67,4.7,1.67,1.63,2.14,2.79,0.317,2.8
17HR-296,64.0,66.0,0.012,0.52,22.5,15.9,91.0,11.5,7.51,4.59,1.62,2.05,1.85,2.93,0.303,3.03
17HR-296,66.0,68.0,0.024,0.18,6.3,12.8,82.0,9.5,7.13,4.93,2.23,3.0,1.44,2.67,0.276,2.95
17HR-296,68.0,70.0,0.028,0.25,7.4,12.2,86.0,10.4,7.41,4.71,1.98,1.56,1.64,2.72,0.286,2.89
17HR-296,70.0,72.0,0.058,0.64,12.6,22.5,55.0,11.8,6.74,4.34,1.67,3.84,1.58,2.88,0.282,3.76
17HR-296,72.0,74.0,,0.18,19.4,9.8,63.0,6.6,6.77,4.34,1.29,3.54,2.03,2.7,0.294,3.63
17HR-296,74.0,76.0,,0.23,14.7,12.1,67.0,8.6,7.42,4.53,1.5,2.72,2.13,2.86,0.295,3.82
17HR-296,76.0,78.0,0.005,0.19,17.5,9.6,51.0,8.5,6.98,4.46,1.32,2.83,2.03,2.81,0.288,4.02
17HR-296,78.0,80.0,0.014,0.23,7.0,13.1,63.0,9.5,7.43,4.53,1.71,2.06,2.14,2.78,0.299,3.94
17HR-296,80.0,82.0,0.021,0.2,6.0,13.1,56.0,11.2,7.1,4.51,1.78,2.35,1.95,2.64,0.279,3.75
17HR-296,82.0,84.0,0.02,0.26,9.2,11.7,55.0,9.2,6.92,4.32,1.8,2.87,1.78,2.75,0.279,3.3
17HR-296,84.0,86.0,0.016,0.19,6.5,8.9,77.0,7.2,7.23,4.55,1.89,2.29,2.24,2.52,0.284,2.87
17HR-296,86.0,88.0,0.023,0.23,9.9,16.1,84.0,11.3,7.33,4.84,2.02,2.51,2.37,2.66,0.303,3.22
17HR-296,88.0,90.0,0.012,0.13,10.1,9.4,81.0,11.3,7.34,4.47,1.68,2.36,2.18,2.58,0.29,2.68
17HR-296,90.0,92.0,0.013,0.11,9.2,9.3,80.0,10.3,6.86,4.21,1.58,3.46,2.12,2.52,0.27,2.2
17HR-296,92.0,94.0,0.013,0.12,5.0,8.9,76.0,17.8,7.56,4.57,1.77,2.44,2.09,3.03,0.296,2.77
17HR-296,94.0,96.0,0.131,1.17,209.0,18.1,127.0,33.3,7.32,4.74,1.69,2.91,1.77,3.0,0.291,2.91
17HR-296,96.0,98.0,0.046,0.19,10.5,9.5,85.0,17.8,7.59,4.71,1.75,3.06,2.38,2.86,0.311,2.79
17HR-296,98.0,100.0,0.015,0.25,16.6,10.2,94.0,12.1,7.43,4.99,1.74,3.49,2.35,2.65,0.29,3.07
17HR-296,100.0,102.0,0.026,0.21,12.4,9.7,80.0,12.5,7.46,4.61,1.47,2.99,2.33,2.74,0.291,2.97
17HR-296,102.0,104.0,0.007,0.11,15.2,15.1,96.0,14.1,7.89,4.92,2.16,2.27,2.0,3.25,0.322,2.79
17HR-296,104.0,106.0,0.07,0.67,41.8,33.8,78.0,26.9,6.48,4.07,3.32,6.27,0.37,3.16,0.245,2.76
17HR-296,106.0,108.0,0.017,0.28,33.4,9.9,78.0,13.1,7.58,5.11,2.64,3.38,1.33,3.13,0.294,3.01
17HR-296,108.0,110.0,0.052,0.4,31.1,27.9,89.0,24.5,6.75,5.54,3.11,5.36,1.15,2.6,0.262,3.53
17HR-296,110.0,112.0,0.03,0.25,11.9,15.6,57.0,21.4,7.96,4.82,1.52,2.4,1.27,3.53,0.301,3.79
17HR-296,110.0,112.0,0.028,0.27,14.2,15.4,54.0,22.9,7.86,4.87,1.64,2.77,1.22,3.61,0.305,3.88
17HR-296,112.0,114.0,0.18,2.03,43.5,16.3,76.0,53.5,7.52,7.36,1.55,1.07,0.12,3.38,0.276,5.39
17HR-296,114.0,116.0,0.115,1.94,19.9,9.2,99.0,28.9,7.02,8.29,2.46,1.4,0.75,2.21,0.246,4.23
17HR-296,116.0,118.0,0.036,0.51,13.6,6.6,112.0,36.5,7.58,8.44,2.3,0.74,2.04,1.49,0.233,2.78
17HR-296,118.0,120.0,0.074,0.17,3.7,5.2,90.0,35.0,7.69,6.51,2.1,1.47,2.18,2.02,0.255,2.9
17HR-296,120.0,122.0,0.027,0.1,2.7,4.7,106.0,28.6,7.83,7.0,2.32,1.53,2.43,1.66,0.277,2.55
17HR-296,122.0,124.0,0.007,0.15,3.4,7.6,74.0,20.2,7.43,5.15,1.75,2.87,2.21,2.74,0.292,2.7
17HR-296,124.0,126.0,0.01,0.13,3.1,5.8,72.0,13.4,7.76,4.83,1.64,1.66,2.17,2.89,0.298,2.43
17HR-296,126.0,128.0,0.008,0.17,4.0,5.6,82.0,26.2,7.65,5.72,1.83,1.64,2.06,2.64,0.288,2.83
17HR-296,128.0,130.0,0.018,0.21,11.0,6.3,110.0,44.8,7.53,7.63,2.13,1.02,2.15,1.72,0.263,3.04
17HR-296,130.0,132.0,0.006,0.11,5.0,4.3,107.0,17.3,7.68,6.48,2.11,1.13,2.62,1.9,0.288,2.28
17HR-296,132.0,134.0,0.005,0.13,4.0,4.1,87.0,7.8,7.54,4.53,2.01,1.7,2.44,2.34,0.306,1.37
17HR-296,134.0,136.0,0.005,0.86,30.1,8.5,128.0,9.5,7.86,4.71,2.25,1.61,2.48,2.12,0.313,0.58
17HR-296,136.0,138.0,,0.14,7.0,3.4,100.0,5.0,7.69,4.52,2.12,1.49,2.54,2.02,0.309,0.44
17HR-296,138.0,140.0,0.005,0.18,5.0,3.7,90.0,7.1,7.31,4.43,2.0,1.8,2.82,1.86,0.286,0.86
17HR-296,140.0,142.0,,0.09,11.3,2.5,98.0,3.5,7.51,4.42,2.1,1.8,2.45,2.36,0.302,0.25
17HR-296,142.0,144.0,,0.09,43.7,3.4,97.0,4.2,7.37,4.57,2.12,2.02,2.2,2.17,0.283,0.52
17HR-296,144.0,146.0,0.006,0.11,19.5,4.8,81.0,8.7,7.71,4.66,2.16,2.15,2.12,2.48,0.297,1.69
17HR-296,146.0,148.0,,0.08,3.5,4.5,108.0,2.9,7.71,4.91,1.98,1.68,2.29,2.3,0.326,0.5
17HR-296,148.0,150.0,,0.12,11.7,5.3,117.0,7.9,8.01,5.62,2.87,2.36,2.02,2.59,0.338,1.59
17HR-296,150.0,152.0,0.01,0.3,66.0,9.6,84.0,23.8,7.94,5.22,1.89,1.94,1.94,2.75,0.319,2.33
17HR-296,152.0,154.0,0.006,0.18,17.7,8.3,112.0,24.9,8.04,5.13,2.25,2.74,2.14,2.34,0.396,0.72
17HR-296,154.0,156.0,0.008,0.17,12.8,7.9,117.0,27.7,7.52,5.07,2.4,3.6,1.78,2.52,0.358,1.08
17HR-296,156.0,158.0,0.008,0.16,10.4,6.3,127.0,12.0,7.84,5.12,2.05,2.42,2.37,2.34,0.337,1.74
17HR-296,158.0,160.0,0.009,0.17,14.9,9.0,86.0,9.7,7.33,4.86,1.87,2.75,1.99,2.47,0.3,2.95
17HR-296,160.0,162.0,,0.1,3.3,11.1,161.0,4.2,8.39,5.61,2.67,2.47,2.53,2.19,0.34,0.66
17HR-296,162.0,164.0,0.012,0.13,21.3,21.8,118.0,13.9,7.79,5.4,2.02,2.41,2.21,2.76,0.335,2.6
17HR-296,164.0,166.0,0.028,0.35,23.7,32.4,70.0,27.8,7.31,5.14,2.01,2.99,2.29,2.62,0.31,4.0
17HR-296,166.0,168.0,0.113,0.24,12.6,36.8,89.0,25.6,8.17,5.49,1.9,2.1,2.77,2.77,0.339,3.86
17HR-296,168.0,170.0,0.011,0.15,6.1,17.9,72.0,21.0,7.93,5.72,2.28,2.79,2.49,2.87,0.33,3.99
17HR-296,170.0,172.0,0.014,0.17,13.3,12.0,87.0,22.4,7.71,5.26,2.4,2.48,2.19,2.75,0.314,2.89
17HR-296,172.0,174.0,0.012,0.14,5.3,8.0,91.0,22.3,7.36,5.15,2.3,2.74,2.34,2.74,0.298,3.03
17HR-296,174.0,176.0,0.076,2.5,8.7,13.2,139.0,26.9,7.96,6.72,2.49,2.02,2.38,2.62,0.28,3.41
17HR-296,176.0,178.0,0.023,0.98,4.9,11.0,88.0,43.2,7.98,5.68,2.57,3.75,1.4,3.31,0.298,3.4
17HR-296,180.0,182.0,0.009,0.1,16.5,9.3,103.0,13.6,7.54,5.06,2.19,3.94,2.06,1.92,0.489,0.26
17HR-296,182.0,184.0,0.106,0.13,15.5,4.8,104.0,9.3,7.13,4.91,2.3,2.94,1.29,3.03,0.329,0.54
17HR-296,184.0,186.0,0.008,0.26,88.0,6.8,124.0,17.0,7.84,5.25,2.46,2.59,1.23,3.03,0.328,1.21
17HR-296,186.0,188.0,0.053,0.75,50.0,9.1,79.0,16.9,7.84,4.68,1.8,2.54,1.08,3.32,0.343,1.62
17HR-296,188.0,190.0,0.076,1.07,12.3,17.6,61.0,23.5,7.87,4.58,1.54,3.07,1.25,2.58,0.41,2.13
17HR-296,190.0,192.0,0.103,2.17,10.7,11.8,38.0,30.1,8.48,4.27,0.95,1.43,0.27,3.93,0.281,3.62
17HR-296,192.0,194.0,0.008,0.1,21.5,4.1,120.0,7.1,7.81,4.89,2.43,2.99,1.22,3.1,0.344,0.22
17HR-296,194.0,196.0,0.005,0.11,43.1,4.5,109.0,4.6,7.43,4.97,2.36,2.67,1.53,2.73,0.332,0.38
17HR-296,196.0,198.0,,0.15,105.0,3.3,110.0,3.6,7.95,5.15,2.37,3.3,1.97,2.43,0.351,0.08
17HR-296,198.0,200.0,0.005,0.08,27.7,5.7,94.0,5.0,7.35,4.77,1.92,2.92,1.92,2.32,0.312,0.99
17HR-296,198.0,200.0,,0.07,27.5,5.7,101.0,5.4,7.76,5.08,2.05,2.67,2.06,2.43,0.327,0.98
17HR-296,200.0,202.0,0.006,0.09,37.1,7.2,110.0,5.8,7.77,5.44,2.56,2.55,1.63,2.49,0.331,1.46
17HR-296,202.0,204.0,,0.08,12.7,6.6,111.0,6.2,7.98,5.23,2.25,3.46,1.92,2.48,0.341,0.83
17HR-296,402.0,404.0,0.03,0.76,8.0,2.9,10.0,14.6,7.17,4.29,1.22,1.76,0.99,2.99,0.206,4.41
17HR-296,404.0,406.0,0.029,0.54,6.2,4.5,9.0,20.4,6.75,3.33,1.08,1.76,1.34,2.6,0.178,3.37
17HR-296,406.0,408.0,0.041,0.91,10.5,3.6,14.0,13.2,7.37,3.72,0.89,0.84,1.52,2.74,0.176,3.71
17HR-296,408.0,410.0,0.037,0.5,94.5,3.0,32.0,18.4,7.63,5.13,1.91,1.28,1.55,2.46,0.236,4.64
17HR-296,410.0,412.0,0.018,0.85,10.5,3.8,23.0,14.5,7.59,4.82,1.92,1.48,1.23,2.74,0.264,4.81
17HR-296,412.0,413.21,0.022,0.78,5.5,3.5,25.0,12.6,7.27,4.94,1.58,1.26,1.56,2.38,0.225,4.74
17HR-297,3.0,5.0,0.902,1.24,62.9,8.4,27.0,10.8,8.18,5.68,0.97,1.47,0.82,3.41,0.137,5.19
17HR-297,3.0,5.0,0.853,1.44,66.8,9.2,27.0,12.4,8.31,5.51,1.0,1.59,0.86,3.45,0.14,5.11
17HR-297,11.0,13.0,0.081,0.67,18.1,59.0,71.0,7.0,5.17,3.42,1.25,12.65,0.05,2.45,0.114,2.84
17HR-297,13.0,15.0,0.114,1.21,22.6,91.9,102.0,10.9,8.0,4.44,1.15,2.4,0.14,3.7,0.158,4.09
17HR-297,15.0,17.0,0.12,0.41,20.7,8.4,16.0,6.7,8.43,4.51,0.99,1.78,0.64,3.71,0.151,4.19
17HR-297,17.0,19.0,0.67,0.82,657.0,20.1,17.0,18.4,7.27,5.2,1.24,2.74,0.76,3.05,0.126,4.75
17HR-297,19.0,21.0,0.087,0.18,111.0,3.5,18.0,7.6,7.89,3.68,1.08,2.01,1.1,3.24,0.149,3.16
17HR-297,21.0,23.0,0.09,0.12,138.0,5.4,19.0,5.3,8.23,3.79,1.01,1.89,1.64,3.05,0.195,3.45
17HR-297,23.0,25.0,0.11,0.09,204.0,6.5,20.0,6.9,8.07,3.59,0.9,1.62,1.87,2.84,0.203,3.25
17HR-297,25.0,27.0,0.12,0.11,249.0,4.0,18.0,5.0,7.71,3.69,1.07,2.08,1.47,2.9,0.139,3.36
17HR-297,27.0,29.0,0.082,0.96,132.0,9.1,35.0,12.6,7.71,4.22,1.2,2.22,1.15,3.12,0.123,3.97
17HR-297,29.0,31.0,0.12,0.35,180.0,8.3,23.0,8.0,7.81,3.55,0.9,1.62,1.67,2.86,0.152,3.34
17HR-297,31.0,33.0,0.116,0.21,172.0,7.6,17.0,6.5,7.6,4.28,0.95,1.79,1.72,2.77,0.143,4.21
17HR-297,33.0,35.0,0.044,0.09,43.0,7.0,15.0,5.8,7.66,4.6,1.12,1.96,1.56,2.86,0.089,4.59
17HR-297,35.0,37.0,0.065,0.06,67.3,5.3,19.0,7.0,7.88,4.1,1.07,1.88,1.41,3.05,0.109,3.92
17HR-297,37.0,39.0,0.034,0.07,54.1,6.0,21.0,7.9,8.04,4.37,1.02,1.7,1.54,3.04,0.111,4.32
17HR-297,39.0,41.0,0.092,0.09,125.5,6.1,19.0,7.2,8.19,4.41,1.16,2.07,1.87,2.94,0.149,4.35
17HR-297,41.0,43.0,0.045,0.12,26.8,5.3,11.0,7.8,7.8,4.49,0.94,1.49,1.32,3.07,0.111,4.7
17HR-297,43.0,45.0,0.05,0.14,81.0,2.6,13.0,8.3,8.32,4.08,1.21,1.65,1.52,3.08,0.107,3.88
17HR-297,45.0,47.0,0.049,0.3,52.4,5.6,14.0,10.3,7.56,6.24,1.45,1.53,0.89,3.04,0.078,5.94
17HR-297,47.0,49.0,0.078,0.23,33.5,3.4,15.0,5.3,8.22,4.91,1.46,1.03,1.19,3.15,0.084,4.74
17HR-297,49.0,51.0,0.04,0.4,21.0,5.4,14.0,5.2,7.82,4.23,0.97,0.78,0.92,3.24,0.087,4.29
17HR-297,51.0,53.0,0.039,0.4,18.1,7.1,23.0,5.8,8.17,3.62,1.36,0.86,1.69,3.05,0.114,3.41
17HR-297,53.0,55.0,0.076,0.43,127.0,31.4,40.0,6.6,7.81,4.5,1.57,1.43,1.05,3.11,0.118,4.4
17HR-297,57.0,59.0,0.095,0.35,126.5,2.4,8.0,8.7,7.84,4.49,1.18,1.8,0.9,3.28,0.14,4.48
17HR-297,59.0,61.0,0.078,0.21,148.5,2.2,9.0,3.7,7.89,3.99,1.25,1.84,1.33,3.06,0.144,3.99
17HR-297,61.0,63.0,0.107,0.21,125.5,4.2,13.0,7.4,7.89,4.7,1.33,1.04,1.69,2.73,0.139,4.68
17HR-297,63.0,65.0,0.1,0.19,118.5,4.6,12.0,7.3,7.81,4.87,1.19,0.87,1.63,2.77,0.132,5.09
17HR-297,65.0,67.0,0.067,0.1,110.5,3.7,18.0,1.7,8.19,4.27,1.49,0.82,2.11,2.6,0.14,4.16
17HR-297,67.0,69.0,0.037,0.09,42.2,3.7,10.0,2.3,7.72,4.97,1.28,1.01,1.48,2.8,0.095,5.09
17HR-297,69.0,71.0,0.032,0.11,29.0,2.7,10.0,2.4,7.93,4.63,1.29,0.76,1.27,3.01,0.093,4.68
17HR-297,71.0,73.0,0.046,0.13,51.8,2.3,15.0,4.5,7.54,4.89,1.5,1.09,1.65,2.56,0.102,4.41
17HR-297,73.0,75.0,0.054,0.24,44.2,1.8,12.0,2.4,8.07,3.62,1.5,1.12,1.88,2.82,0.138,3.36
17HR-297,75.0,77.0,0.054,0.2,45.1,1.8,10.0,3.4,7.98,3.66,1.51,1.54,1.57,2.83,0.162,3.06
17HR-297,79.0,81.0,0.06,0.33,24.0,4.6,18.0,11.2,7.41,5.51,1.63,1.85,0.42,3.32,0.146,5.28
17HR-297,83.0,85.0,0.031,0.07,14.8,2.3,14.0,1.9,8.15,4.02,1.5,1.38,1.47,2.93,0.173,3.64
17HR-297,85.0,87.0,0.029,0.09,13.9,3.3,12.0,2.6,8.47,3.74,1.41,0.99,1.63,3.03,0.171,3.54
17HR-297,87.0,89.0,0.012,0.11,6.4,4.6,17.0,2.1,8.01,4.48,1.52,1.42,1.86,2.59,0.148,4.29
17HR-297,89.0,91.0,0.015,0.07,10.4,5.7,19.0,1.3,7.5,3.68,1.4,1.37,1.74,2.58,0.18,3.32
17HR-297,95.0,97.0,0.041,0.29,27.9,3.0,10.0,2.8,7.14,5.02,1.32,1.43,1.26,2.74,0.102,4.91
17HR-297,97.0,99.0,0.07,0.14,80.6,3.0,15.0,2.0,7.31,5.31,1.38,1.33,1.19,2.78,0.107,4.88
17HR-297,103.0,105.0,0.431,8.26,184.5,8.3,13.0,2.2,7.74,4.71,1.41,1.29,0.88,3.31,0.111,4.86
17HR-297,105.0,107.0,0.044,0.17,41.6,7.4,17.0,2.5,7.94,4.58,1.41,0.82,1.3,3.26,0.147,4.61
17HR-297,107.0,109.0,0.071,0.1,179.0,5.9,26.0,2.3,7.68,5.19,2.13,1.37,1.75,2.77,0.277,3.98
17HR-297,109.0,111.0,0.061,0.12,171.0,4.3,23.0,2.4,7.86,5.12,1.68,1.37,1.76,2.8,0.227,3.84
17HR-297,111.0,113.0,0.054,0.26,37.8,4.3,17.0,3.5,6.8,5.98,1.51,1.22,1.57,2.29,0.138,5.02
17HR-297,115.0,117.0,0.062,0.3,235.0,4.0,25.0,4.0,7.93,5.98,2.4,1.57,0.2,3.49,0.201,5.41
17HR-297,119.0,121.0,0.033,0.19,17.8,2.6,17.0,2.6,7.87,5.85,1.69,1.46,0.64,3.39,0.142,5.14
17HR-297,121.0,123.0,0.04,0.1,25.9,2.5,17.0,2.6,7.4,7.39,2.18,1.07,1.07,2.52,0.148,6.13
17HR-297,123.0,125.0,0.036,0.12,65.8,2.6,16.0,3.3,7.53,5.97,2.17,1.0,1.24,2.64,0.159,5.0
17HR-297,125.0,127.0,0.063,0.27,38.6,2.4,20.0,3.0,7.72,6.25,1.8,1.02,1.64,2.61,0.184,5.08
17HR-297,127.0,129.0,0.052,0.18,23.5,2.7,18.0,2.6,7.3,6.1,1.86,0.98,1.36,2.51,0.166,5.14
17HR-297,129.0,131.0,0.046,0.13,64.9,3.1,15.0,2.7,7.84,5.4,1.51,0.86,1.98,2.51,0.172,4.76
17HR-297,131.0,133.0,0.07,0.16,60.7,2.6,8.0,1.6,7.78,4.46,1.0,0.87,2.24,2.54,0.114,4.47
17HR-297,133.0,135.0,0.109,0.15,64.6,5.1,8.0,1.6,7.57,5.41,1.24,1.24,1.25,2.92,0.117,5.59
17HR-297,135.0,137.0,0.069,0.07,130.0,4.6,13.0,2.3,7.7,4.6,1.43,0.95,2.0,2.57,0.141,4.3
17HR-297,137.0,139.0,0.046,0.04,50.8,4.1,17.0,3.7,7.99,4.97,1.94,0.88,1.75,2.69,0.189,4.31
17HR-297,139.0,141.0,0.065,0.08,82.1,2.7,10.0,2.1,8.56,4.74,1.3,1.21,1.92,3.04,0.17,4.53
17HR-297,141.0,143.0,0.054,0.3,70.3,2.9,14.0,3.6,7.97,6.09,1.44,1.13,1.2,3.0,0.161,5.6
17HR-297,143.0,145.0,0.042,0.15,268.0,2.2,21.0,2.2,7.87,6.3,2.15,1.02,1.51,2.58,0.192,4.91
17HR-297,145.0,147.0,0.04,0.15,36.7,2.3,13.0,2.1,7.84,5.62,1.68,0.9,1.3,2.9,0.126,4.79
17HR-297,147.0,149.0,0.061,0.27,57.4,4.0,15.0,4.3,7.47,7.35,1.47,1.23,1.66,2.47,0.112,6.93
17HR-297,149.0,151.0,0.039,0.13,50.2,3.1,11.0,1.8,7.92,5.86,1.22,0.99,2.31,2.44,0.099,5.79
17HR-297,151.0,153.0,0.05,0.13,79.2,2.4,14.0,1.2,7.91,5.34,1.41,1.02,2.51,2.27,0.181,5.16
17HR-297,153.0,155.0,0.052,0.25,64.6,2.5,16.0,3.8,8.47,5.91,1.79,1.13,1.91,2.85,0.206,5.69
17HR-297,155.0,157.0,0.039,0.29,48.0,3.4,21.0,5.3,7.59,6.06,1.76,1.2,1.22,2.81,0.168,5.51
17HR-297,157.0,159.0,0.086,0.18,74.7,4.5,32.0,3.7,7.88,5.92,2.03,1.08,1.63,2.55,0.192,4.89
17HR-297,159.0,161.0,0.042,0.08,111.5,4.0,17.0,1.6,7.97,4.34,1.34,0.82,2.55,2.35,0.166,3.66
17HR-297,161.0,163.0,0.055,0.11,84.7,5.2,19.0,1.5,8.34,4.8,1.68,0.6,1.99,2.81,0.17,4.48
17HR-297,163.0,165.0,0.044,0.09,90.7,9.6,36.0,1.1,7.89,4.37,2.42,0.62,1.42,2.79,0.236,3.3
17HR-297,165.0,167.0,0.041,0.17,79.6,4.7,21.0,2.5,8.16,4.99,1.76,0.95,1.82,2.71,0.172,4.0
17HR-297,167.0,169.0,0.178,0.47,49.9,6.2,18.0,4.5,8.21,6.11,1.68,1.19,0.94,3.3,0.164,5.27
17HR-297,173.0,175.0,0.049,0.19,25.4,4.6,19.0,1.6,8.07,5.78,1.64,1.11,1.77,2.67,0.161,4.9
17HR-297,175.0,177.0,0.025,0.07,22.4,6.8,14.0,1.0,7.97,6.94,1.46,0.79,2.14,2.58,0.135,7.28
17HR-297,177.0,179.0,0.053,0.06,45.4,6.1,16.0,1.4,8.38,6.04,1.53,0.92,2.31,2.74,0.152,6.1
17HR-297,179.0,181.0,0.074,0.07,81.2,2.4,18.0,1.2,8.05,4.6,1.79,0.74,2.34,2.27,0.193,3.87
17HR-297,179.0,181.0,0.085,0.07,99.9,2.4,19.0,0.6,8.1,4.46,1.89,0.72,2.32,2.32,0.199,3.65
17HR-297,181.0,183.0,0.063,0.2,19.9,5.3,16.0,4.3,7.39,9.49,1.35,1.14,2.68,1.66,0.125,8.88
17HR-297,183.0,185.0,0.069,0.07,98.7,4.8,17.0,0.9,8.34,3.44,1.41,1.06,2.95,2.48,0.177,2.85
17HR-297,185.0,187.0,0.081,0.08,118.5,5.0,15.0,1.4,8.5,4.61,1.35,0.81,2.6,2.6,0.141,4.26
17HR-297,187.0,189.0,0.059,0.06,115.5,5.9,21.0,0.9,8.76,4.7,1.55,0.92,2.76,2.57,0.196,3.65
17HR-297,189.0,191.0,0.073,0.1,124.5,7.7,23.0,1.9,8.74,5.37,1.65,0.84,2.05,3.06,0.226,4.48
17HR-297,197.0,199.0,0.034,0.05,57.3,5.8,19.0,1.2,8.19,4.56,1.63,1.04,1.86,2.87,0.173,3.95
17HR-297,199.0,201.0,0.042,0.05,58.2,7.4,24.0,1.4,8.27,4.31,1.6,1.22,2.08,2.93,0.217,3.54
17HR-297,201.0,203.0,0.06,0.07,138.0,8.8,24.0,1.8,7.68,4.53,1.88,1.19,2.18,2.55,0.251,3.42
17HR-297,203.0,205.0,0.084,0.05,119.5,9.4,22.0,1.5,7.77,4.89,1.76,1.33,2.51,2.5,0.229,4.13
17HR-297,205.0,207.0,0.068,0.09,193.5,8.2,26.0,1.3,8.46,4.75,1.94,1.55,2.49,2.67,0.272,3.11
17HR-297,207.0,209.0,0.088,0.14,223.0,8.2,28.0,2.6,8.22,5.28,2.01,1.57,2.25,2.58,0.274,3.84
17HR-297,209.0,211.0,0.047,0.07,108.0,5.7,23.0,1.6,8.34,5.34,1.77,1.58,2.64,2.27,0.247,3.7
17HR-297,211.0,213.0,0.038,0.14,99.9,4.2,30.0,3.5,7.96,4.54,1.67,1.99,2.32,2.36,0.254,2.73
17HR-297,213.0,215.0,0.048,0.09,138.0,3.8,22.0,1.2,8.39,5.25,2.16,1.0,1.7,2.85,0.242,3.94
17HR-297,215.0,217.0,0.044,0.24,46.9,2.9,23.0,2.7,7.98,5.68,1.78,1.06,1.12,3.03,0.205,4.62
17HR-297,217.0,219.0,0.133,0.25,25.2,3.1,22.0,11.2,7.88,6.09,1.75,1.29,2.01,2.2,0.261,3.84
17HR-297,219.0,221.0,0.033,0.14,56.0,3.3,20.0,5.1,8.08,5.49,1.78,1.08,2.2,2.31,0.239,3.63
17HR-297,221.0,223.0,0.083,0.07,127.0,11.2,28.0,3.2,7.96,4.49,1.59,0.71,2.11,3.0,0.231,3.74
17HR-297,223.0,225.0,0.063,0.07,109.0,10.9,32.0,2.3,8.0,3.85,1.49,1.27,2.35,2.88,0.244,3.12
17HR-297,225.0,227.0,0.073,0.09,115.0,11.8,30.0,1.2,7.62,3.74,1.37,0.87,2.23,2.81,0.219,3.11
17HR-297,227.0,229.0,0.062,0.09,74.9,7.9,15.0,1.5,7.6,4.4,1.1,0.93,1.45,2.99,0.132,4.36
17HR-297,229.0,231.0,0.072,0.15,110.5,6.7,20.0,2.3,7.97,4.27,1.28,1.27,1.63,2.98,0.155,3.74
17HR-297,231.0,233.0,0.201,0.19,95.3,8.3,27.0,4.7,7.97,5.58,1.77,1.3,1.77,2.66,0.22,4.41
17HR-297,233.0,235.0,0.073,0.13,130.0,4.9,26.0,2.7,8.19,5.78,2.22,1.43,1.68,2.71,0.258,4.53
17HR-297,235.0,237.0,0.055,0.14,116.5,4.1,23.0,2.8,8.22,4.95,1.93,1.1,2.12,2.48,0.261,3.71
17HR-297,237.0,239.0,0.044,0.22,71.9,5.1,23.0,5.5,8.43,7.66,2.23,1.26,1.69,2.7,0.236,6.64
17HR-297,239.0,241.0,0.097,0.66,152.5,7.9,47.0,6.1,8.05,5.22,2.02,1.02,2.08,2.4,0.261,3.77
17HR-297,241.0,243.0,0.106,0.3,189.5,8.0,42.0,2.8,7.71,5.34,2.65,0.61,2.0,2.56,0.287,3.98
17HR-297,243.0,245.0,0.072,0.2,124.0,5.8,25.0,3.8,7.43,5.07,1.83,2.09,2.12,2.35,0.248,4.28
17HR-297,245.0,247.0,0.1,0.21,115.0,10.4,33.0,2.9,8.06,4.56,2.01,1.26,2.79,2.08,0.251,3.83
17HR-297,247.0,249.0,0.078,0.13,110.0,5.9,26.0,1.9,8.03,4.54,2.11,1.04,2.06,2.61,0.256,3.86
17HR-297,249.0,251.0,0.066,0.15,73.9,5.2,23.0,5.1,7.99,5.09,3.32,3.63,1.03,3.23,0.263,4.34
17HR-297,251.0,253.0,0.084,0.13,145.0,3.1,22.0,5.7,7.66,4.81,2.66,3.02,1.22,3.16,0.249,3.93
17HR-297,253.0,255.0,0.066,0.12,106.0,5.5,19.0,3.1,8.57,4.7,1.83,0.95,2.12,2.96,0.253,4.29
17HR-297,255.0,257.0,0.089,0.1,159.0,6.4,29.0,2.9,8.11,4.92,2.6,1.0,2.43,2.32,0.299,3.78
17HR-297,257.0,259.0,0.107,0.13,174.5,6.6,25.0,3.9,8.58,4.7,2.65,1.49,1.66,3.11,0.296,3.79
17HR-297,259.0,261.0,0.13,0.12,194.0,8.0,27.0,3.4,8.4,5.04,2.58,1.53,2.44,2.51,0.278,4.02
17HR-297,261.0,263.0,0.082,0.12,182.5,5.7,24.0,3.3,8.56,4.42,2.11,1.01,2.23,2.74,0.267,3.5
17HR-297,263.0,265.0,0.067,0.13,162.5,3.6,24.0,4.3,8.75,4.48,2.48,1.56,1.82,2.99,0.297,2.97
17HR-297,267.0,269.0,0.537,1.04,1470.0,3.5,22.0,9.6,8.01,7.13,1.7,1.53,0.91,3.34,0.193,6.37
17HR-297,269.0,271.0,0.122,0.33,66.0,3.0,32.0,8.7,8.04,6.12,2.28,1.84,0.62,3.18,0.237,4.4
17HR-297,271.0,273.0,0.441,0.25,71.8,2.6,33.0,7.4,8.04,5.24,2.19,1.42,1.01,3.01,0.235,3.4
17HR-297,273.0,275.0,0.05,0.26,55.9,3.2,24.0,3.5,8.32,4.66,1.77,1.46,0.96,3.57,0.193,4.04
17HR-297,275.0,277.0,0.064,0.24,110.5,3.3,32.0,3.5,7.33,4.23,1.96,1.73,0.82,3.21,0.193,3.28
17HR-297,285.0,287.0,0.02,0.54,111.5,4.1,25.0,27.1,7.85,4.36,1.35,2.72,3.49,2.17,0.261,3.82
17HR-297,287.0,289.0,0.018,0.72,81.4,4.5,33.0,14.5,8.32,5.13,1.38,1.87,3.11,2.33,0.259,4.34
17HR-297,289.0,291.0,0.009,0.47,3.9,2.4,39.0,11.8,8.58,3.15,1.61,1.51,4.43,1.26,0.324,1.52
17HR-297,291.0,293.0,0.017,1.03,222.0,11.6,67.0,17.5,7.98,4.36,2.22,1.97,3.7,1.3,0.315,2.61
17HR-297,293.0,295.0,0.022,1.28,206.0,8.0,52.0,26.2,7.93,4.27,1.77,1.96,4.11,1.01,0.287,2.88
17HR-297,295.0,297.0,0.03,0.41,95.6,4.7,31.0,23.7,7.22,5.05,1.54,2.68,2.67,2.36,0.283,4.68
17HR-297,297.0,299.0,0.039,0.54,60.6,7.0,31.0,31.4,7.58,5.66,1.67,2.29,2.77,2.28,0.274,5.01
17HR-297,299.0,301.0,0.013,0.27,9.8,4.2,29.0,16.0,7.69,6.13,1.97,1.17,2.94,1.49,0.303,4.17
17HR-297,301.0,303.0,0.014,0.2,9.4,5.3,34.0,24.5,7.82,8.38,2.6,2.15,3.55,1.08,0.304,6.06
17HR-297,303.0,305.0,0.014,0.16,8.2,3.8,33.0,18.1,7.96,6.71,2.04,0.68,3.11,1.5,0.303,4.53
17HR-297,305.0,307.0,0.024,0.71,9.4,5.1,39.0,18.4,7.33,10.6,2.4,0.78,3.78,0.48,0.281,8.1
17HR-297,307.0,309.0,0.038,0.89,12.4,8.2,35.0,33.0,7.02,10.9,1.82,0.51,2.94,1.04,0.278,9.51
17HR-297,309.0,311.0,0.024,0.33,10.8,8.8,55.0,24.2,7.19,10.7,2.34,0.66,3.36,0.79,0.298,8.23
17HR-297,311.0,313.0,0.03,1.12,11.9,33.8,63.0,21.6,7.4,10.15,2.05,0.84,2.55,1.39,0.287,8.45
17HR-297,313.0,315.0,0.032,2.75,14.0,102.0,196.0,19.1,7.19,14.0,1.51,1.2,1.99,2.15,0.216,
17HR-297,315.0,317.0,0.031,1.98,11.2,87.6,90.0,19.3,7.67,12.2,2.07,1.48,2.23,2.08,0.232,
17HR-297,317.0,319.0,0.011,1.1,5.6,29.7,92.0,10.8,7.38,5.59,2.06,2.76,2.04,2.53,0.257,5.02
17HR-297,319.0,321.0,0.01,0.71,38.6,21.9,29.0,24.8,6.73,4.06,2.02,3.76,2.34,2.59,0.237,3.53
17HR-297,321.0,323.0,0.013,0.21,23.2,5.2,31.0,15.6,8.01,4.37,1.22,2.45,2.91,2.95,0.246,4.07
17HR-297,323.0,325.0,0.011,0.17,66.1,3.4,28.0,14.6,8.15,3.86,1.39,2.05,3.29,2.78,0.232,3.63
17HR-297,325.0,327.0,0.028,0.26,62.4,6.3,24.0,11.2,8.37,4.36,1.45,1.9,2.45,3.27,0.246,4.34
17HR-297,327.0,329.0,0.012,0.13,82.6,4.4,19.0,13.8,8.25,3.87,1.37,2.04,3.49,2.78,0.263,3.65
17HR-297,329.0,331.0,0.016,0.35,261.0,5.1,29.0,23.9,8.11,4.3,1.38,2.33,3.24,2.82,0.28,3.97
17HR-297,331.0,333.0,0.015,0.32,195.0,8.4,26.0,19.5,8.19,6.06,1.38,3.14,3.56,2.5,0.278,6.15
17HR-297,333.0,335.0,0.015,0.79,143.0,17.5,38.0,39.2,7.65,6.34,1.68,3.38,2.69,2.53,0.274,6.16
17HR-297,335.0,337.0,0.02,0.62,78.7,57.8,138.0,66.5,7.38,7.47,1.36,3.18,2.97,2.23,0.269,7.16
17HR-297,337.0,338.0,0.01,0.17,80.2,7.6,38.0,33.2,7.37,6.7,1.41,1.97,2.53,1.97,0.278,5.9
17HR-298,2.73,4.0,0.033,0.35,10.7,3.0,16.0,9.8,7.85,4.49,1.19,2.26,1.98,2.51,0.227,4.07
17HR-298,4.0,6.0,0.031,0.54,8.3,3.0,12.0,8.3,7.89,4.42,1.1,2.24,1.96,2.65,0.236,4.21
17HR-298,6.0,8.0,0.032,0.27,8.0,2.8,19.0,7.3,7.75,4.52,1.3,2.06,1.58,2.67,0.23,3.65
17HR-298,8.0,10.0,0.044,0.32,38.3,8.2,33.0,4.2,8.17,5.1,1.7,2.45,1.22,2.92,0.279,3.79
17HR-298,10.0,12.0,0.094,0.29,20.2,3.2,14.0,10.0,8.13,4.44,1.22,2.07,1.44,3.09,0.22,4.0
17HR-298,12.0,14.0,0.256,0.6,98.0,6.4,16.0,12.8,8.01,6.82,1.28,1.08,0.94,3.25,0.251,5.92
17HR-298,14.0,16.0,0.067,1.31,35.8,11.2,21.0,11.1,7.51,6.29,1.6,3.11,1.62,3.02,0.28,5.73
17HR-298,16.0,18.0,0.043,0.79,21.7,6.1,18.0,10.9,7.74,6.14,1.98,2.51,2.32,2.54,0.282,6.06
17HR-298,18.0,20.0,0.044,0.63,13.9,5.1,17.0,8.5,7.98,5.98,1.59,1.7,2.48,2.4,0.266,5.81
17HR-298,20.0,22.0,0.08,0.94,76.9,7.6,20.0,14.2,7.52,8.49,1.53,1.58,1.57,2.72,0.296,8.02
17HR-298,22.0,24.0,0.04,0.39,20.5,5.4,27.0,8.7,8.2,6.42,1.92,1.42,2.27,2.37,0.284,4.84
17HR-298,24.0,26.0,0.319,3.54,12.5,9.6,33.0,91.2,7.2,7.26,1.48,3.08,0.62,3.47,0.274,6.41
17HR-298,26.0,28.0,0.502,5.25,213.0,12.8,47.0,116.5,6.7,10.2,1.41,3.02,0.08,3.31,0.267,9.11
17HR-298,28.0,30.0,0.245,4.47,20.1,15.9,40.0,112.0,7.48,6.63,1.02,2.66,0.06,3.8,0.315,6.16
17HR-298,30.0,32.0,0.188,3.0,19.2,15.0,49.0,130.5,7.65,6.6,1.22,2.76,0.14,3.72,0.336,5.95
17HR-298,30.0,32.0,0.134,2.13,24.3,13.2,68.0,131.5,7.73,6.08,1.53,2.87,0.4,3.56,0.336,5.09
17HR-298,32.0,34.0,0.184,2.64,18.9,15.4,31.0,121.0,7.5,6.83,0.66,2.37,0.06,3.59,0.319,6.54
17HR-298,34.0,36.0,0.402,11.05,11.1,16.5,48.0,97.3,7.36,6.82,1.63,4.11,0.05,3.79,0.304,5.94
17HR-298,36.0,38.0,0.198,9.6,32.5,16.6,87.0,85.5,6.87,5.46,1.5,3.43,1.04,3.3,0.318,4.82
17HR-298,38.0,40.0,0.095,2.21,32.1,21.0,66.0,68.4,7.22,5.73,1.62,3.94,0.77,3.58,0.32,4.1
17HR-298,40.0,42.0,0.02,0.35,19.5,9.8,81.0,16.1,7.69,4.98,1.92,3.77,1.83,2.69,0.276,2.59
17HR-298,42.0,44.0,,0.11,2.6,3.8,106.0,7.5,7.69,4.25,1.77,1.5,2.32,2.27,0.276,1.1
17HR-298,44.0,46.0,,0.07,1.9,2.5,106.0,4.7,7.84,4.42,1.98,1.25,2.66,1.79,0.284,0.57
17HR-298,46.0,48.0,0.006,0.31,47.6,6.1,95.0,10.2,7.84,4.81,1.91,1.17,2.05,2.16,0.289,1.56
17HR-298,48.0,50.0,0.011,0.3,26.4,5.5,98.0,10.3,8.18,5.21,1.87,1.43,2.36,2.22,0.311,1.82
17HR-298,50.0,52.0,0.012,0.35,40.3,6.1,85.0,11.4,8.33,4.56,1.9,1.2,1.48,2.8,0.319,1.55
17HR-298,52.0,54.0,0.053,0.34,43.2,10.0,81.0,8.5,7.45,4.52,1.51,2.08,2.18,2.15,0.291,1.7
17HR-298,54.0,56.0,,0.04,7.5,3.3,97.0,2.3,7.36,4.33,1.56,3.1,2.58,1.74,0.291,0.69
17HR-298,56.0,58.0,,0.06,6.5,4.1,102.0,4.1,7.8,4.61,1.6,3.33,2.92,1.7,0.285,1.22
17HR-298,58.0,60.0,,0.03,1.8,3.7,104.0,3.3,7.6,4.83,1.63,3.2,2.88,1.86,0.299,1.14
17HR-298,60.0,62.0,,0.02,2.9,3.1,97.0,2.1,7.66,4.38,1.53,3.57,2.69,1.71,0.276,0.68
17HR-298,62.0,64.0,,0.11,8.9,7.1,85.0,8.8,7.8,4.71,1.52,2.22,2.6,2.1,0.282,1.73
17HR-298,64.0,66.0,,0.02,2.3,3.1,88.0,2.7,7.39,4.16,1.57,3.36,2.24,2.05,0.271,0.27
17HR-298,66.0,68.0,,0.08,37.0,6.6,76.0,6.8,7.31,4.13,1.37,3.42,1.9,2.4,0.274,1.32
17HR-298,68.0,70.0,0.014,0.13,123.5,7.6,89.0,7.3,7.78,4.66,1.45,3.25,2.01,2.42,0.306,1.71
17HR-298,70.0,72.0,,0.05,16.6,4.4,103.0,3.4,7.78,4.75,1.69,4.2,1.96,2.13,0.32,0.68
17HR-298,72.0,74.0,,0.11,12.6,3.8,115.0,3.3,7.86,5.03,1.89,4.34,2.12,2.09,0.32,0.37
17HR-298,74.0,76.0,,0.28,39.1,6.5,111.0,8.2,7.53,4.91,1.92,3.98,2.1,2.0,0.313,0.62
17HR-298,76.0,78.0,,0.22,18.4,5.6,106.0,19.3,7.34,4.93,1.86,3.96,1.81,2.39,0.31,0.59
17HR-298,78.0,80.0,,0.1,9.8,3.2,103.0,3.7,7.4,4.89,1.62,3.3,1.88,2.24,0.299,0.65
17HR-298,80.0,82.0,,0.1,29.8,3.3,86.0,5.2,7.53,4.67,1.42,4.35,2.02,2.29,0.311,0.87
17HR-298,82.0,84.0,,0.04,6.6,3.4,101.0,4.4,7.47,4.76,1.79,3.39,1.85,2.29,0.312,0.4
17HR-298,84.0,86.0,,0.07,28.5,5.4,90.0,6.5,7.32,4.57,2.03,4.01,1.43,2.44,0.285,0.95
17HR-298,86.0,88.0,0.016,0.12,26.5,9.3,102.0,25.8,7.52,5.9,2.1,2.41,1.31,2.74,0.291,2.61
17HR-298,88.0,90.0,0.192,0.95,10.9,12.5,81.0,72.3,6.16,8.49,2.75,3.78,0.9,1.84,0.215,5.46
17HR-298,90.0,92.0,1.99,3.06,30.4,40.1,42.0,95.5,4.84,6.66,2.33,4.52,0.03,2.2,0.168,5.5
17HR-298,92.0,94.0,0.245,2.99,29.1,14.9,73.0,64.8,6.99,6.39,2.03,2.88,0.5,2.93,0.229,3.65
17HR-298,94.0,96.0,0.064,0.91,38.0,7.6,101.0,26.7,7.98,5.31,2.04,1.01,1.33,3.26,0.264,1.57
17HR-298,96.0,98.0,0.028,0.65,8.4,5.3,92.0,27.0,7.94,5.62,2.13,1.35,1.85,2.87,0.28,1.16
17HR-298,98.0,100.0,0.005,0.1,12.6,11.2,101.0,28.8,8.19,6.12,2.18,1.75,1.83,2.99,0.309,0.84
17HR-298,100.0,102.0,0.074,2.51,4.7,16.9,92.0,96.2,8.37,7.9,2.24,1.01,2.58,2.4,0.301,3.64
17HR-298,102.0,104.0,0.465,2.42,21.5,12.4,53.0,60.7,6.88,8.54,2.2,2.66,0.82,2.75,0.252,6.2
17HR-298,104.0,106.0,1.305,3.01,18.4,15.9,65.0,80.3,7.72,9.94,2.09,2.12,1.04,3.11,0.267,7.08
17HR-298,106.0,108.0,0.123,2.2,6.5,11.9,63.0,80.5,7.24,7.88,1.83,1.74,1.88,2.84,0.291,5.27
17HR-298,108.0,110.0,0.014,0.43,21.0,9.1,91.0,25.2,7.95,5.8,2.1,1.74,2.25,3.13,0.34,1.37
17HR-298,110.0,112.0,0.01,0.11,4.9,6.7,97.0,12.9,8.07,6.71,2.26,1.07,2.54,2.54,0.329,1.17
17HR-298,112.0,114.0,0.027,0.19,8.5,9.1,98.0,21.0,8.18,7.25,2.34,1.0,2.85,2.57,0.336,2.28
17HR-298,114.0,116.0,1.165,0.59,33.7,12.0,97.0,50.7,7.83,8.87,2.36,0.96,2.37,2.33,0.316,3.78
17HR-298,116.0,118.0,0.045,0.17,8.7,7.3,109.0,36.3,8.09,9.37,2.49,0.9,2.89,1.91,0.329,2.99
17HR-298,118.0,120.0,0.121,0.19,71.8,12.2,106.0,37.2,8.59,7.03,2.32,1.37,2.85,2.6,0.352,1.81
17HR-298,118.0,120.0,0.358,0.21,28.5,12.2,106.0,39.1,8.61,7.25,2.32,1.59,2.81,2.57,0.344,2.05
17HR-298,120.0,122.0,0.036,0.08,11.3,7.9,123.0,12.3,8.48,7.43,2.55,1.28,2.26,2.55,0.344,1.15
17HR-298,122.0,124.0,0.232,1.68,134.0,8.2,95.0,46.7,8.41,7.7,2.16,1.17,1.97,3.0,0.336,2.76
17HR-298,124.0,126.0,0.036,0.35,9.2,6.7,85.0,41.3,8.14,7.52,2.15,0.98,2.07,2.99,0.335,3.1
17HR-298,126.0,128.0,0.191,4.28,20.1,13.8,81.0,75.7,7.48,8.43,2.08,1.7,1.68,2.8,0.307,5.13
17HR-298,128.0,130.0,0.022,0.68,21.5,9.4,101.0,48.4,8.67,5.85,2.32,1.57,1.69,3.7,0.357,2.43
17HR-298,130.0,132.0,,0.08,18.2,4.6,97.0,14.4,8.82,5.84,2.25,1.47,2.56,2.89,0.361,1.07
17HR-298,132.0,134.0,0.036,0.49,111.5,7.6,100.0,41.4,8.75,6.6,2.33,1.01,2.77,2.71,0.358,2.2
17HR-298,134.0,136.0,0.237,0.29,36.7,6.5,120.0,25.8,7.63,9.72,2.93,1.5,1.57,1.96,0.299,3.54
17HR-298,136.0,138.0,0.239,1.04,48.6,10.7,103.0,63.1,7.24,9.1,2.3,1.07,1.02,2.41,0.306,4.3
17HR-298,138.0,140.0,0.028,0.32,14.9,9.1,101.0,34.4,8.78,6.85,2.47,1.49,1.84,3.16,0.352,2.79
17HR-298,140.0,142.0,0.108,0.3,16.1,8.0,88.0,48.6,8.75,7.15,2.4,1.68,1.07,3.56,0.354,3.18
17HR-298,142.0,144.0,0.062,0.37,9.2,3.5,127.0,27.8,8.37,9.0,2.85,1.41,1.56,2.04,0.328,2.14
17HR-298,144.0,146.0,0.881,0.16,4.5,3.6,130.0,21.3,8.44,9.23,2.78,1.06,2.25,1.63,0.331,1.68
17HR-298,146.0,148.0,0.052,0.18,4.1,4.0,92.0,25.9,8.06,7.46,2.54,2.32,1.29,2.54,0.305,2.39
17HR-298,148.0,150.0,0.215,2.06,9.0,7.3,17.0,64.5,6.19,5.27,1.58,3.52,0.55,3.05,0.253,5.12
17HR-298,150.0,152.0,0.043,1.89,4.6,9.7,18.0,75.7,7.91,5.38,1.39,2.45,1.95,3.85,0.323,5.52
17HR-298,152.0,154.0,0.026,1.58,25.2,7.0,30.0,61.3,7.97,5.16,1.62,2.28,3.39,3.04,0.306,4.98
17HR-298,154.0,156.0,0.033,1.23,13.9,7.1,35.0,70.8,8.23,5.77,1.72,2.15,3.44,3.0,0.317,5.33
17HR-298,156.0,158.0,0.037,1.69,6.2,5.3,38.0,64.5,8.28,5.73,1.73,2.0,3.93,2.55,0.3,4.99
17HR-298,158.0,160.0,0.05,3.24,7.9,6.1,29.0,69.7,8.11,6.51,1.41,2.21,3.98,2.63,0.317,6.25
17HR-298,160.0,162.0,0.022,2.2,7.7,4.3,45.0,56.4,8.48,4.86,1.81,2.04,4.15,2.06,0.312,3.83
17HR-298,162.0,164.0,0.067,2.67,4.2,4.4,35.0,50.8,7.87,5.57,1.72,2.19,3.57,2.35,0.291,4.77
17HR-298,164.0,166.0,0.072,2.45,5.9,6.1,33.0,56.4,7.93,6.29,1.41,1.92,3.7,2.27,0.3,5.84
17HR-298,166.0,168.0,0.036,1.3,4.3,4.9,49.0,71.7,8.22,6.68,1.78,1.45,3.92,1.77,0.316,4.68
17HR-298,168.0,170.0,0.073,3.58,8.9,4.1,58.0,43.0,8.2,5.57,2.14,1.33,3.66,1.62,0.319,2.77
17HR-298,170.0,172.0,0.088,4.81,8.9,8.3,43.0,56.9,7.78,6.85,1.49,2.37,3.08,2.56,0.333,5.25
17HR-298,172.0,174.0,0.056,4.07,6.0,7.7,45.0,50.0,7.97,6.02,1.63,2.25,2.62,2.9,0.335,4.37
17HR-298,174.0,176.0,0.339,2.25,5.1,5.9,43.0,47.2,8.13,8.74,1.71,1.31,2.73,2.37,0.33,7.46
17HR-298,176.0,178.0,0.024,1.44,6.6,9.2,19.0,35.8,8.7,5.85,0.8,1.21,2.84,3.1,0.353,5.9
17HR-298,178.0,180.0,0.023,1.76,6.0,11.9,18.0,65.6,8.45,5.68,0.96,1.42,1.61,3.54,0.346,5.97
17HR-298,180.0,182.0,0.029,1.57,8.0,10.5,19.0,48.2,8.12,5.36,1.12,1.82,0.9,3.57,0.334,5.57
17HR-298,182.0,184.0,0.02,2.23,4.1,11.6,23.0,39.8,8.06,5.27,1.35,1.68,3.9,2.5,0.319,5.25
17HR-298,184.0,186.0,0.029,2.7,4.6,6.5,28.0,39.1,8.03,5.55,1.69,1.06,4.16,1.8,0.322,5.09
17HR-298,186.0,188.0,0.038,2.18,7.1,8.7,26.0,62.7,8.41,6.01,1.45,1.01,2.52,2.82,0.346,5.71
17HR-298,188.0,190.0,0.035,3.19,136.0,5.0,47.0,90.8,8.18,5.34,1.98,1.51,4.2,1.8,0.341,4.45
17HR-298,190.0,192.0,0.072,3.35,20.5,12.9,36.0,179.5,7.75,7.24,1.83,1.17,2.91,2.44,0.323,6.65
17HR-298,192.0,194.0,0.072,2.51,10.0,6.3,43.0,123.5,8.14,6.14,1.98,1.12,3.62,2.24,0.334,5.28
17HR-298,194.0,196.0,0.066,4.33,85.4,5.0,53.0,59.8,8.4,5.16,2.37,1.3,3.56,2.23,0.367,4.02
17HR-298,196.0,198.0,0.035,3.28,10.6,4.3,55.0,38.3,8.16,5.01,2.31,1.27,3.4,1.88,0.348,3.4
17HR-298,198.0,200.0,0.088,6.76,51.5,5.4,51.0,76.5,8.18,5.61,2.31,1.28,4.06,1.45,0.353,4.48
17HR-298,200.0,202.0,0.098,6.57,12.8,8.3,53.0,108.5,8.38,6.5,2.16,1.39,4.0,2.05,0.367,5.57
17HR-298,202.0,204.0,0.032,3.56,8.7,6.0,61.0,125.5,8.28,5.93,2.27,1.01,4.09,1.88,0.358,4.76
17HR-298,204.0,206.0,0.016,2.19,18.1,6.5,47.0,72.3,8.18,5.88,1.99,1.04,4.05,2.05,0.348,5.04
17HR-298,204.0,206.0,0.019,2.31,15.9,7.0,47.0,68.7,8.24,6.0,2.03,1.05,4.01,2.12,0.353,5.21
17HR-298,206.0,208.0,0.074,6.18,10.6,8.7,49.0,69.9,8.84,6.69,1.85,1.47,4.58,1.63,0.364,5.92
17HR-298,208.0,210.0,0.441,5.05,38.9,7.9,50.0,59.2,6.77,9.61,1.95,1.96,2.49,1.66,0.281,8.98
17HR-298,208.0,210.0,0.379,5.02,29.0,6.3,44.0,56.1,7.25,9.39,1.91,1.65,2.54,1.79,0.295,8.64
17HR-298,210.0,212.0,0.234,1.55,17.6,5.4,19.0,74.2,8.19,7.41,1.01,1.19,1.34,3.09,0.238,7.54
17HR-298,212.0,214.0,0.097,1.36,9.8,8.2,27.0,78.9,8.38,7.66,1.26,1.37,1.46,3.15,0.222,7.62
17HR-298,214.0,216.0,0.038,0.24,15.4,3.9,24.0,28.6,8.34,7.04,1.27,0.64,2.17,2.58,0.215,6.71
17HR-298,216.0,218.0,0.032,0.23,10.3,2.8,12.0,16.2,8.66,6.41,0.83,0.56,1.4,3.32,0.203,6.48
17HR-298,218.0,220.0,0.122,0.39,20.9,3.2,3.0,36.6,7.4,6.18,0.45,0.48,0.21,3.36,0.173,6.75
17HR-298,220.0,222.0,0.074,0.4,9.0,2.4,6.0,22.3,8.26,5.35,0.64,0.52,1.19,3.39,0.185,5.66
17HR-298,222.0,224.0,0.056,0.38,15.6,3.1,17.0,70.7,8.49,6.24,1.32,0.88,2.28,2.7,0.218,5.99
17HR-298,224.0,226.0,0.077,0.27,13.8,4.4,19.0,68.9,8.49,6.43,1.35,0.77,2.23,3.01,0.177,6.47
17HR-298,226.0,228.0,0.109,0.63,22.2,6.3,23.0,78.0,8.27,6.64,1.35,0.96,1.66,2.96,0.205,6.48
17HR-298,228.0,230.0,0.054,2.89,7.1,5.5,27.0,121.0,8.4,7.39,2.02,0.73,2.34,2.61,0.403,6.49
17HR-298,230.0,232.0,0.072,3.69,6.9,3.3,17.0,89.7,7.84,6.54,1.65,0.7,2.05,2.38,0.345,5.42
17HR-298,232.0,234.0,2.26,2.49,66.4,3.5,8.0,21.5,4.07,10.95,0.58,0.84,0.13,1.67,0.098,
17HR-298,232.0,234.0,4.15,3.3,85.1,3.6,6.0,20.7,3.62,13.3,0.54,0.83,0.13,1.52,0.088,
17HR-298,234.0,236.0,0.18,1.76,16.2,3.0,6.0,35.2,7.42,6.18,0.64,1.0,0.25,3.17,0.191,6.3
17HR-298,236.0,238.0,0.044,0.7,12.8,2.9,14.0,55.5,8.42,5.55,0.99,0.57,2.11,2.88,0.231,5.49
17HR-298,238.0,240.0,0.048,0.41,12.4,4.8,18.0,55.6,8.49,6.59,1.12,0.72,2.86,2.34,0.248,6.49
17HR-298,240.0,242.0,0.034,0.31,38.0,4.7,6.0,32.9,8.36,5.79,0.47,0.61,2.87,2.57,0.29,6.16
17HR-298,242.0,244.0,0.058,0.25,5.3,2.9,20.0,21.7,8.54,7.56,1.03,0.63,3.19,2.03,0.265,6.85
17HR-298,244.0,246.0,0.021,0.17,6.1,2.7,13.0,18.1,7.98,6.28,1.07,0.86,2.12,2.64,0.246,6.26
17HR-298,246.0,248.0,0.028,0.2,6.3,3.1,8.0,16.7,7.93,6.22,0.84,0.89,1.0,3.28,0.21,6.44
17HR-298,248.0,250.0,0.061,0.49,4.6,4.0,11.0,27.6,7.98,6.14,1.05,1.07,2.02,2.75,0.266,6.32
17HR-298,250.0,252.0,0.026,0.38,6.4,3.6,21.0,38.1,8.36,6.33,1.64,0.84,2.77,2.32,0.248,6.06
17HR-298,252.0,254.0,0.044,0.57,11.6,4.1,18.0,35.1,8.52,7.04,1.39,0.59,2.35,2.62,0.227,7.08
17HR-298,254.0,256.0,0.183,0.52,92.2,3.6,9.0,28.7,8.57,6.04,0.72,0.88,1.93,3.04,0.218,6.34
17HR-298,256.0,258.0,0.046,0.43,65.6,4.9,13.0,34.9,8.82,7.16,0.86,0.6,2.38,2.94,0.236,7.49
17HR-298,258.0,260.0,0.046,0.36,17.3,4.9,16.0,60.5,8.34,6.87,1.07,0.68,2.57,2.42,0.228,7.11
17HR-298,260.0,262.0,0.053,0.39,7.9,4.1,9.0,44.8,8.06,5.17,0.75,0.74,2.12,2.77,0.232,5.31
17HR-298,262.0,264.0,0.133,0.66,120.0,5.7,11.0,13.8,7.48,5.84,0.92,0.99,1.68,2.5,0.199,6.06
17HR-298,264.0,266.0,0.292,0.75,41.0,5.9,8.0,18.8,7.1,5.84,0.86,1.45,0.24,3.15,0.203,6.24
17HR-298,266.0,268.0,0.043,0.46,9.3,2.8,5.0,7.0,7.77,2.57,0.43,0.37,0.37,3.42,0.206,2.72
17HR-298,268.0,270.0,0.165,0.54,7.8,4.0,6.0,22.6,8.22,3.38,0.63,0.77,1.23,3.21,0.212,3.45
17HR-298,270.0,272.0,0.031,0.21,3.8,2.7,13.0,7.3,7.72,3.83,1.04,1.56,1.5,2.79,0.215,3.89
17HR-298,272.0,274.0,0.033,0.28,3.9,4.0,15.0,11.1,8.1,4.45,0.97,1.19,1.74,2.93,0.218,4.53
17HR-298,274.0,276.0,0.038,0.19,3.5,3.1,14.0,8.6,7.3,3.42,1.45,2.41,0.74,3.04,0.197,3.18
17HR-298,276.0,278.0,0.524,0.54,5.0,9.7,29.0,12.4,6.53,3.32,0.65,0.88,0.42,2.78,0.168,3.29
17HR-298,278.0,280.0,0.085,0.48,12.8,8.1,17.0,16.0,7.93,4.05,1.58,2.13,0.6,3.43,0.19,3.95
17HR-298,280.0,282.0,0.043,0.34,10.4,3.4,12.0,8.0,8.27,4.27,1.2,1.11,1.11,3.29,0.198,4.25
17HR-298,282.0,284.0,0.233,0.81,15.9,8.5,28.0,18.0,6.61,6.08,1.75,2.05,0.23,2.63,0.193,5.02
17HR-298,284.0,286.0,0.029,0.24,38.0,3.3,64.0,16.3,8.14,4.69,2.5,1.54,1.5,2.39,0.31,1.35
17HR-298,286.0,288.0,0.027,0.22,37.4,3.4,72.0,13.3,7.84,5.92,2.53,1.45,2.21,1.64,0.304,1.71
17HR-298,288.0,290.0,0.036,0.96,10.1,3.3,60.0,14.9,7.95,6.45,2.74,1.63,1.38,2.17,0.282,3.52
17HR-298,290.0,292.0,0.039,1.75,7.4,3.3,42.0,15.7,8.33,5.79,1.99,0.83,1.25,2.66,0.302,4.01
17HR-298,290.0,292.0,0.041,1.83,11.0,3.3,41.0,17.7,8.44,6.09,1.9,0.79,1.26,2.78,0.308,4.45
17HR-298,292.0,294.0,0.06,1.9,32.3,3.8,53.0,20.8,8.2,6.75,2.1,0.61,1.56,2.37,0.297,4.42
17HR-298,294.0,296.0,0.028,1.06,67.8,4.5,60.0,17.2,8.17,6.35,2.52,0.99,1.57,2.27,0.319,3.36
17HR-298,296.0,298.0,0.046,2.17,74.4,3.8,48.0,12.6,7.75,6.6,2.28,0.78,1.84,1.94,0.295,3.71
17HR-298,298.0,300.0,0.051,2.03,43.6,4.4,48.0,19.2,8.06,6.7,2.14,1.11,1.41,2.45,0.301,3.86
17HR-298,300.0,302.0,0.018,0.65,54.6,3.2,68.0,16.8,8.64,6.57,2.52,1.37,2.29,2.04,0.318,2.32
17HR-298,302.0,304.0,0.017,0.3,38.3,3.5,51.0,12.9,8.11,5.65,2.26,1.33,2.13,1.88,0.298,2.1
17HR-298,304.0,306.0,0.033,0.64,35.1,5.6,34.0,21.9,8.51,5.47,2.13,1.31,1.23,2.83,0.308,3.77
17HR-298,306.0,308.0,0.025,0.69,92.4,5.4,42.0,20.3,7.99,5.16,2.01,1.41,1.55,2.45,0.303,2.9
17HR-298,308.0,310.0,0.019,0.55,64.7,4.4,39.0,21.1,8.24,4.82,1.63,2.18,1.39,2.78,0.313,2.61
17HR-298,310.0,312.0,0.076,0.39,45.3,4.5,23.0,23.8,8.39,4.47,1.0,0.98,1.33,3.16,0.311,3.25
17HR-298,312.0,314.0,0.028,0.15,35.0,2.2,45.0,10.3,8.38,4.59,1.63,0.63,1.52,2.68,0.298,1.85
17HR-298,314.0,316.0,0.076,0.31,38.3,4.1,20.0,19.1,8.86,4.21,0.8,0.65,1.17,3.57,0.299,3.45
17HR-298,316.0,318.0,0.026,0.21,116.0,3.7,37.0,15.8,9.28,3.2,1.27,0.78,1.07,3.6,0.346,1.34
17HR-298,318.0,320.0,0.045,0.3,18.2,3.9,45.0,13.4,8.35,4.72,1.54,0.83,1.65,2.55,0.274,2.37
17HR-298,320.0,322.0,0.035,0.53,8.7,4.4,24.0,19.1,8.8,4.19,0.94,0.97,1.18,3.43,0.308,3.22
17HR-298,322.0,324.0,0.169,0.59,8.5,16.4,27.0,22.9,8.51,4.74,0.85,0.95,0.56,3.71,0.28,4.39
17HR-298,324.0,326.0,0.051,0.96,16.8,7.1,38.0,17.2,7.12,8.33,1.24,0.82,1.0,2.43,0.19,7.74
17HR-298,326.0,328.0,0.071,1.22,8.6,4.3,22.0,14.6,8.23,5.14,1.0,0.43,0.95,3.24,0.229,4.82
17HR-298,328.0,330.0,0.054,0.73,6.7,6.2,7.0,13.5,7.76,7.65,0.46,0.36,0.71,3.17,0.204,8.34
17HR-298,330.0,332.0,0.054,0.35,5.9,4.0,14.0,21.6,7.8,6.37,0.94,1.05,1.1,2.98,0.178,6.63
17HR-298,332.0,334.0,0.017,0.24,4.6,2.1,13.0,7.2,8.48,4.0,1.06,0.53,1.9,2.79,0.16,3.77
17HR-298,334.0,336.0,0.015,0.15,4.8,1.4,14.0,5.8,8.27,4.59,1.3,1.0,2.65,2.18,0.144,4.22
17HR-298,336.0,338.0,0.009,0.12,11.6,1.3,12.0,5.9,8.56,3.52,1.41,1.39,2.36,2.71,0.179,3.21
17HR-298,338.0,340.0,0.026,0.32,34.1,1.9,8.0,16.0,8.43,5.33,1.19,1.0,2.32,2.57,0.162,5.59
17HR-298,340.0,342.0,0.023,0.21,28.3,2.5,12.0,16.4,8.01,4.68,1.53,1.22,1.37,2.84,0.188,4.72
17HR-298,342.0,344.0,0.051,0.3,32.7,2.7,11.0,21.1,8.21,5.59,0.97,0.85,0.89,3.45,0.177,5.76
17HR-298,344.0,346.0,0.034,0.16,12.3,2.1,9.0,18.5,8.81,5.14,0.8,0.67,0.75,3.93,0.16,5.27
17HR-298,346.0,348.0,0.038,0.15,3.3,1.6,5.0,29.7,8.16,3.19,0.58,0.3,0.32,3.89,0.178,3.38
17HR-298,348.0,350.0,0.042,0.15,3.6,1.3,3.0,22.5,7.27,2.57,0.58,0.62,0.12,3.39,0.156,2.54
17HR-298,350.0,352.0,0.241,0.68,33.1,2.6,5.0,22.9,7.43,4.83,1.23,2.0,0.16,3.28,0.186,5.19
17HR-298,352.0,354.0,0.071,0.3,8.7,2.1,9.0,22.4,7.65,4.11,0.9,1.45,1.64,2.59,0.173,4.07
17HR-298,354.0,356.0,0.054,0.14,30.5,1.6,15.0,15.7,7.32,3.78,1.5,2.1,2.14,2.13,0.219,3.41
17HR-298,356.0,358.0,0.027,0.23,71.9,2.6,18.0,7.0,8.99,5.37,1.66,0.84,1.88,3.15,0.237,5.47
17HR-298,358.0,360.0,0.024,0.21,125.0,2.7,15.0,6.8,8.09,4.55,1.59,0.88,1.86,2.63,0.185,4.6
17HR-298,360.0,362.0,0.114,0.49,72.6,8.8,36.0,37.2,7.92,5.53,1.15,1.25,0.85,3.26,0.182,5.63
17HR-298,362.0,364.0,0.023,0.22,9.2,3.6,15.0,8.1,8.96,3.94,1.05,1.17,1.1,3.83,0.193,3.89
17HR-298,364.0,366.0,0.017,0.14,32.5,5.2,42.0,7.9,9.07,5.03,2.41,1.06,2.34,2.35,0.327,1.76
17HR-298,366.0,368.0,0.068,1.04,45.1,9.5,28.0,22.7,8.81,5.01,1.75,1.25,1.21,3.2,0.329,3.44
17HR-298,368.0,370.0,0.063,1.04,28.2,9.7,41.0,15.0,8.63,5.2,2.15,0.96,2.4,2.31,0.333,3.18
17HR-298,370.0,372.0,0.024,0.22,27.0,5.4,41.0,6.6,8.07,4.98,2.36,0.84,2.85,1.62,0.313,2.24
17HR-298,372.0,374.0,0.032,0.38,86.0,7.8,52.0,7.8,8.06,4.94,2.08,0.77,2.21,2.23,0.3,2.63
17HR-299,2.2,4.0,0.008,0.17,48.7,6.7,91.0,5.8,9.22,5.37,1.65,1.61,2.1,2.65,0.342,1.35
17HR-299,4.0,6.0,0.005,0.08,11.4,2.8,106.0,4.8,8.27,5.42,1.66,2.39,2.51,2.09,0.336,0.34
17HR-299,6.0,8.0,0.011,0.12,6.8,5.0,106.0,7.3,8.55,5.35,1.84,2.28,2.65,2.2,0.349,0.59
17HR-299,8.0,10.0,,0.11,7.8,4.4,120.0,5.0,8.29,5.51,1.93,3.37,3.07,2.03,0.373,0.56
17HR-299,10.0,12.0,0.007,0.11,18.2,5.0,140.0,4.9,9.2,5.52,2.17,1.5,2.7,2.57,0.414,0.49
17HR-299,12.0,14.0,0.008,0.08,14.1,5.6,128.0,5.2,9.17,5.78,1.93,1.68,2.49,2.55,0.367,1.08
17HR-299,14.0,16.0,0.011,0.16,23.1,6.4,89.0,5.6,9.21,5.59,1.7,1.62,2.53,2.61,0.35,1.96
17HR-299,16.0,18.0,0.008,0.17,9.2,7.5,80.0,11.9,8.61,5.15,1.74,1.71,2.33,2.83,0.327,2.53
17HR-299,18.0,20.0,0.017,0.2,90.4,6.0,60.0,11.3,7.31,5.22,2.63,5.68,1.62,2.55,0.283,3.32
17HR-299,20.0,22.0,0.01,0.13,11.8,6.7,94.0,8.4,8.22,5.66,2.33,1.82,1.84,2.69,0.313,2.15
17HR-299,22.0,24.0,0.141,0.2,10.0,5.4,83.0,12.4,8.25,5.69,2.25,2.15,2.09,2.53,0.315,2.43
17HR-299,24.0,26.0,0.649,0.34,15.0,9.1,143.0,45.8,7.1,10.3,3.11,1.51,1.75,1.08,0.283,4.41
17HR-299,26.0,28.0,0.187,0.25,8.4,8.4,106.0,31.9,7.06,8.18,2.9,3.36,1.54,1.54,0.262,3.74
17HR-299,28.0,30.0,0.033,0.07,3.1,3.1,125.0,4.6,8.42,6.42,2.56,1.71,2.39,1.96,0.329,0.83
17HR-299,30.0,32.0,0.026,0.16,12.4,3.2,125.0,4.4,8.41,6.24,2.49,1.22,2.52,1.91,0.339,0.55
17HR-299,32.0,34.0,0.038,0.8,14.5,11.4,80.0,16.3,8.69,5.05,1.78,1.81,1.88,3.04,0.366,1.77
17HR-299,34.0,36.0,,0.08,14.7,1.8,95.0,7.2,8.13,5.13,1.88,3.04,2.19,2.27,0.307,1.09
17HR-299,36.0,38.0,0.021,0.04,3.4,1.9,105.0,3.5,8.39,5.49,1.95,1.6,2.18,2.31,0.329,0.56
17HR-299,38.0,40.0,0.005,0.03,1.8,1.3,105.0,1.3,8.39,5.34,1.88,2.67,2.65,2.18,0.328,0.27
17HR-299,40.0,42.0,,0.02,1.3,0.9,106.0,0.6,8.03,5.21,1.82,3.12,2.93,1.97,0.318,0.04
17HR-299,42.0,44.0,,0.04,1.9,1.6,104.0,1.0,8.87,5.17,2.02,1.56,2.78,2.6,0.347,0.21
17HR-299,42.0,44.0,,0.05,2.0,1.8,101.0,1.1,8.84,5.11,1.96,1.42,2.72,2.68,0.342,0.25
17HR-299,44.0,46.0,0.005,0.11,4.5,3.1,97.0,3.7,8.67,4.99,1.86,1.27,3.04,2.33,0.326,0.51
17HR-299,46.0,48.0,0.017,0.38,7.9,8.1,82.0,8.0,8.42,5.06,1.65,1.9,2.91,2.43,0.298,1.64
17HR-299,48.0,50.0,0.007,0.13,4.5,4.2,101.0,12.9,8.59,5.11,1.83,1.28,2.97,2.12,0.318,0.62
17HR-299,50.0,52.0,0.005,0.03,7.4,1.9,107.0,5.2,8.67,5.19,1.93,1.44,2.82,1.96,0.325,0.24
17HR-299,52.0,54.0,,0.03,16.1,1.7,100.0,2.8,8.52,4.94,1.76,3.18,2.46,2.18,0.317,0.25
17HR-299,54.0,56.0,,0.09,36.9,3.5,123.0,4.2,8.81,5.57,2.07,2.27,2.37,2.37,0.346,0.56
17HR-299,56.0,58.0,0.005,0.4,40.9,9.2,103.0,10.7,8.8,5.48,2.54,3.73,2.32,2.45,0.32,1.5
17HR-299,58.0,60.0,,0.29,9.7,8.8,98.0,18.4,8.14,5.04,1.82,3.93,2.31,2.44,0.314,1.77
17HR-299,60.0,62.0,0.006,0.6,16.6,16.6,99.0,5.7,8.63,6.19,1.67,3.06,2.82,2.28,0.371,3.6
17HR-299,62.0,64.0,0.011,0.48,18.1,16.6,94.0,11.2,8.36,5.43,1.46,2.92,2.77,2.39,0.354,2.33
17HR-299,64.0,66.0,0.017,0.36,14.7,16.6,30.0,15.0,6.49,3.76,1.98,10.8,1.08,2.59,0.232,2.44
17HR-299,66.0,68.0,0.011,0.79,29.0,18.2,92.0,11.5,8.1,4.83,1.27,3.17,2.64,2.37,0.338,1.85
17HR-299,68.0,70.0,,0.65,25.1,23.5,58.0,10.7,8.93,5.13,1.14,1.61,2.58,2.92,0.364,3.13
17HR-299,70.0,72.0,,0.62,25.3,19.2,47.0,8.7,8.95,4.1,1.01,1.59,2.25,3.45,0.377,2.5
17HR-299,72.0,74.0,0.006,0.48,14.8,11.5,96.0,6.0,8.7,4.81,1.58,2.23,2.86,2.5,0.378,1.15
17HR-299,74.0,76.0,,0.23,46.2,4.8,101.0,11.0,7.79,5.07,1.59,3.24,2.76,1.98,0.327,0.85
17HR-299,76.0,78.0,0.006,0.09,4.4,3.8,82.0,18.6,8.07,4.79,1.58,6.12,1.29,2.74,0.286,0.93
17HR-299,78.0,80.0,,0.03,3.4,1.4,100.0,1.8,8.43,5.12,1.83,4.6,1.98,2.45,0.31,0.15
17HR-299,80.0,82.0,,0.02,2.3,0.9,94.0,0.9,8.03,5.21,1.78,4.06,1.73,2.59,0.306,0.02
17HR-299,82.0,84.0,0.005,0.12,5.8,2.1,69.0,11.1,7.77,4.56,1.37,6.96,1.26,2.72,0.274,0.19
17HR-299,84.0,86.0,0.005,0.08,25.7,2.5,66.0,16.6,7.79,4.62,1.18,4.76,1.11,2.91,0.282,0.44
17HR-299,86.0,88.0,,0.09,1.7,1.6,92.0,3.3,8.35,5.32,1.73,4.31,1.7,2.79,0.315,0.09
17HR-299,88.0,90.0,,0.09,13.0,2.8,94.0,15.3,8.58,5.36,1.89,6.02,1.96,2.48,0.302,0.51
17HR-299,90.0,92.0,,0.05,4.2,2.1,70.0,7.8,8.31,5.16,1.34,3.48,1.64,3.02,0.309,0.32
17HR-299,92.0,94.0,,0.09,15.2,3.5,69.0,6.3,7.83,4.96,1.96,2.95,1.24,3.0,0.288,0.35
17HR-299,94.0,96.0,0.005,0.08,16.3,4.8,89.0,12.7,7.65,6.09,3.12,4.4,0.97,2.34,0.269,1.3
17HR-299,96.0,98.0,0.016,0.11,15.5,6.4,83.0,19.7,7.56,6.76,2.71,3.61,1.33,2.18,0.259,1.66
17HR-299,98.0,100.0,,0.03,2.5,2.6,81.0,5.0,8.68,4.86,1.86,1.82,2.13,2.76,0.308,0.61
17HR-299,100.0,102.0,0.039,0.05,2.5,3.2,70.0,6.7,8.42,4.99,1.84,2.53,1.97,2.71,0.289,1.58
17HR-299,102.0,104.0,,0.08,3.2,2.5,70.0,3.6,7.75,4.49,1.64,4.89,2.01,2.3,0.265,0.51
17HR-299,104.0,106.0,,0.08,4.4,2.1,83.0,5.2,8.42,5.0,1.32,3.38,2.58,2.32,0.298,0.67
17HR-299,106.0,108.0,0.009,0.11,5.1,6.9,55.0,27.5,7.47,5.47,1.37,3.66,1.69,2.85,0.286,3.19
17HR-299,108.0,110.0,0.007,0.1,4.2,5.7,62.0,17.0,7.7,4.99,1.17,5.07,1.93,2.77,0.288,2.23
17HR-299,110.0,112.0,0.005,0.11,4.1,4.0,77.0,5.9,7.77,4.93,1.2,3.82,2.92,1.99,0.27,1.21
17HR-299,112.0,114.0,0.005,0.06,2.7,2.6,75.0,10.8,7.9,4.81,1.31,3.86,2.54,2.42,0.281,1.45
17HR-299,114.0,116.0,,0.04,3.4,1.8,86.0,7.0,7.74,5.01,1.58,3.56,2.97,2.07,0.289,0.77
17HR-299,116.0,118.0,,0.08,2.8,2.2,84.0,12.2,7.53,5.19,1.58,3.51,2.86,2.01,0.273,1.31
17HR-299,118.0,120.0,,0.07,2.6,2.8,91.0,14.8,8.0,5.47,1.89,3.15,3.11,1.98,0.272,1.55
17HR-299,120.0,122.0,0.008,0.13,2.4,4.8,79.0,25.4,8.3,5.34,1.82,2.58,2.45,2.57,0.275,1.98
17HR-299,122.0,124.0,,0.06,1.9,3.0,77.0,15.0,7.85,4.95,1.89,3.28,2.75,2.28,0.264,1.55
17HR-299,124.0,126.0,,0.11,4.4,2.3,92.0,6.2,8.29,5.03,1.93,2.5,2.81,2.32,0.295,1.02
17HR-299,126.0,128.0,,0.06,1.9,2.8,91.0,6.9,8.23,5.24,1.95,2.78,3.18,1.93,0.267,1.35
17HR-299,128.0,130.0,0.006,0.05,1.7,2.8,104.0,7.5,8.03,5.53,2.16,2.45,3.11,1.85,0.266,1.29
17HR-299,130.0,132.0,0.006,0.04,1.6,1.5,139.0,4.8,8.68,7.4,2.32,0.95,3.09,1.14,0.28,0.82
17HR-299,130.0,132.0,0.01,0.06,2.1,2.1,147.0,8.9,8.84,8.15,2.54,1.18,3.02,1.14,0.283,1.17
17HR-299,132.0,134.0,0.023,0.17,6.7,4.1,147.0,26.7,7.88,9.65,2.28,0.79,2.07,1.21,0.266,2.29
17HR-299,134.0,136.0,0.183,0.26,4.7,6.8,175.0,54.9,7.56,11.9,2.95,0.87,2.05,0.9,0.279,4.17
17HR-299,136.0,138.0,0.07,0.16,7.0,4.8,161.0,36.0,7.98,11.65,2.68,0.91,2.51,0.71,0.272,4.0
17HR-299,138.0,140.0,0.063,0.19,2.7,4.1,151.0,34.5,7.39,10.55,2.88,1.38,1.77,0.99,0.258,3.43
17HR-299,140.0,142.0,0.01,0.16,2.5,4.1,114.0,22.6,7.76,7.32,2.1,0.68,2.53,1.78,0.274,2.6
17HR-299,142.0,144.0,0.054,0.14,3.7,4.1,121.0,22.4,7.65,7.53,2.28,1.25,2.21,1.76,0.269,2.39
17HR-299,144.0,146.0,0.1,0.21,4.1,4.5,155.0,44.3,8.73,8.99,2.16,0.82,1.62,2.26,0.281,2.76
17HR-299,146.0,148.0,0.04,0.16,2.8,3.6,111.0,36.2,8.79,6.41,2.26,2.08,2.19,2.54,0.291,1.98
17HR-299,148.0,150.0,0.069,0.18,2.4,5.1,122.0,20.4,7.66,6.34,2.94,3.42,2.07,1.97,0.259,1.76
17HR-299,150.0,152.0,0.005,0.05,2.8,2.9,107.0,6.9,8.17,5.31,1.86,2.33,2.82,2.01,0.305,0.18
17HR-299,152.0,154.0,,0.18,2.4,5.3,106.0,12.8,7.86,6.58,2.26,1.89,2.53,1.54,0.276,0.72
17HR-299,154.0,156.0,0.007,0.35,2.4,6.2,110.0,10.7,7.81,7.85,2.53,1.8,2.69,1.09,0.255,1.4
17HR-299,156.0,158.0,0.005,0.09,2.9,2.8,124.0,17.6,8.25,8.54,2.37,1.09,2.67,1.22,0.268,1.52
17HR-299,158.0,160.0,0.089,0.31,112.5,6.7,111.0,39.2,7.63,9.64,2.44,1.14,1.59,2.28,0.283,3.01
17HR-299,160.0,162.0,0.018,0.18,7.0,5.0,110.0,38.2,8.24,9.06,2.17,0.68,1.84,2.67,0.305,2.73
17HR-299,162.0,164.0,0.046,0.27,7.5,8.9,117.0,48.1,7.8,10.25,2.58,1.38,1.39,2.53,0.284,3.74
17HR-299,164.0,166.0,0.205,0.55,20.4,10.1,129.0,92.6,5.97,13.15,2.62,1.35,0.58,1.22,0.199,5.98
17HR-299,166.0,168.0,0.036,0.19,3.8,4.3,118.0,47.4,7.28,10.4,2.39,1.07,2.26,1.34,0.261,3.64
17HR-299,168.0,170.0,0.022,0.16,2.9,5.5,119.0,29.7,7.18,10.4,2.27,0.6,2.71,1.05,0.268,2.94
17HR-299,170.0,172.0,0.006,0.16,79.2,2.4,108.0,15.0,8.2,7.14,2.41,1.13,2.29,2.42,0.295,0.79
17HR-299,172.0,174.0,0.104,0.51,13.4,9.8,119.0,39.7,7.02,9.62,2.81,2.28,1.93,1.5,0.241,4.09
17HR-299,174.0,176.0,1.005,0.55,29.8,5.4,134.0,36.6,7.47,11.15,2.46,0.88,2.0,1.86,0.28,4.52
17HR-299,176.0,178.0,0.129,0.15,30.8,5.6,144.0,20.1,8.38,9.25,2.33,0.79,2.68,1.96,0.309,2.4
17HR-299,178.0,180.0,,0.06,1.2,2.0,132.0,7.9,8.13,8.2,2.6,1.26,2.82,1.22,0.298,0.95
17HR-299,180.0,182.0,0.015,0.11,2.2,3.7,120.0,24.9,7.59,8.34,2.58,1.53,2.28,1.62,0.281,2.06
17HR-299,182.0,184.0,0.048,0.19,3.7,5.8,109.0,41.8,7.36,8.66,2.7,2.23,1.7,2.1,0.262,3.48
17HR-299,184.0,186.0,0.295,0.16,7.3,5.8,101.0,29.6,7.67,8.1,2.64,2.28,1.93,2.15,0.286,3.03
17HR-299,186.0,188.0,0.026,0.13,3.8,4.0,113.0,23.4,8.04,7.08,2.75,2.13,1.76,2.49,0.322,1.32
17HR-299,188.0,190.0,0.038,0.2,10.1,4.8,133.0,28.7,7.79,9.04,2.59,1.06,2.01,1.88,0.316,2.34
17HR-299,190.0,192.0,0.034,0.22,4.1,6.0,111.0,26.9,8.0,9.65,2.45,1.53,2.04,1.96,0.318,3.17
17HR-299,192.0,194.0,0.044,0.12,4.3,4.1,123.0,20.6,7.82,8.25,3.08,2.55,2.02,1.55,0.279,1.78
17HR-299,194.0,196.0,0.061,0.21,18.8,4.5,128.0,25.9,8.43,8.62,2.48,1.06,2.16,1.86,0.312,1.67
17HR-299,196.0,198.0,0.045,0.34,22.1,3.9,107.0,41.4,8.29,6.8,2.13,1.07,2.22,2.09,0.292,1.09
17HR-299,198.0,200.0,0.057,0.39,3.5,5.1,118.0,89.5,8.13,7.35,2.2,0.86,2.13,2.05,0.308,1.82
17HR-299,200.0,202.0,0.129,0.35,5.5,5.6,126.0,86.3,7.75,11.3,2.48,0.97,1.03,1.72,0.27,3.43
17HR-299,202.0,204.0,1.06,0.9,14.3,6.3,104.0,72.8,6.17,14.2,1.99,0.81,0.19,1.58,0.215,7.5
17HR-299,204.0,206.0,0.123,0.6,4.5,7.3,101.0,96.3,7.64,10.45,2.0,0.81,1.66,2.5,0.277,4.37
17HR-299,206.0,208.0,0.16,1.28,8.6,8.9,73.0,90.2,7.78,8.69,1.73,1.06,0.75,3.0,0.282,4.68
17HR-299,208.0,210.0,0.096,0.63,10.3,26.0,90.0,75.9,8.42,8.56,1.66,1.11,1.6,2.79,0.313,4.84
17HR-299,210.0,212.0,0.081,0.38,4.9,5.4,114.0,86.2,8.23,10.35,1.96,0.63,2.02,2.11,0.303,4.34
17HR-299,212.0,214.0,0.087,0.25,3.4,4.7,122.0,65.2,7.93,11.25,2.02,0.62,2.05,1.62,0.328,4.39
17HR-299,214.0,216.0,0.21,0.58,10.6,10.1,92.0,111.0,7.1,8.8,2.08,1.68,0.62,2.31,0.25,4.13
17HR-299,216.0,218.0,0.327,2.09,13.7,7.8,79.0,58.3,7.1,10.8,2.03,1.68,0.74,2.33,0.263,7.23
17HR-299,216.0,218.0,0.429,2.11,12.4,7.3,81.0,54.8,6.98,10.75,1.94,1.39,0.76,2.27,0.266,6.99
17HR-299,218.0,220.0,0.292,2.11,58.7,114.0,320.0,63.9,6.75,8.0,2.15,3.0,0.96,2.5,0.251,5.98
17HR-299,220.0,222.0,0.05,0.94,14.5,11.5,49.0,33.5,8.35,6.75,1.43,1.59,1.93,2.94,0.271,4.79
17HR-299,222.0,224.0,0.101,1.43,10.5,10.2,28.0,46.4,8.56,6.5,1.14,2.07,1.29,3.54,0.291,5.82
17HR-299,224.0,226.0,0.754,2.01,881.0,10.7,37.0,29.6,6.73,5.22,1.7,3.63,1.69,2.64,0.232,4.41
17HR-299,226.0,228.0,0.031,1.19,37.6,8.3,59.0,35.9,8.5,4.8,1.66,2.32,2.74,2.79,0.288,3.63
17HR-299,228.0,230.0,0.055,1.93,104.5,9.6,42.0,35.6,8.63,5.2,1.18,2.07,2.79,3.14,0.272,4.67
17HR-299,230.0,232.0,0.056,1.75,37.0,10.6,29.0,42.2,8.31,5.76,1.19,2.16,2.51,3.03,0.281,5.21
17HR-299,232.0,234.0,0.049,1.52,381.0,9.8,58.0,32.6,8.44,5.37,1.65,2.09,2.05,3.17,0.322,3.21
17HR-299,234.0,236.0,0.042,0.97,237.0,5.3,62.0,15.7,8.05,4.9,2.17,1.84,1.44,3.17,0.329,1.88
17HR-299,236.0,238.0,0.748,5.86,746.0,30.3,71.0,57.7,7.26,8.5,1.24,1.61,1.6,2.84,0.26,7.74
17HR-299,238.0,240.0,0.073,1.42,80.0,9.0,43.0,38.3,8.54,6.61,1.4,1.23,3.02,2.84,0.272,5.5
17HR-299,240.0,242.0,0.048,1.3,109.0,6.0,59.0,25.1,8.62,6.76,1.54,0.91,3.42,2.56,0.275,4.63
17HR-299,242.0,244.0,0.105,1.92,215.0,7.6,52.0,32.2,8.16,7.65,1.38,0.93,3.11,2.65,0.263,5.81
17HR-299,244.0,246.0,0.084,1.35,14.1,8.5,63.0,42.7,8.56,8.73,1.5,0.8,3.22,2.77,0.291,6.27
17HR-299,246.0,248.0,0.033,0.61,58.1,5.6,73.0,25.5,9.0,6.81,1.68,1.23,3.27,2.6,0.289,3.79
17HR-299,248.0,250.0,0.072,0.86,118.5,6.2,65.0,38.3,8.79,7.64,1.66,0.89,3.43,2.47,0.275,4.72
17HR-299,250.0,252.0,0.063,0.49,195.5,4.5,70.0,20.0,8.79,5.92,1.78,1.02,3.6,2.6,0.291,2.93
17HR-299,252.0,254.0,0.015,0.23,11.1,5.4,68.0,21.3,8.9,5.75,1.78,0.96,3.47,2.6,0.293,2.91
17HR-299,254.0,256.0,0.055,1.02,72.5,6.1,64.0,24.2,8.2,7.19,1.74,1.27,3.19,2.36,0.265,4.44
17HR-299,256.0,258.0,0.073,1.29,4.7,8.8,57.0,44.3,8.18,8.48,1.64,0.86,2.77,2.48,0.25,6.01
17HR-299,258.0,260.0,0.123,2.32,4.5,11.5,66.0,53.6,6.49,10.25,1.98,1.75,1.63,1.79,0.19,7.62
17HR-299,260.0,262.0,0.291,1.86,15.9,14.9,88.0,73.7,6.95,11.75,1.83,1.19,0.9,2.52,0.246,7.75
17HR-299,262.0,264.0,0.177,0.34,53.7,7.7,97.0,75.7,7.02,7.89,2.18,2.06,0.88,2.32,0.248,3.37
17HR-299,262.0,264.0,0.186,0.32,39.1,7.1,92.0,72.3,6.94,7.48,2.2,2.26,0.87,2.37,0.249,3.2
17HR-299,264.0,266.0,0.592,0.68,235.0,10.2,68.0,115.0,6.17,8.35,1.98,2.71,0.71,2.19,0.215,5.26
17HR-299,266.0,268.0,0.387,0.88,10.8,14.0,123.0,132.0,6.76,9.8,1.74,1.26,0.47,2.38,0.249,5.96
17HR-299,268.0,270.0,0.286,0.79,28.6,10.7,91.0,90.2,8.41,7.36,1.81,1.16,0.73,3.22,0.338,4.0
17HR-299,270.0,272.0,0.087,0.46,8.9,14.5,38.0,45.8,6.41,5.48,2.34,4.59,0.06,3.23,0.258,3.67
17HR-299,272.0,274.0,0.128,1.18,13.4,30.0,52.0,104.5,6.12,6.87,1.87,3.64,1.02,2.31,0.206,5.66
17HR-299,274.0,276.0,0.074,0.84,4.3,18.1,46.0,105.0,7.72,6.74,1.33,2.1,2.22,2.45,0.242,5.44
17HR-299,276.0,278.0,0.169,1.85,12.6,99.7,73.0,266.0,7.58,6.59,1.35,1.52,1.54,2.58,0.275,4.75
17HR-299,278.0,280.0,0.329,0.76,21.8,25.9,95.0,117.5,7.6,6.19,2.02,1.62,1.88,2.24,0.282,2.39
17HR-299,280.0,282.0,0.242,1.32,33.8,17.6,86.0,116.5,7.32,8.03,1.78,2.01,1.84,2.4,0.276,5.48
17HR-299,282.0,284.0,0.239,0.74,15.7,10.9,56.0,57.9,7.21,7.35,1.76,1.8,2.46,1.65,0.239,4.93
17HR-299,284.0,286.0,0.034,0.13,24.1,3.7,87.0,14.8,7.7,5.58,2.14,1.6,2.35,1.95,0.299,1.21
17HR-299,286.0,288.0,0.015,0.16,39.2,3.7,78.0,10.5,7.77,5.03,2.14,1.86,2.62,2.35,0.294,1.11
17HR-299,288.0,290.0,0.042,0.49,15.6,7.8,85.0,32.5,8.29,6.03,2.07,1.24,2.53,2.66,0.318,2.59
17HR-299,290.0,292.0,0.041,0.59,15.2,6.6,71.0,47.4,8.12,6.7,1.82,0.81,3.04,2.07,0.255,3.45
17HR-299,292.0,294.0,0.065,0.37,7.1,7.0,86.0,34.0,7.94,6.75,2.16,1.17,2.88,1.78,0.248,3.09
17HR-299,294.0,296.0,0.068,0.93,8.2,8.0,54.0,38.1,8.05,6.67,1.48,0.85,3.02,2.21,0.255,4.53
17HR-299,296.0,298.0,0.181,1.73,11.9,13.5,54.0,80.8,7.97,8.88,1.5,1.26,1.84,2.78,0.243,7.34
17HR-299,298.0,300.0,0.132,1.63,26.0,13.2,52.0,68.1,7.58,8.44,1.63,1.75,2.12,2.64,0.236,6.82
17HR-299,300.0,302.0,0.066,1.19,6.0,9.7,49.0,45.1,8.15,8.2,1.37,0.76,2.58,2.18,0.248,5.99
17HR-299,302.0,304.0,0.081,1.32,4.1,9.9,47.0,47.6,7.96,7.85,1.2,0.63,2.57,2.1,0.258,6.01
17HR-299,302.0,304.0,0.086,1.18,3.6,10.8,51.0,44.1,7.92,8.31,1.34,0.66,2.61,1.95,0.258,5.99
17HR-299,304.0,306.0,0.066,0.99,2.7,7.5,59.0,37.1,8.38,8.55,1.49,0.64,2.91,1.96,0.275,5.66
17HR-299,306.0,308.0,0.076,0.69,3.9,8.2,59.0,50.5,8.03,10.1,1.63,0.9,2.52,1.9,0.239,7.31
17HR-299,308.0,310.0,0.052,0.42,3.4,6.2,71.0,46.1,8.21,9.21,1.88,0.52,2.68,1.83,0.254,5.99
17HR-299,310.0,312.0,0.18,0.97,4.2,6.5,68.0,45.6,7.7,10.2,2.22,1.57,2.2,1.76,0.24,6.64
17HR-299,312.0,314.0,0.113,1.39,485.0,6.8,72.0,33.0,8.25,8.9,2.06,1.04,2.99,1.55,0.266,4.91
17HR-299,314.0,316.0,0.075,0.85,88.2,5.2,61.0,27.7,8.19,8.0,1.89,0.68,3.22,1.9,0.274,4.46
17HR-299,316.0,318.0,0.054,0.53,8.5,6.1,63.0,31.9,7.76,8.56,1.83,0.81,2.88,1.95,0.26,4.64
17HR-299,318.0,320.0,0.006,0.04,4.4,3.3,67.0,5.1,8.19,5.31,1.92,2.12,3.3,1.97,0.28,0.74
17HR-299,320.0,322.0,0.068,0.97,13.8,9.2,41.0,56.8,7.9,7.42,1.43,1.27,2.5,2.57,0.256,5.76
17HR-299,322.0,324.0,0.061,0.89,12.6,6.8,61.0,43.8,8.15,7.97,1.9,0.74,2.57,2.23,0.268,4.88
17HR-299,324.0,326.0,0.055,0.8,9.9,4.2,73.0,41.7,8.19,8.49,2.09,0.75,3.44,1.31,0.259,3.97
17HR-299,326.0,328.0,0.023,0.38,5.6,3.2,76.0,12.7,8.94,6.23,2.09,1.32,3.86,1.65,0.293,2.08
17HR-299,328.0,330.0,0.02,0.18,6.3,2.7,88.0,15.0,8.79,6.81,2.28,1.45,3.16,1.86,0.292,2.04
17HR-299,330.0,332.0,0.009,0.1,15.0,2.9,71.0,8.0,8.9,5.33,1.87,1.91,3.58,2.03,0.292,1.35
17HR-299,332.0,334.0,0.024,0.32,165.0,2.5,75.0,7.4,8.9,6.27,2.05,1.98,3.61,1.73,0.299,1.66
17HR-299,334.0,336.0,0.025,0.38,23.2,4.1,55.0,23.8,8.77,5.38,1.73,1.83,3.12,2.38,0.298,2.48
17HR-299,336.0,338.0,0.296,0.78,54.3,4.0,58.0,23.4,9.06,5.93,1.92,1.82,3.3,2.3,0.293,2.9
17HR-299,338.0,340.0,0.085,0.86,8.7,5.3,53.0,40.2,8.19,8.32,1.72,0.8,2.86,1.89,0.264,5.47
17HR-299,340.0,342.0,0.063,0.64,5.5,4.5,52.0,45.8,8.72,7.32,1.82,1.08,2.62,2.27,0.286,4.42
17HR-299,342.0,344.0,0.512,0.72,11.4,6.2,63.0,49.9,7.71,8.49,2.8,2.35,2.02,1.75,0.243,4.82
17HR-299,344.0,346.0,0.215,0.5,7.5,4.2,70.0,76.4,8.02,6.74,2.6,2.46,1.95,2.1,0.261,3.11
17HR-299,346.0,348.0,0.081,0.86,5.8,5.3,71.0,53.2,8.61,8.33,2.22,1.33,2.31,2.05,0.275,4.13
17HR-299,348.0,350.0,0.113,1.72,101.0,7.3,62.0,69.2,8.88,8.92,1.91,1.42,1.99,2.46,0.283,6.17
17HR-299,350.0,352.0,0.09,0.71,8.2,6.2,56.0,99.1,8.41,7.21,2.42,2.65,0.84,2.95,0.26,4.21
17HR-299,352.0,354.0,0.083,0.34,3.5,4.4,69.0,39.7,8.84,7.08,2.69,1.98,1.77,2.43,0.278,2.82
17HR-299,354.0,356.0,0.367,1.12,11.6,5.3,67.0,49.8,7.94,10.15,2.57,1.93,2.35,1.6,0.24,6.28
17HR-299,356.0,358.0,0.168,0.74,5.9,6.1,51.0,39.1,7.37,11.85,2.08,1.79,3.28,0.98,0.242,8.48
17HR-299,358.0,360.0,0.161,0.51,5.2,6.7,49.0,43.7,7.75,8.26,1.67,1.61,3.22,1.43,0.228,5.79
17HR-299,360.0,362.0,0.038,0.25,3.3,4.0,70.0,29.1,8.89,6.95,2.12,1.2,2.72,2.11,0.287,3.04
17HR-299,362.0,364.0,0.031,0.29,2.7,3.3,89.0,17.1,8.46,8.01,2.55,1.2,2.73,1.79,0.279,3.41
17HR-299,364.0,366.0,0.099,0.88,4.8,6.0,61.0,45.8,8.79,8.29,1.78,0.62,2.9,2.18,0.293,5.63
17HR-299,366.0,368.0,0.076,0.76,3.9,6.0,57.0,49.3,8.93,6.47,1.81,1.16,2.6,2.53,0.299,4.0
17HR-299,368.0,370.0,0.107,1.52,5.8,7.9,40.0,62.6,8.95,7.26,1.38,1.38,2.86,2.49,0.289,6.01
17HR-299,370.0,372.0,0.123,2.12,11.0,9.8,38.0,69.5,8.15,9.4,1.3,1.08,1.73,2.76,0.264,7.91
17HR-299,372.0,374.0,0.128,0.94,5.9,4.5,68.0,30.1,7.7,10.4,2.43,1.09,1.92,1.6,0.26,6.0
17HR-299,374.0,376.0,0.073,1.34,4.8,11.3,62.0,84.2,7.26,9.89,2.13,0.71,1.91,1.9,0.267,6.76
17HR-299,376.0,378.0,0.058,1.37,6.9,8.4,46.0,79.2,7.97,7.1,1.93,1.59,2.48,2.11,0.254,5.27
17HR-299,376.0,378.0,0.04,1.0,6.0,7.1,46.0,64.0,7.76,6.62,1.94,1.53,2.6,2.1,0.26,4.74
17HR-299,378.0,380.0,0.01,0.11,2.7,3.1,67.0,21.9,8.91,5.93,2.49,1.62,3.79,1.49,0.289,1.9
17HR-299,380.0,382.0,0.012,0.24,10.9,3.1,63.0,30.2,8.9,5.98,2.45,1.72,3.66,1.84,0.293,2.11
17HR-299,382.0,384.0,0.011,0.22,5.5,2.9,60.0,18.6,8.93,5.66,2.23,1.3,4.24,1.37,0.292,1.95
17HR-299,384.0,386.0,0.009,0.19,10.7,2.8,60.0,16.0,8.76,5.24,2.29,1.61,4.34,1.35,0.297,1.7
17HR-299,386.0,388.0,,0.11,38.1,3.3,55.0,16.6,8.43,4.47,1.73,3.87,4.17,1.67,0.285,1.46
17HR-299,386.0,388.0,,0.11,46.7,3.3,58.0,18.2,8.65,4.64,1.8,3.01,4.2,1.71,0.292,1.62
17HR-299,388.0,390.0,,0.05,21.8,4.6,60.0,15.4,8.47,4.51,1.72,3.34,4.06,2.0,0.298,1.35
17HR-299,390.0,392.0,,0.02,17.0,4.4,75.0,5.6,8.8,4.67,1.81,3.55,3.89,1.95,0.308,0.63
17HR-299,392.0,394.0,,0.02,5.7,4.4,67.0,5.3,9.04,4.87,1.8,3.84,3.89,1.93,0.307,0.71
17HR-299,394.0,396.0,,0.06,29.1,4.3,68.0,3.4,8.5,4.54,1.87,2.85,3.79,1.78,0.297,0.47
17HR-299,396.0,398.0,,0.05,7.6,4.0,71.0,4.8,8.99,4.69,2.04,2.58,3.54,2.08,0.313,0.53
17HR-299,398.0,400.0,,0.03,3.9,2.2,82.0,4.9,8.3,5.19,2.15,2.57,3.58,1.58,0.294,0.36
17HR-299,400.0,402.0,,0.03,10.1,2.6,81.0,3.2,8.18,4.53,1.71,3.47,3.82,1.75,0.288,0.28
17HR-299,402.0,404.0,0.009,0.04,3.9,3.3,85.0,16.4,8.24,4.68,2.14,3.2,3.18,2.05,0.292,1.05
17HR-300,2.21,4.0,0.129,0.63,137.0,11.6,47.0,14.4,7.97,5.33,0.94,1.44,1.06,3.29,0.147,5.18
17HR-300,4.0,6.0,0.134,0.33,153.5,6.7,24.0,5.5,7.81,3.91,0.99,1.64,1.48,2.87,0.126,3.89
17HR-300,6.0,8.0,0.09,0.49,160.5,9.7,48.0,6.6,8.52,4.17,1.02,1.71,1.64,3.14,0.167,4.04
17HR-300,8.0,10.0,0.089,0.19,98.3,9.9,34.0,4.6,8.13,4.85,0.92,1.56,2.0,2.76,0.176,4.97
17HR-300,10.0,12.0,0.132,0.21,68.7,8.4,45.0,4.9,8.01,5.05,1.33,2.16,0.88,3.48,0.178,4.98
17HR-300,12.0,14.0,0.086,0.23,102.5,6.8,32.0,5.7,8.53,4.53,1.48,2.58,0.84,3.72,0.268,4.25
17HR-300,14.0,16.0,0.162,0.36,34.1,6.1,25.0,5.9,8.32,4.61,1.51,2.53,1.06,3.5,0.203,4.46
17HR-300,16.0,18.0,0.088,0.14,91.2,4.3,31.0,4.4,8.87,5.4,1.94,1.54,1.25,3.24,0.22,5.05
17HR-300,16.0,18.0,0.081,0.12,67.4,4.5,31.0,4.7,8.63,5.55,1.93,1.53,1.2,3.22,0.22,5.23
17HR-300,18.0,20.0,0.063,0.17,45.4,3.2,24.0,5.0,8.15,4.15,1.54,2.39,0.99,3.36,0.231,3.72
17HR-300,20.0,22.0,0.127,0.58,22.8,4.4,12.0,8.5,6.28,4.35,0.6,0.67,0.15,2.82,0.094,4.53
17HR-300,22.0,24.0,0.067,0.25,22.6,3.7,24.0,5.5,7.63,4.11,1.18,1.82,0.4,3.47,0.197,3.98
17HR-300,24.0,26.0,0.193,0.67,80.4,7.6,25.0,14.0,6.26,5.21,0.91,1.47,0.14,2.81,0.129,5.56
17HR-300,26.0,28.0,0.131,0.72,42.6,10.7,53.0,11.7,6.08,3.98,1.44,2.74,0.07,2.66,0.096,4.02
17HR-300,28.0,30.0,0.113,0.68,28.1,35.2,129.0,6.9,7.63,4.27,1.03,1.61,0.24,3.57,0.167,4.23
17HR-300,30.0,32.0,0.064,0.78,28.6,33.2,28.0,9.6,8.34,4.25,1.08,1.82,1.27,3.3,0.151,4.09
17HR-300,32.0,34.0,0.049,0.35,23.0,12.4,16.0,7.6,7.26,3.55,1.14,2.17,1.35,2.79,0.151,3.25
17HR-300,34.0,36.0,0.051,0.71,115.0,11.5,24.0,9.4,7.22,3.39,1.42,2.7,1.35,2.83,0.154,3.07
17HR-300,36.0,38.0,0.049,0.79,118.0,11.8,17.0,7.5,7.16,2.55,0.84,1.38,1.32,2.65,0.122,2.36
17HR-300,38.0,40.0,0.084,0.97,148.5,21.4,22.0,11.1,8.34,3.88,0.93,1.55,1.38,3.24,0.182,3.75
17HR-300,40.0,42.0,0.093,1.03,282.0,17.3,45.0,13.4,7.6,4.51,1.16,2.12,0.9,3.14,0.157,4.26
17HR-300,42.0,44.0,0.047,2.31,108.0,22.7,154.0,14.9,7.91,3.34,0.69,0.91,0.96,3.33,0.145,3.3
17HR-300,44.0,46.0,0.046,0.7,50.1,18.7,47.0,6.7,7.88,3.52,1.3,2.32,0.82,3.5,0.14,3.22
17HR-300,46.0,48.0,0.056,0.6,26.4,14.4,21.0,6.7,8.27,4.2,1.05,1.66,1.0,3.45,0.13,4.05
17HR-300,48.0,50.0,0.07,0.5,114.5,7.0,26.0,6.5,8.5,3.88,1.5,1.11,2.04,2.83,0.172,3.51
17HR-300,50.0,52.0,0.037,0.41,35.1,5.5,18.0,6.1,8.39,4.29,1.36,1.15,1.98,2.77,0.115,4.05
17HR-300,52.0,54.0,0.032,0.24,62.9,4.7,21.0,4.5,8.22,3.78,1.28,1.34,1.68,2.91,0.124,3.44
17HR-300,54.0,56.0,0.042,0.34,62.2,3.6,21.0,6.9,8.53,3.66,1.36,1.52,1.98,2.81,0.133,3.0
17HR-300,56.0,58.0,0.133,0.29,95.5,3.8,15.0,6.3,8.29,3.55,1.22,1.43,2.16,2.56,0.123,3.28
17HR-300,58.0,60.0,0.069,0.8,49.5,11.6,18.0,10.3,7.5,8.25,1.06,1.43,1.85,2.36,0.087,8.43
17HR-300,60.0,62.0,0.048,0.39,27.4,4.8,18.0,9.0,8.18,4.82,1.16,1.01,1.74,2.77,0.126,4.55
17HR-300,62.0,64.0,0.026,0.05,10.3,4.9,17.0,2.7,8.38,4.68,1.62,0.79,1.89,2.8,0.108,5.0
17HR-300,64.0,66.0,0.037,0.07,13.7,5.0,16.0,5.7,8.79,5.3,1.43,0.69,1.73,3.06,0.113,5.6
17HR-300,66.0,68.0,0.058,0.24,50.9,4.7,13.0,8.4,8.52,5.43,1.31,0.65,1.47,3.02,0.101,5.97
17HR-300,68.0,70.0,0.045,0.2,30.1,3.7,13.0,5.3,8.85,5.06,1.4,0.72,1.46,3.23,0.104,5.52
17HR-300,70.0,72.0,0.018,0.08,9.9,3.4,14.0,2.9,8.64,4.76,1.48,0.59,1.99,2.87,0.099,5.02
17HR-300,72.0,74.0,0.021,0.03,11.5,4.3,14.0,2.7,8.72,4.61,1.48,0.57,1.98,2.79,0.114,4.86
17HR-300,74.0,76.0,0.021,0.04,39.0,3.5,16.0,2.8,8.63,4.81,1.53,0.59,1.99,2.81,0.098,5.0
17HR-300,76.0,78.0,0.035,0.07,13.1,5.5,14.0,4.9,8.51,4.84,1.48,0.68,1.7,2.91,0.109,5.06
17HR-300,78.0,80.0,0.034,0.06,9.1,4.1,15.0,3.1,8.49,4.06,1.6,0.66,1.99,2.84,0.113,4.28
17HR-300,80.0,82.0,0.02,0.08,9.5,5.7,14.0,2.8,8.75,4.06,1.64,0.69,1.85,3.03,0.122,4.23
17HR-300,82.0,84.0,0.023,0.06,11.6,5.4,14.0,3.6,8.48,4.44,1.66,0.83,2.15,2.7,0.12,4.76
17HR-300,84.0,86.0,0.03,0.12,12.1,4.6,15.0,4.9,8.58,4.13,1.62,0.96,1.78,3.03,0.132,4.28
17HR-300,86.0,88.0,0.031,0.06,15.8,4.5,18.0,2.3,8.68,4.34,1.75,0.93,2.16,2.67,0.144,4.38
17HR-300,88.0,90.0,0.035,0.11,27.1,2.8,16.0,2.6,8.54,4.6,1.68,0.91,1.97,2.77,0.142,4.55
17HR-300,90.0,92.0,0.027,0.29,187.5,3.4,18.0,3.4,8.82,5.48,1.58,0.89,1.48,3.1,0.156,5.48
17HR-300,92.0,94.0,0.039,0.08,29.4,3.7,20.0,3.4,8.49,4.79,1.63,0.89,1.8,2.82,0.149,4.77
17HR-300,94.0,96.0,0.04,0.27,13.3,3.7,13.0,4.5,8.63,4.91,1.32,0.75,1.52,3.14,0.138,5.19
17HR-300,96.0,98.0,0.044,0.22,18.9,3.2,16.0,3.5,8.54,5.13,1.71,1.47,1.39,3.13,0.142,5.15
17HR-300,98.0,100.0,0.015,0.08,13.2,3.4,14.0,2.0,8.37,4.85,1.55,0.92,1.76,2.8,0.122,5.15
17HR-300,100.0,102.0,0.033,0.08,27.4,2.7,16.0,2.6,8.38,5.19,1.73,1.21,1.93,2.55,0.154,5.02
17HR-300,102.0,104.0,0.053,0.31,354.0,3.6,13.0,8.3,7.36,6.97,2.19,3.23,1.57,2.38,0.128,6.97
17HR-300,104.0,106.0,0.026,0.14,36.2,2.9,15.0,3.7,8.06,5.93,1.77,1.63,1.9,2.51,0.127,5.82
17HR-300,104.0,106.0,0.023,0.17,26.3,3.3,15.0,4.8,8.01,6.41,1.7,1.48,1.84,2.58,0.115,6.47
17HR-300,106.0,108.0,0.017,0.06,19.0,2.8,12.0,1.8,8.27,4.74,1.58,1.09,1.69,2.81,0.126,5.06
17HR-300,108.0,110.0,0.042,0.08,19.4,4.9,13.0,4.3,8.02,5.87,1.52,1.03,1.55,2.83,0.107,6.38
17HR-300,110.0,112.0,0.037,0.07,19.4,3.0,15.0,4.1,8.35,5.06,1.54,0.93,1.61,2.85,0.127,5.47
17HR-300,112.0,114.0,0.032,0.13,21.2,3.5,11.0,6.6,8.08,5.32,1.82,1.69,1.12,3.08,0.149,5.48
17HR-300,114.0,116.0,0.038,0.38,10.0,3.4,10.0,4.7,8.53,5.05,1.62,1.5,0.89,3.43,0.142,5.36
17HR-300,116.0,118.0,0.033,0.15,39.9,2.1,17.0,3.2,8.54,4.47,1.71,0.93,1.96,2.7,0.163,4.27
17HR-300,118.0,120.0,0.111,0.91,133.0,4.2,14.0,7.7,6.73,10.05,1.24,1.23,0.97,2.47,0.066,
17HR-300,120.0,122.0,0.164,0.24,113.0,3.1,11.0,11.6,7.17,7.48,0.99,1.11,0.07,3.3,0.093,7.51
17HR-300,120.0,122.0,0.151,0.22,20.9,3.0,10.0,9.2,7.29,7.04,0.98,1.04,0.08,3.32,0.095,7.13
17HR-300,122.0,124.0,0.117,0.33,16.7,4.2,5.0,12.4,6.02,9.59,0.79,1.27,0.07,2.79,0.086,
17HR-300,124.0,126.0,0.058,0.23,14.1,3.3,12.0,13.3,7.17,6.69,0.74,1.29,0.09,3.22,0.092,7.1
17HR-300,126.0,128.0,0.072,0.42,22.4,4.5,5.0,10.6,7.35,7.24,0.67,1.01,0.09,3.44,0.082,7.81
17HR-300,128.0,130.0,0.391,1.25,17.1,8.8,57.0,35.4,2.89,18.45,0.95,1.78,0.03,1.28,0.032,
17HR-300,130.0,132.0,0.144,1.85,15.4,10.0,12.0,34.6,1.31,23.4,1.17,2.07,0.02,0.48,0.009,
17HR-300,132.0,134.0,0.097,0.45,10.7,3.1,10.0,4.7,6.87,7.88,1.25,2.14,0.64,2.87,0.078,7.73
17HR-300,132.0,134.0,0.069,0.37,15.9,2.7,11.0,4.8,6.64,7.66,1.15,1.87,0.79,2.67,0.079,7.39
17HR-300,134.0,136.0,0.101,0.14,8.4,2.1,16.0,4.3,7.07,6.77,1.71,1.72,1.42,2.14,0.089,5.6
17HR-300,136.0,138.0,0.012,0.07,10.0,2.0,13.0,1.0,7.5,5.15,1.56,1.79,1.48,2.52,0.104,4.21
17HR-300,138.0,140.0,0.022,0.33,8.4,4.0,21.0,4.6,7.03,5.95,1.58,2.93,1.07,2.82,0.099,5.16
17HR-300,140.0,142.0,0.011,0.17,8.0,3.6,20.0,1.4,7.12,4.41,1.78,4.1,0.88,3.12,0.141,3.14
17HR-300,142.0,144.0,0.021,0.3,11.9,6.4,17.0,1.8,7.14,4.94,1.25,2.72,1.12,2.92,0.128,3.98
17HR-300,144.0,146.0,0.035,0.18,28.9,3.7,18.0,1.6,7.36,5.0,1.77,2.16,1.16,2.62,0.128,3.61
17HR-300,146.0,148.0,0.036,0.19,65.2,3.4,20.0,1.5,7.28,6.35,1.96,1.56,1.46,2.2,0.165,4.57
17HR-300,148.0,150.0,0.068,0.12,151.5,4.5,22.0,1.4,7.87,6.01,2.2,1.35,1.98,2.14,0.203,4.23
17HR-300,150.0,152.0,0.052,0.11,108.0,4.6,20.0,1.5,7.95,4.91,1.9,1.4,2.6,1.92,0.219,3.11
17HR-300,152.0,154.0,0.065,0.31,96.5,3.2,15.0,3.0,8.23,5.97,1.93,1.23,1.77,2.64,0.225,4.99
17HR-300,154.0,156.0,0.039,0.14,79.4,3.0,24.0,2.3,7.94,6.27,2.34,1.19,1.54,2.45,0.239,4.32
17HR-300,156.0,158.0,0.033,0.15,55.6,2.3,22.0,1.7,7.79,6.68,1.99,1.02,2.28,1.75,0.169,4.78
17HR-300,158.0,160.0,0.086,0.25,129.0,3.3,11.0,1.9,8.23,5.48,1.1,1.56,2.61,2.36,0.13,4.91
17HR-300,160.0,162.0,0.06,0.27,26.6,4.7,16.0,5.0,7.38,5.86,1.49,2.09,1.24,2.85,0.127,5.12
17HR-300,162.0,164.0,0.051,0.17,69.1,2.8,19.0,3.3,8.35,4.24,1.32,2.07,1.83,2.87,0.163,3.32
17HR-300,164.0,166.0,0.054,0.17,80.8,2.3,13.0,1.8,7.55,4.5,1.35,2.52,1.54,2.96,0.122,3.88
17HR-300,166.0,168.0,0.026,0.27,25.1,2.5,12.0,2.9,6.26,3.98,3.44,6.92,0.92,2.51,0.142,2.83
17HR-300,168.0,170.0,0.049,0.46,76.3,5.0,32.0,8.6,7.26,7.17,2.05,2.24,1.08,2.66,0.148,5.75
17HR-300,170.0,172.0,0.091,0.51,125.5,5.6,18.0,3.3,7.84,6.2,1.49,2.17,0.49,3.6,0.155,5.71
17HR-300,172.0,174.0,0.248,0.84,315.0,5.6,16.0,3.2,7.32,6.93,1.5,2.19,0.91,3.04,0.12,6.42
17HR-300,174.0,176.0,0.088,0.32,111.5,5.6,20.0,3.3,8.05,5.59,1.19,1.97,0.79,3.6,0.125,5.16
17HR-300,176.0,178.0,0.033,0.37,11.2,11.4,31.0,4.6,8.45,6.02,1.03,2.17,0.32,4.1,0.127,6.1
17HR-300,178.0,180.0,0.017,0.32,5.5,5.7,13.0,2.3,8.46,3.21,1.18,2.5,0.57,4.07,0.153,3.05
17HR-300,180.0,182.0,0.049,0.41,36.6,13.1,43.0,3.6,6.92,3.39,0.63,5.01,0.27,3.7,0.155,3.43
17HR-300,182.0,184.0,0.033,0.49,10.3,28.8,96.0,1.8,8.04,3.62,0.78,1.55,0.08,4.11,0.122,3.65
17HR-300,184.0,186.0,0.029,0.49,8.4,17.6,45.0,2.4,7.75,3.61,1.33,2.33,0.07,3.87,0.131,3.3
17HR-300,184.0,186.0,0.026,0.51,8.2,16.9,35.0,2.4,7.69,3.48,1.3,2.26,0.07,3.89,0.126,3.24
17HR-300,186.0,188.0,0.065,0.46,24.8,22.7,192.0,3.6,6.01,5.0,2.31,3.98,0.25,2.67,0.104,4.77
17HR-300,188.0,190.0,0.039,0.5,23.6,6.6,16.0,8.4,6.73,6.25,1.69,2.88,0.92,2.95,0.117,5.98
17HR-300,190.0,192.0,0.025,0.15,54.7,3.5,22.0,1.4,7.78,4.73,2.07,1.92,0.84,3.08,0.191,3.8
17HR-300,192.0,194.0,0.041,0.13,71.1,2.9,18.0,1.8,7.93,5.65,2.06,1.38,1.38,2.71,0.183,4.79
17HR-300,194.0,196.0,0.036,0.14,63.4,3.1,15.0,1.4,7.76,5.31,2.0,2.33,1.01,2.92,0.167,4.84
17HR-300,196.0,198.0,0.03,0.09,46.7,2.5,12.0,2.1,7.82,5.0,1.99,1.61,0.79,3.02,0.164,4.52
17HR-300,198.0,200.0,0.048,0.12,103.5,2.9,20.0,1.9,8.07,5.66,2.54,1.17,0.66,3.0,0.206,4.3
17HR-300,200.0,202.0,0.065,0.1,125.5,5.8,14.0,1.8,7.32,5.06,1.7,1.62,1.01,2.78,0.115,4.43
17HR-300,202.0,204.0,0.06,0.06,85.1,5.3,17.0,1.4,7.77,4.13,1.61,0.92,1.72,2.61,0.169,3.36
17HR-300,204.0,206.0,0.061,0.08,73.9,6.5,14.0,1.4,7.77,4.12,1.37,1.02,1.6,2.65,0.136,3.29
17HR-300,206.0,208.0,0.058,0.1,66.2,4.3,12.0,2.3,7.62,4.74,1.35,1.2,2.26,2.09,0.132,3.91
17HR-300,208.0,210.0,0.126,0.17,95.5,3.9,13.0,3.1,7.56,5.45,1.48,1.04,2.11,2.11,0.135,4.48
17HR-300,210.0,212.0,0.055,0.15,121.0,3.4,15.0,0.8,7.66,4.81,1.67,1.01,1.72,2.32,0.154,3.83
17HR-300,212.0,214.0,0.025,0.1,36.9,2.4,10.0,2.2,7.75,4.17,1.37,0.69,1.45,2.78,0.129,3.67
17HR-300,214.0,216.0,0.044,0.32,103.5,2.3,12.0,3.1,7.64,4.83,1.88,1.73,0.94,2.92,0.148,4.15
17HR-300,216.0,218.0,0.045,0.09,18.6,1.5,10.0,2.7,7.58,5.33,1.42,0.77,1.31,2.69,0.116,4.33
17HR-300,218.0,220.0,0.333,0.41,11.3,4.7,12.0,13.5,4.33,18.35,1.4,1.72,0.38,1.64,0.062,
17HR-300,220.0,222.0,0.06,0.19,20.8,3.3,12.0,4.7,6.91,7.0,1.28,0.98,1.09,2.5,0.103,6.21
17HR-300,222.0,224.0,0.065,0.46,343.0,17.8,46.0,5.2,7.4,6.45,1.47,1.29,1.75,2.27,0.141,5.67
17HR-300,224.0,226.0,0.056,0.32,30.6,4.0,13.0,8.7,7.58,7.19,1.58,1.17,1.62,2.51,0.135,6.76
17HR-300,226.0,228.0,0.047,0.38,22.1,3.5,17.0,5.0,7.49,8.23,1.78,0.98,1.78,2.08,0.155,7.13
17HR-300,228.0,230.0,0.061,0.29,21.0,3.2,22.0,5.0,7.07,6.8,1.93,1.52,1.45,2.31,0.164,5.22
17HR-300,230.0,232.0,0.077,0.18,25.6,2.9,14.0,6.0,5.86,5.5,2.9,5.06,0.35,2.61,0.138,4.53
17HR-300,232.0,234.0,0.076,0.25,160.0,3.2,16.0,2.8,6.59,7.38,2.14,2.04,1.25,2.22,0.126,6.55
17HR-300,234.0,236.0,0.06,0.11,154.0,2.4,22.0,1.9,8.16,5.04,2.02,1.34,2.01,2.71,0.198,3.75
17HR-300,236.0,238.0,0.021,0.24,29.0,3.7,30.0,3.1,7.95,5.34,1.75,1.32,1.66,2.57,0.223,3.35
17HR-300,238.0,240.0,0.265,1.32,24.6,71.5,247.0,11.3,6.9,8.4,1.73,2.5,0.58,2.92,0.17,7.6
17HR-300,240.0,242.0,0.026,0.16,32.8,12.1,33.0,2.3,7.71,4.55,1.69,1.48,1.18,2.96,0.167,3.38
17HR-300,242.0,244.0,0.055,0.18,123.0,4.4,30.0,2.1,7.89,4.39,1.66,1.59,1.2,3.13,0.201,2.83
17HR-300,244.0,246.0,0.054,0.17,133.5,7.1,29.0,1.7,7.5,3.96,1.41,1.06,1.45,2.9,0.178,2.61
17HR-300,246.0,248.0,0.057,0.14,139.5,4.7,27.0,1.8,7.57,4.59,1.56,1.25,1.43,2.78,0.188,2.92
17HR-300,248.0,250.0,0.034,0.14,34.4,5.2,16.0,1.7,7.87,4.21,1.3,0.88,1.58,2.98,0.151,3.62
17HR-300,250.0,252.0,0.04,0.08,64.9,5.2,29.0,1.8,7.8,4.31,1.69,1.46,1.71,2.75,0.213,3.19
17HR-300,252.0,254.0,0.039,0.06,41.2,3.9,30.0,1.8,7.8,4.28,1.73,1.56,2.15,2.48,0.228,2.93
17HR-300,254.0,256.0,0.028,0.09,11.2,3.7,22.0,1.5,7.96,4.84,1.77,1.2,1.95,2.47,0.221,3.74
17HR-300,256.0,258.0,0.031,0.15,11.0,4.0,22.0,2.2,7.67,4.35,2.01,2.02,1.34,2.86,0.194,3.24
17HR-300,258.0,260.0,0.023,0.13,14.7,5.6,21.0,2.4,7.77,4.74,1.75,1.41,1.9,2.54,0.211,3.7
17HR-300,260.0,262.0,0.031,0.09,58.7,4.5,29.0,2.5,8.96,4.68,1.98,1.6,2.53,2.62,0.287,3.46
17HR-300,262.0,264.0,0.03,0.16,39.4,5.6,28.0,3.3,7.62,4.07,1.75,1.79,1.98,2.39,0.261,2.28
17HR-300,264.0,266.0,0.031,0.08,38.3,4.9,30.0,2.4,7.84,4.06,1.61,1.81,2.09,2.53,0.253,2.87
17HR-300,266.0,268.0,0.04,0.09,28.4,9.2,15.0,1.6,7.58,4.48,1.22,1.84,2.36,2.76,0.164,3.87
17HR-300,268.0,270.0,0.068,0.1,54.1,9.1,14.0,2.3,7.45,5.61,1.32,1.89,1.6,2.95,0.14,5.15
17HR-300,270.0,272.0,0.027,0.08,41.3,6.5,16.0,3.6,7.26,4.27,1.69,2.2,2.31,2.23,0.178,3.36
17HR-300,272.0,274.0,0.095,0.18,250.0,3.1,20.0,2.2,7.56,5.44,1.54,1.0,2.56,1.91,0.173,3.94
17HR-300,272.0,274.0,0.101,0.21,282.0,3.3,20.0,2.1,7.61,5.61,1.49,0.84,2.56,1.97,0.179,4.11
17HR-300,274.0,276.0,0.074,0.22,33.0,4.1,16.0,4.7,7.11,5.97,1.56,1.27,2.82,1.52,0.13,4.62
17HR-300,276.0,278.0,0.078,0.21,120.0,4.3,19.0,4.5,7.24,4.88,1.44,1.55,1.75,2.46,0.169,3.66
17HR-300,278.0,280.0,0.086,0.15,108.0,2.3,19.0,3.6,7.3,4.45,1.47,0.93,1.89,2.26,0.179,3.0
17HR-300,280.0,282.0,0.067,0.42,13.9,5.4,19.0,12.7,7.01,7.96,1.88,1.56,2.25,1.5,0.147,6.4
17HR-300,282.0,284.0,0.165,0.27,57.8,2.9,22.0,6.7,7.79,5.62,1.82,1.1,2.26,2.05,0.242,3.89
17HR-300,284.0,286.0,0.043,0.13,82.9,2.8,23.0,2.1,7.67,5.39,1.62,1.87,2.15,2.19,0.244,3.43
17HR-300,286.0,288.0,0.033,0.14,76.3,3.0,23.0,3.9,7.69,5.04,1.72,1.88,2.16,2.18,0.262,3.04
17HR-300,288.0,290.0,0.038,0.15,88.9,2.8,20.0,2.5,7.82,4.48,1.34,1.89,2.3,2.28,0.238,2.69
17HR-300,290.0,292.0,0.037,0.14,62.3,3.8,19.0,3.3,7.73,4.76,1.36,1.92,2.54,2.14,0.222,3.08
17HR-300,292.0,294.0,0.049,0.27,22.5,6.5,23.0,16.9,6.93,8.17,1.89,3.47,2.06,1.85,0.216,6.81
17HR-300,294.0,296.0,0.045,0.12,132.0,3.8,24.0,2.4,7.93,4.59,1.6,1.05,2.03,2.47,0.248,2.89
17HR-300,296.0,298.0,0.031,0.12,91.0,3.1,19.0,3.2,7.49,4.7,1.48,1.4,2.42,1.91,0.239,2.77
17HR-300,298.0,300.0,0.053,0.08,163.5,4.7,33.0,1.7,7.88,4.79,1.82,1.97,2.16,2.43,0.281,2.33
17HR-300,300.0,302.0,0.068,0.1,180.0,5.7,25.0,2.5,7.79,4.49,1.46,1.38,2.36,2.45,0.23,2.88
17HR-300,302.0,304.0,0.053,0.1,148.0,4.4,25.0,2.2,7.73,4.9,1.52,1.1,2.18,2.42,0.233,3.21
17HR-300,304.0,306.0,0.138,0.16,157.5,7.8,26.0,4.2,7.35,6.66,1.41,1.16,1.99,2.32,0.212,5.22
17HR-300,306.0,308.0,0.065,0.12,256.0,5.6,31.0,2.2,7.55,4.6,1.55,1.2,2.48,2.31,0.225,2.93
17HR-300,308.0,310.0,0.063,0.14,181.0,5.6,29.0,2.4,7.73,4.88,1.66,0.59,2.65,2.26,0.238,3.14
17HR-300,310.0,312.0,0.062,0.12,204.0,5.0,23.0,1.7,7.99,4.79,1.59,0.53,2.91,2.07,0.243,3.04
17HR-300,312.0,314.0,0.046,0.12,165.5,4.9,24.0,1.5,7.31,4.37,1.44,0.76,2.01,2.55,0.193,2.94
17HR-300,314.0,316.0,0.067,0.22,293.0,5.8,27.0,4.0,7.95,5.03,1.6,1.36,2.28,2.68,0.212,3.58
17HR-300,316.0,318.0,0.049,0.14,236.0,7.2,32.0,1.7,7.93,4.04,1.55,1.5,2.21,2.89,0.243,2.49
17HR-300,318.0,320.0,0.061,0.18,274.0,8.4,31.0,2.0,7.98,4.93,1.59,1.08,2.66,2.3,0.247,3.24
17HR-300,320.0,322.0,0.092,0.17,176.5,5.2,26.0,2.4,7.79,5.2,1.7,1.73,2.62,1.96,0.256,3.32
17HR-300,322.0,324.0,0.066,0.14,265.0,7.2,31.0,1.5,7.94,4.46,1.55,2.07,2.78,2.26,0.272,2.71
17HR-300,324.0,326.0,0.048,0.18,218.0,5.3,30.0,2.4,7.82,5.15,1.54,1.47,2.33,2.2,0.252,3.15
17HR-300,326.0,328.0,0.05,0.23,315.0,4.8,22.0,2.8,7.62,5.85,1.48,1.33,2.37,2.05,0.223,4.05
17HR-300,328.0,330.0,0.042,0.26,304.0,4.2,20.0,2.4,7.7,5.14,1.58,1.61,2.71,1.88,0.249,3.3
17HR-300,330.0,332.0,0.035,0.16,278.0,3.9,17.0,2.9,7.77,4.8,1.43,1.39,2.85,1.96,0.244,3.38
17HR-300,332.0,334.0,0.029,0.13,106.0,3.5,20.0,1.9,7.95,5.74,1.55,1.08,2.85,1.79,0.233,3.68
17HR-300,334.0,336.0,0.044,0.26,122.5,4.8,24.0,6.4,7.93,6.51,1.71,1.2,2.44,2.07,0.25,4.77
17HR-300,336.0,338.0,0.045,0.2,114.5,4.6,23.0,6.2,7.57,8.9,1.75,1.5,2.47,1.77,0.197,7.05
17HR-300,338.0,340.0,0.071,0.25,218.0,5.0,27.0,4.0,7.96,6.84,1.69,1.04,2.57,2.0,0.224,4.82
17HR-300,340.0,342.0,0.027,0.12,61.1,3.2,17.0,2.0,7.89,6.26,1.41,0.93,2.86,1.81,0.193,4.35
17HR-300,342.0,344.0,0.039,0.29,41.7,5.3,24.0,3.4,7.59,10.2,1.78,0.69,2.91,1.28,0.212,7.87
17HR-300,344.0,346.0,0.066,0.22,356.0,7.5,32.0,3.0,7.38,5.69,1.95,1.24,2.2,2.08,0.245,3.63
17HR-300,346.0,348.0,0.043,0.21,219.0,4.6,22.0,3.2,7.29,5.86,1.5,0.94,2.33,1.92,0.234,4.1
17HR-300,348.0,350.0,0.032,0.23,77.8,3.7,26.0,3.5,7.4,5.04,1.59,1.82,1.01,2.85,0.225,3.13
17HR-300,350.0,352.0,0.028,0.18,135.5,4.3,24.0,3.7,6.92,4.17,1.56,2.0,1.61,2.39,0.222,2.48
17HR-300,352.0,354.0,0.056,0.17,257.0,6.9,27.0,1.3,7.73,4.84,1.45,0.77,2.3,2.46,0.244,3.38
17HR-300,354.0,356.0,0.052,0.15,263.0,7.8,33.0,1.6,7.91,4.95,1.43,1.1,2.22,2.9,0.24,3.55
17HR-300,356.0,358.0,0.056,0.18,291.0,8.5,34.0,2.8,7.8,4.51,1.61,0.89,2.33,2.68,0.258,2.88
17HR-300,358.0,360.0,0.054,0.22,421.0,7.9,43.0,1.3,7.44,6.32,2.6,1.33,2.06,2.1,0.301,3.62
17HR-300,360.0,362.0,0.048,0.17,279.0,6.7,28.0,1.8,7.72,4.53,1.68,1.41,2.66,2.07,0.261,2.87
17HR-300,360.0,362.0,0.056,0.16,294.0,6.9,30.0,1.2,7.9,4.86,1.75,1.66,2.67,2.23,0.277,3.07
17HR-300,362.0,364.0,0.096,0.37,493.0,7.0,30.0,2.9,7.77,3.97,1.74,1.68,2.41,2.32,0.263,2.55
17HR-300,364.0,366.0,0.103,0.27,275.0,9.6,34.0,3.2,7.76,4.97,1.7,1.75,2.02,2.55,0.274,3.41
17HR-300,366.0,368.0,0.04,0.15,185.0,6.5,39.0,2.0,7.71,4.32,2.07,1.65,1.71,2.61,0.291,2.45
17HR-300,368.0,370.0,0.057,0.24,264.0,5.4,33.0,2.9,7.49,5.57,2.28,1.11,2.04,1.92,0.293,3.49
17HR-300,370.0,372.0,0.061,0.17,248.0,5.5,27.0,1.5,7.26,5.09,1.84,0.85,2.44,1.68,0.266,3.45
17HR-300,372.0,374.0,0.045,0.16,191.0,5.3,22.0,2.3,7.35,4.57,1.64,0.92,2.37,1.92,0.258,3.27
17HR-300,374.0,376.0,0.058,0.15,127.5,4.5,21.0,2.1,7.74,4.51,1.67,1.34,2.59,1.98,0.277,2.96
17HR-300,376.0,378.0,0.045,0.16,259.0,6.3,29.0,1.3,7.25,4.81,2.06,0.87,2.3,1.71,0.273,3.31
17HR-300,378.0,380.0,0.035,0.16,64.5,4.6,21.0,2.9,7.6,5.53,1.79,0.93,1.52,2.62,0.207,4.18
17HR-300,380.0,382.0,0.053,0.15,186.5,4.5,24.0,1.1,7.71,4.34,1.6,1.52,1.86,2.66,0.208,3.29
17HR-300,382.0,384.0,0.052,0.21,191.5,7.1,30.0,2.1,7.88,3.83,1.48,1.52,1.63,2.84,0.221,2.81
17HR-300,384.0,386.0,0.051,0.22,158.0,5.2,28.0,2.5,7.7,3.82,1.68,2.23,1.65,2.92,0.214,2.9
17HR-300,386.0,388.0,0.026,0.08,61.7,3.6,36.0,1.6,7.65,3.87,1.71,2.34,1.76,2.7,0.233,1.99
17HR-300,388.0,390.0,0.036,0.11,58.4,3.5,29.0,2.0,8.03,4.5,1.48,2.22,1.95,2.63,0.233,2.9
17HR-300,390.0,392.0,0.026,0.08,34.5,4.1,21.0,2.1,8.49,4.7,1.36,1.36,1.63,3.11,0.195,3.86
17HR-300,392.0,394.0,0.049,0.22,247.0,5.5,30.0,2.7,7.79,5.24,1.41,1.67,1.67,2.72,0.208,4.09
17HR-300,394.0,396.0,0.039,0.24,312.0,5.6,41.0,2.1,8.31,4.33,1.62,1.61,1.83,2.86,0.275,2.14
17HR-300,396.0,398.0,0.253,0.51,112.5,6.9,35.0,13.0,6.03,15.3,2.04,1.14,1.57,1.2,0.13,
17HR-300,398.0,400.0,0.082,0.51,350.0,7.9,27.0,5.8,7.03,7.04,1.61,1.3,1.1,2.21,0.177,5.03
17HR-300,400.0,402.0,0.049,0.29,274.0,5.6,29.0,3.2,8.25,4.86,1.82,1.55,2.4,2.21,0.291,3.25
17HR-300,402.0,404.0,0.056,0.29,194.5,7.3,24.0,6.2,8.1,5.8,1.47,1.61,1.72,2.79,0.211,4.72
17HR-300,404.0,406.0,0.052,0.24,269.0,5.9,28.0,4.1,8.15,4.79,1.8,1.29,2.05,2.55,0.231,3.35
17HR-300,406.0,408.0,0.041,0.21,185.0,5.2,21.0,6.1,7.73,4.97,1.83,1.03,1.47,2.78,0.224,3.96
17HR-300,408.0,410.0,0.045,0.17,205.0,5.4,27.0,3.9,7.93,4.97,2.06,0.69,1.59,2.72,0.292,3.5
17HR-300,410.0,412.0,0.037,0.21,166.5,7.3,27.0,4.2,6.96,5.42,1.87,2.16,1.22,2.54,0.243,4.61
17HR-300,412.0,413.0,0.029,0.17,146.0,5.1,15.0,4.1,7.01,4.15,1.45,1.42,0.66,3.11,0.216,3.57
17HR-301,3.36,5.0,0.016,0.3,20.3,7.3,64.0,10.4,8.46,5.66,1.26,2.65,2.45,2.4,0.29,4.15
17HR-301,5.0,7.0,0.011,0.23,25.6,6.7,83.0,12.2,7.97,6.55,1.67,2.17,2.2,2.28,0.302,4.47
17HR-301,7.0,9.0,0.021,0.31,48.6,7.5,100.0,24.9,8.04,8.07,2.08,0.84,1.99,1.87,0.308,4.42
17HR-301,7.0,9.0,0.015,0.35,59.7,7.9,101.0,26.1,7.77,8.08,2.03,0.77,2.08,1.83,0.312,4.38
17HR-301,9.0,11.0,0.017,0.53,216.0,8.6,86.0,30.5,8.65,7.26,1.63,0.97,1.28,2.77,0.336,4.16
17HR-301,11.0,13.0,0.042,1.28,855.0,9.2,141.0,22.1,8.05,8.81,1.93,0.75,0.96,2.24,0.311,2.69
17HR-301,13.0,15.0,0.113,0.64,30.8,13.9,107.0,22.2,6.55,7.46,2.23,4.19,1.14,1.95,0.243,4.01
17HR-301,15.0,17.0,0.026,0.43,10.5,8.6,129.0,7.1,7.95,5.69,1.76,2.21,1.42,2.62,0.345,1.19
17HR-301,17.0,19.0,,0.12,23.1,5.0,118.0,4.4,7.79,5.04,1.55,3.19,1.88,2.32,0.339,0.87
17HR-301,19.0,21.0,0.007,0.17,10.5,9.7,69.0,10.8,7.68,5.27,1.15,3.62,1.84,2.95,0.331,4.03
17HR-301,21.0,23.0,,0.29,24.9,20.3,134.0,15.5,7.3,5.16,1.09,3.79,1.85,3.09,0.334,4.31
17HR-301,23.0,25.0,0.005,0.13,5.4,11.8,132.0,13.6,6.98,4.66,1.59,4.0,1.65,2.61,0.318,2.64
17HR-301,25.0,27.0,0.006,0.41,19.3,18.5,153.0,18.2,7.67,5.41,1.56,3.82,1.89,2.87,0.346,3.4
17HR-301,27.0,29.0,,0.05,24.1,4.5,178.0,5.8,8.05,5.09,1.94,2.64,2.39,1.96,0.322,0.46
17HR-301,29.0,31.0,,0.06,16.5,3.5,177.0,4.5,7.92,5.22,2.16,1.99,2.51,1.91,0.341,0.57
17HR-301,31.0,33.0,0.03,0.22,16.4,11.2,106.0,22.2,7.73,5.49,1.76,1.86,1.9,2.78,0.336,3.62
17HR-301,33.0,35.0,0.038,0.47,15.6,12.3,64.0,39.0,6.84,5.14,2.21,4.02,0.79,2.76,0.268,3.64
17HR-301,35.0,37.0,0.007,0.22,7.6,14.5,110.0,17.7,7.66,5.14,2.27,3.79,0.81,3.27,0.33,3.02
17HR-301,37.0,39.0,0.006,0.23,7.4,10.7,100.0,13.9,7.69,5.22,1.88,2.54,1.04,2.93,0.323,3.15
17HR-301,39.0,41.0,,0.31,11.3,13.4,95.0,11.3,7.83,5.43,1.61,4.03,1.36,3.16,0.359,3.84
17HR-301,41.0,43.0,0.015,0.87,18.6,21.6,62.0,20.9,7.02,4.8,1.37,5.04,0.99,2.95,0.296,3.92
17HR-301,43.0,45.0,0.019,0.58,53.0,18.4,181.0,31.8,6.96,4.93,1.21,7.49,0.62,3.33,0.272,4.55
17HR-301,45.0,47.0,0.017,0.15,11.0,9.7,212.0,22.9,7.43,5.03,1.48,4.03,1.53,3.07,0.314,3.16
17HR-301,47.0,49.0,0.008,0.21,12.3,11.1,78.0,32.8,8.16,5.14,1.2,3.19,1.42,3.28,0.318,4.08
17HR-301,49.0,51.0,0.166,1.25,183.0,18.7,297.0,51.3,7.5,5.56,1.78,4.69,0.88,3.21,0.275,5.07
17HR-301,51.0,53.0,0.011,0.18,12.1,8.4,66.0,26.4,7.73,5.18,1.65,3.13,1.29,3.2,0.299,4.51
17HR-301,53.0,55.0,,0.11,18.2,7.2,79.0,32.8,7.8,4.82,1.62,4.02,1.2,3.12,0.287,2.63
17HR-301,55.0,57.0,,0.11,43.9,4.6,160.0,22.0,7.69,4.68,1.54,3.99,1.54,2.84,0.291,0.47
17HR-301,57.0,59.0,0.013,0.08,12.9,6.6,104.0,36.2,7.45,4.55,1.2,4.32,1.58,2.9,0.286,1.52
17HR-301,59.0,61.0,0.494,0.76,115.0,20.6,115.0,45.6,8.18,7.63,1.71,2.89,1.21,2.94,0.274,4.07
17HR-301,61.0,63.0,18.2,6.35,755.0,113.0,2260.0,54.8,6.98,8.41,1.69,2.39,1.04,2.8,0.263,6.21
17HR-301,63.0,65.0,0.252,0.29,17.7,8.2,80.0,28.0,8.52,7.39,1.81,1.39,1.32,3.01,0.269,4.76
17HR-301,65.0,67.0,1.12,0.89,29.8,17.7,73.0,84.3,6.11,9.98,2.34,3.35,0.13,2.53,0.215,7.85
17HR-301,67.0,69.0,0.541,0.68,59.7,11.3,54.0,85.9,6.74,8.94,2.32,3.44,0.09,2.99,0.214,6.81
17HR-301,69.0,71.0,0.099,0.67,20.6,23.4,118.0,91.2,7.46,7.04,1.59,2.79,0.81,3.35,0.252,5.17
17HR-301,71.0,73.0,0.072,0.33,4.5,10.1,105.0,222.0,7.95,7.66,2.07,2.59,1.05,2.65,0.266,3.52
17HR-301,73.0,75.0,0.073,0.17,6.3,3.6,94.0,93.4,8.36,5.5,1.94,2.62,1.35,3.01,0.281,1.07
17HR-301,75.0,77.0,0.01,0.09,3.9,2.2,116.0,26.5,8.26,4.83,1.93,3.82,1.46,3.16,0.291,0.29
17HR-301,77.0,79.0,,0.04,2.9,1.9,109.0,12.6,7.72,5.76,2.08,3.38,2.09,2.33,0.345,0.18
17HR-301,79.0,81.0,0.005,0.05,5.1,2.1,113.0,5.0,7.81,5.54,2.02,3.12,2.33,2.17,0.361,0.25
17HR-301,81.0,83.0,0.007,0.19,35.8,5.4,121.0,14.1,8.01,5.42,1.82,3.78,2.42,2.38,0.352,0.95
17HR-301,83.0,85.0,0.018,0.49,28.0,7.6,101.0,65.1,8.21,5.35,1.85,3.99,2.35,2.65,0.369,1.14
17HR-301,85.0,87.0,,0.77,51.6,6.7,135.0,12.5,8.21,5.39,2.32,4.59,2.26,2.4,0.337,0.42
17HR-301,87.0,89.0,0.224,0.26,26.7,8.2,155.0,16.2,7.66,8.79,2.7,1.03,2.57,0.94,0.279,1.47
17HR-301,89.0,91.0,0.093,0.25,65.7,7.4,148.0,42.0,6.99,9.57,2.85,1.09,1.98,1.06,0.267,2.64
17HR-301,91.0,93.0,0.066,0.2,21.3,6.5,128.0,11.3,7.96,7.05,2.57,2.52,2.39,1.91,0.295,1.7
17HR-301,93.0,95.0,0.026,0.27,17.7,7.4,150.0,21.3,7.81,9.47,3.1,1.29,1.89,1.52,0.328,2.44
17HR-301,95.0,97.0,0.005,0.13,22.2,5.5,91.0,14.7,7.6,5.31,2.01,3.46,1.86,2.83,0.349,1.5
17HR-301,95.0,97.0,0.007,0.13,22.5,4.8,90.0,12.4,8.06,5.17,1.91,3.12,1.89,2.9,0.348,1.37
17HR-301,97.0,99.0,,0.14,43.6,5.5,88.0,7.2,8.06,5.07,1.74,3.49,2.5,2.53,0.362,0.71
17HR-301,99.0,101.0,,0.06,29.4,2.5,96.0,2.8,8.01,4.86,1.87,2.27,2.3,2.46,0.351,0.26
17HR-301,101.0,103.0,0.007,0.09,24.4,7.1,99.0,8.3,7.25,5.1,1.81,3.45,1.94,2.68,0.346,1.09
17HR-301,103.0,105.0,,0.09,41.0,5.7,105.0,3.7,7.79,5.02,1.79,3.42,1.71,3.23,0.368,0.43
17HR-301,105.0,107.0,,0.06,8.5,4.3,102.0,3.3,7.75,5.17,1.81,3.76,2.71,2.14,0.348,0.28
17HR-301,107.0,109.0,,0.03,3.7,4.5,101.0,2.1,8.01,5.2,1.93,3.94,2.5,2.61,0.37,0.08
17HR-301,109.0,111.0,,0.09,7.1,4.2,108.0,4.1,7.83,5.73,2.19,3.34,2.44,2.27,0.37,0.54
17HR-301,111.0,113.0,,0.09,26.4,3.5,100.0,3.5,7.59,5.3,1.98,4.09,2.62,2.11,0.362,0.63
17HR-301,113.0,115.0,,0.03,4.8,2.9,104.0,1.6,7.79,5.15,1.93,3.68,2.67,2.54,0.371,0.17
17HR-301,115.0,117.0,,0.09,29.6,3.6,123.0,18.1,8.21,5.51,2.2,3.85,2.73,2.12,0.378,0.24
17HR-301,117.0,119.0,0.013,0.31,58.2,6.5,120.0,40.0,7.83,6.46,2.3,3.6,2.31,1.75,0.344,1.16
17HR-301,119.0,121.0,0.011,0.27,67.4,6.2,113.0,27.7,7.95,5.97,2.09,2.87,2.43,2.3,0.364,1.15
17HR-301,121.0,123.0,0.015,0.35,89.4,9.1,117.0,17.4,7.64,7.62,2.27,1.99,2.21,2.07,0.34,2.01
17HR-301,123.0,125.0,0.005,0.13,16.7,5.2,112.0,4.8,7.97,5.64,2.01,3.53,2.56,2.2,0.367,1.2
17HR-301,125.0,127.0,0.009,0.25,63.0,7.9,107.0,13.6,7.72,6.55,1.95,2.9,2.78,1.81,0.356,2.44
17HR-301,127.0,129.0,0.022,0.09,25.5,5.1,83.0,7.7,7.79,5.57,1.73,4.19,2.59,2.17,0.355,2.22
17HR-301,129.0,131.0,0.01,0.16,18.9,7.3,93.0,13.7,7.86,6.96,2.08,2.84,2.37,1.98,0.36,2.9
17HR-301,131.0,133.0,0.007,0.13,5.1,5.1,82.0,10.4,8.11,6.9,1.88,2.0,2.59,1.94,0.341,3.77
17HR-301,133.0,135.0,0.014,0.1,21.8,5.7,92.0,19.9,8.14,6.86,2.12,2.32,2.63,1.7,0.344,2.48
17HR-301,135.0,137.0,0.005,0.11,8.4,4.8,84.0,8.3,7.68,5.38,1.77,3.88,2.73,1.97,0.342,1.9
17HR-301,137.0,139.0,0.005,0.13,8.3,4.9,67.0,12.3,7.38,5.1,1.3,3.84,2.57,2.39,0.331,3.05
17HR-301,139.0,141.0,0.009,0.25,6.6,7.4,69.0,11.6,7.68,6.36,1.43,2.68,2.51,2.39,0.324,4.15
17HR-301,141.0,143.0,0.007,0.27,58.7,5.9,76.0,11.1,8.16,6.29,1.53,2.45,2.48,2.42,0.323,3.51
17HR-301,143.0,145.0,0.014,0.22,50.6,5.9,84.0,14.1,8.06,6.5,1.65,2.33,2.56,2.1,0.33,2.92
17HR-301,145.0,147.0,0.012,0.25,6.9,5.8,89.0,11.7,7.79,6.48,1.64,3.27,2.69,2.24,0.335,3.13
17HR-301,147.0,149.0,0.007,0.15,3.4,3.8,106.0,9.4,8.27,7.49,1.94,1.93,2.87,1.61,0.309,2.39
17HR-301,149.0,151.0,0.012,0.21,23.9,7.9,88.0,14.9,7.87,7.0,1.54,2.62,2.27,2.38,0.34,3.02
17HR-301,151.0,153.0,,0.11,9.3,4.2,94.0,6.4,7.93,5.69,1.71,3.67,2.95,1.91,0.344,1.32
17HR-301,153.0,155.0,0.006,0.25,178.0,5.7,98.0,9.3,7.76,6.39,1.84,3.18,2.17,2.01,0.345,1.3
17HR-301,155.0,157.0,0.057,1.23,38.0,18.5,61.0,31.7,7.23,4.68,1.06,4.51,0.32,3.19,0.291,2.77
17HR-301,157.0,159.0,0.4,5.64,41.9,49.4,61.0,39.0,7.92,6.38,1.27,1.49,0.04,3.45,0.286,5.18
17HR-301,159.0,161.0,0.012,0.23,16.8,9.1,76.0,31.1,8.19,5.84,1.91,1.22,1.17,2.72,0.299,2.61
17HR-301,161.0,163.0,0.056,0.55,12.7,13.3,74.0,27.5,8.14,6.8,1.76,1.14,0.79,3.03,0.304,3.94
17HR-301,163.0,165.0,0.046,0.37,13.8,11.9,107.0,33.2,7.99,7.38,1.97,1.28,0.93,2.78,0.275,4.14
17HR-301,165.0,167.0,0.067,0.75,116.5,12.2,78.0,35.0,8.25,7.79,1.75,0.92,0.74,3.11,0.296,5.12
17HR-301,167.0,169.0,0.05,0.66,9.0,9.3,115.0,33.9,8.04,8.97,2.45,1.14,1.65,1.88,0.288,3.7
17HR-301,169.0,171.0,0.009,0.11,3.3,3.2,93.0,11.4,8.56,6.22,2.26,1.61,1.92,2.48,0.299,1.71
17HR-301,171.0,173.0,0.025,0.15,2.7,4.2,88.0,24.4,8.27,6.75,2.23,1.61,1.82,2.26,0.291,2.42
17HR-301,173.0,175.0,0.007,0.09,1.8,1.9,102.0,7.6,8.53,6.72,2.38,1.49,1.78,2.18,0.287,1.25
17HR-301,175.0,177.0,0.092,0.33,5.1,9.4,81.0,52.4,7.3,7.19,2.3,2.57,1.15,2.39,0.258,3.52
17HR-301,177.0,179.0,0.008,0.06,5.2,2.3,99.0,12.1,8.81,6.34,2.69,2.4,1.73,2.45,0.304,1.12
17HR-301,179.0,181.0,0.007,0.08,7.7,1.9,88.0,8.1,8.44,5.67,2.63,2.37,1.94,2.53,0.314,0.84
17HR-301,181.0,183.0,0.007,0.07,11.2,2.5,84.0,15.9,8.71,5.38,2.73,2.69,1.9,2.53,0.303,0.92
17HR-301,183.0,185.0,0.005,0.04,2.2,2.2,105.0,6.0,8.5,6.76,2.39,1.32,2.32,2.06,0.317,0.89
17HR-301,183.0,185.0,,0.04,3.3,2.1,102.0,5.9,8.48,6.58,2.4,1.4,2.21,2.01,0.307,0.83
17HR-301,185.0,187.0,,0.06,21.3,1.9,116.0,3.1,8.82,6.92,2.66,1.52,2.35,2.15,0.344,0.45
17HR-301,187.0,189.0,0.005,0.06,2.9,2.7,110.0,7.5,8.74,7.02,2.4,1.42,2.15,2.1,0.317,1.3
17HR-301,189.0,191.0,0.009,0.08,2.9,2.1,128.0,7.0,9.05,7.44,2.94,1.65,2.41,2.09,0.347,0.53
17HR-301,191.0,193.0,0.006,0.05,3.9,1.4,114.0,5.8,8.46,7.17,2.73,1.54,2.34,1.82,0.314,0.6
17HR-301,193.0,195.0,,0.05,1.4,2.1,110.0,4.7,8.57,7.03,2.73,1.35,2.63,1.78,0.324,0.39
17HR-301,195.0,197.0,0.007,0.06,7.4,2.3,115.0,5.3,8.98,7.03,2.77,1.7,2.55,2.18,0.343,0.89
17HR-301,197.0,199.0,0.111,0.57,15.9,9.9,88.0,37.7,6.84,8.66,2.45,2.36,1.15,1.8,0.252,4.37
17HR-301,199.0,201.0,0.034,0.24,5.4,18.1,110.0,46.2,8.03,8.81,2.36,1.27,3.61,0.95,0.295,3.47
17HR-301,201.0,203.0,0.165,0.91,82.3,10.9,67.0,99.9,7.32,10.55,2.04,1.66,1.42,2.55,0.293,7.73
17HR-301,203.0,205.0,0.087,0.37,4.0,14.3,70.0,124.0,7.52,9.73,2.12,1.15,1.78,3.2,0.306,6.62
17HR-301,205.0,207.0,0.178,1.26,28.3,16.0,46.0,102.5,7.12,9.39,1.71,0.99,1.24,2.46,0.268,7.91
17HR-301,207.0,209.0,0.209,1.2,8.3,14.3,48.0,70.9,7.07,9.0,1.52,0.77,1.83,1.82,0.276,6.89
17HR-301,209.0,211.0,0.134,0.9,14.6,8.1,63.0,69.6,7.49,8.95,1.99,1.33,2.66,1.54,0.289,5.75
17HR-301,209.0,211.0,0.139,0.93,15.0,9.7,61.0,64.3,7.79,8.94,1.89,1.19,2.65,1.45,0.289,5.85
17HR-301,211.0,213.0,0.171,1.3,163.0,7.9,71.0,47.5,7.14,9.15,2.04,1.29,1.54,1.92,0.283,5.4
17HR-301,213.0,215.0,0.032,0.42,6.2,7.4,94.0,35.2,8.42,7.42,2.2,1.04,2.63,2.34,0.347,2.91
17HR-301,215.0,217.0,0.161,1.47,13.4,8.4,70.0,71.7,6.83,10.65,1.74,1.07,1.98,1.76,0.294,6.58
17HR-301,217.0,219.0,0.137,2.76,40.4,9.8,57.0,47.9,7.5,9.32,1.6,1.03,1.67,2.3,0.312,6.76
17HR-301,219.0,221.0,0.039,1.57,53.4,10.9,79.0,25.9,8.18,5.75,2.36,1.92,2.78,2.6,0.347,2.72
17HR-301,221.0,223.0,0.026,0.36,39.9,11.6,67.0,32.3,7.84,5.69,2.05,2.32,3.35,2.08,0.34,3.15
17HR-301,223.0,225.0,0.012,0.21,65.5,8.3,79.0,16.5,7.87,5.64,2.17,2.41,2.92,2.29,0.35,1.91
17HR-301,225.0,227.0,,0.06,45.9,5.6,83.0,10.6,8.26,5.4,2.37,2.63,3.48,1.99,0.354,1.08
17HR-301,227.0,229.0,0.01,0.33,64.0,6.8,79.0,9.3,7.88,5.78,2.11,2.84,3.15,2.39,0.35,2.6
17HR-301,229.0,231.0,0.061,0.76,15.5,7.1,68.0,62.4,7.26,8.83,2.35,1.58,2.83,1.97,0.304,6.6
17HR-301,231.0,233.0,0.059,1.38,5.9,6.3,58.0,61.1,7.98,6.11,2.19,1.88,2.96,2.56,0.32,4.72
17HR-301,233.0,235.0,0.024,1.44,8.9,7.0,56.0,70.1,7.88,5.93,1.67,3.17,3.67,2.5,0.331,4.63
17HR-301,235.0,237.0,0.005,0.12,80.9,3.9,82.0,36.6,7.73,5.29,1.91,3.7,3.5,2.18,0.32,2.21
17HR-301,237.0,239.0,0.01,0.62,10.6,5.3,63.0,69.7,7.86,6.16,1.83,2.73,3.31,2.33,0.313,3.77
17HR-301,239.0,241.0,0.035,1.62,7.1,5.9,55.0,51.5,8.04,7.24,2.1,1.38,2.54,2.63,0.333,4.94
17HR-301,241.0,243.0,0.015,0.4,16.7,8.3,58.0,46.0,8.11,5.9,2.07,2.17,3.0,2.49,0.323,4.27
17HR-301,243.0,245.0,0.013,0.18,7.7,8.0,54.0,49.1,8.25,5.99,2.2,1.57,3.28,2.38,0.341,5.13
17HR-301,245.0,247.0,0.013,0.42,10.0,9.2,32.0,66.5,8.18,5.53,1.74,1.35,3.2,2.91,0.323,5.25
17HR-301,247.0,249.0,0.019,0.83,6.0,4.9,34.0,46.4,8.28,5.95,1.79,1.35,3.37,2.7,0.33,5.59
17HR-301,249.0,251.0,0.031,1.56,6.7,6.1,29.0,51.1,8.05,5.55,1.49,1.14,2.43,2.52,0.322,5.09
17HR-301,251.0,253.0,0.062,2.75,6.4,11.8,34.0,44.4,8.08,6.98,1.64,1.26,1.4,3.03,0.308,6.28
17HR-301,253.0,255.0,0.054,2.04,57.0,17.2,77.0,62.3,7.84,5.83,3.04,1.54,0.87,2.91,0.307,3.58
17HR-301,255.0,257.0,0.156,1.04,1140.0,6.5,123.0,20.8,7.17,5.3,3.82,1.28,1.87,1.52,0.306,1.14
17HR-301,257.0,259.0,0.203,2.68,88.2,12.6,278.0,60.5,5.9,6.02,2.33,3.59,0.23,2.52,0.254,3.98
17HR-301,257.0,259.0,0.171,2.32,76.3,11.1,123.0,49.9,5.66,5.61,2.31,3.58,0.27,2.35,0.24,3.48
17HR-301,259.0,261.0,0.018,0.47,79.8,7.1,86.0,25.5,7.5,5.53,3.81,2.78,1.18,2.22,0.302,1.25
17HR-301,261.0,263.0,0.175,2.71,7.9,8.9,36.0,68.9,7.69,6.48,1.97,1.77,0.86,2.99,0.285,5.55
17HR-301,263.0,265.0,0.045,2.1,6.7,6.0,40.0,50.6,7.9,5.05,1.83,1.09,1.2,3.12,0.293,3.66
17HR-301,263.0,265.0,0.04,2.13,6.4,5.3,42.0,53.7,8.06,5.22,1.93,1.2,1.24,3.07,0.288,3.73
17HR-301,265.0,267.0,0.146,3.67,6.7,9.5,51.0,55.2,8.01,5.89,1.9,0.97,0.85,3.24,0.261,4.1
17HR-301,267.0,269.0,0.121,3.86,6.8,7.2,34.0,50.5,7.29,5.91,1.51,0.71,0.41,3.18,0.249,4.84
17HR-301,269.0,271.0,0.298,3.73,5.1,7.7,33.0,75.9,6.95,7.12,1.24,0.86,0.35,2.94,0.258,5.81
17HR-301,271.0,273.0,0.258,10.8,33.2,37.4,36.0,94.3,7.54,6.13,1.14,1.06,0.82,3.27,0.267,5.21
17HR-301,273.0,275.0,0.208,5.13,6.2,9.2,33.0,125.0,7.44,5.28,1.41,1.95,0.28,3.52,0.278,4.41
17HR-301,275.0,277.0,0.101,5.25,4.9,8.7,18.0,80.5,7.38,4.84,0.94,1.29,0.09,3.58,0.304,4.54
17HR-301,277.0,279.0,0.103,3.55,4.4,7.2,50.0,86.8,7.96,4.93,1.74,1.38,0.09,3.63,0.302,3.48
17HR-301,279.0,281.0,0.11,2.85,6.5,8.5,32.0,96.0,7.34,5.82,1.24,1.11,0.49,3.22,0.26,4.94
17HR-301,281.0,283.0,0.116,2.64,7.8,9.7,29.0,79.1,6.94,6.37,1.01,1.43,0.63,3.06,0.265,5.67
17HR-301,283.0,285.0,0.108,1.38,7.9,6.9,15.0,65.6,6.49,6.1,0.75,1.14,0.13,3.17,0.217,5.95
17HR-301,285.0,287.0,0.567,9.22,9.3,9.1,11.0,55.3,6.7,6.05,0.64,0.92,0.08,3.25,0.237,5.95
17HR-301,287.0,289.0,0.103,2.5,17.5,8.3,45.0,48.5,6.95,5.71,1.46,1.23,0.22,2.83,0.258,3.96
17HR-301,289.0,291.0,0.14,0.74,42.1,4.0,75.0,13.8,6.55,9.05,2.92,0.79,0.49,1.64,0.238,4.17
17HR-301,291.0,293.0,0.073,0.5,6.6,7.6,34.0,11.6,6.43,5.72,1.12,2.01,0.36,2.97,0.191,5.13
17HR-301,293.0,295.0,0.034,0.43,4.0,2.8,21.0,10.5,6.05,5.24,1.15,1.79,1.27,2.15,0.188,4.42
17HR-301,295.0,297.0,0.07,1.26,13.0,3.6,21.0,9.9,6.96,6.18,1.0,1.13,1.08,2.75,0.202,5.28
17HR-301,297.0,299.0,0.117,1.65,5.0,4.6,21.0,12.8,6.59,4.59,0.9,0.98,1.15,2.49,0.193,3.79
17HR-301,299.0,301.0,0.063,0.68,5.0,8.2,43.0,8.6,7.61,5.67,2.09,2.13,1.1,2.87,0.25,4.0
17HR-301,301.0,303.0,0.02,0.92,5.9,18.0,43.0,5.5,7.71,4.95,1.54,3.04,1.05,3.39,0.262,4.48
17HR-301,303.0,305.0,0.015,0.66,4.3,8.8,29.0,4.9,7.79,3.9,1.59,2.82,1.79,3.04,0.277,2.95
17HR-301,305.0,307.0,0.023,0.77,15.2,13.6,44.0,5.8,7.63,4.31,1.87,3.75,1.86,2.78,0.266,3.16
17HR-301,307.0,309.0,0.009,0.2,21.8,4.4,42.0,3.5,8.22,4.13,1.81,1.91,2.98,2.0,0.291,1.59
17HR-301,309.0,311.0,0.014,0.31,5.5,15.2,150.0,6.5,8.19,4.44,1.58,1.8,2.57,2.46,0.277,3.57
17HR-301,311.0,313.0,0.02,0.33,5.0,6.0,27.0,7.2,8.06,4.43,1.71,1.76,2.77,2.26,0.28,3.88
17HR-301,313.0,315.0,0.021,0.7,4.9,41.7,1090.0,5.6,8.1,4.45,1.59,1.97,2.82,2.33,0.278,3.95
17HR-301,315.0,317.0,0.015,0.18,4.0,2.7,31.0,4.2,8.37,3.61,1.77,1.58,3.55,1.92,0.295,3.26
17HR-301,317.0,319.0,0.012,0.04,5.9,3.2,31.0,1.7,8.84,3.44,1.99,1.37,3.82,1.96,0.32,3.09
17HR-301,319.0,321.0,0.01,0.07,5.0,4.1,27.0,3.4,8.43,4.24,1.57,1.61,3.82,1.75,0.303,4.01
17HR-301,321.0,323.0,0.01,0.03,4.3,2.5,23.0,4.2,8.23,4.06,1.65,1.45,4.04,1.5,0.29,3.63
17HR-301,323.0,325.0,0.01,0.05,3.6,2.7,22.0,4.5,8.3,3.86,1.68,1.57,3.71,1.73,0.289,3.37
17HR-301,325.0,327.0,0.021,0.28,8.0,3.4,62.0,4.8,7.83,4.57,2.58,1.38,2.44,2.02,0.257,3.12
17HR-301,327.0,329.0,0.126,0.86,17.0,5.3,95.0,20.3,7.13,6.79,2.96,2.04,1.06,2.19,0.259,4.38
17HR-301,329.0,331.0,0.019,0.23,21.3,3.5,46.0,8.8,7.84,4.6,3.17,1.69,2.04,1.98,0.287,1.8
17HR-301,331.0,332.0,0.027,0.19,36.9,3.4,71.0,7.7,7.38,7.15,3.81,1.92,1.97,1.41,0.307,2.11
17HR-302,2.62,4.0,0.015,0.13,4.9,3.0,81.0,8.5,8.08,5.08,1.74,2.44,2.02,2.54,0.341,1.81
17HR-302,4.0,6.0,0.119,0.14,12.9,4.7,89.0,8.6,8.01,5.06,2.04,2.65,2.12,2.27,0.337,1.38
17HR-302,6.0,8.0,0.035,0.16,10.6,3.9,88.0,34.1,8.2,5.25,1.95,2.11,2.08,2.48,0.321,1.38
17HR-302,8.0,10.0,0.095,0.35,38.5,5.5,100.0,18.9,8.29,5.56,2.15,2.23,2.56,2.04,0.357,1.18
17HR-302,10.0,12.0,0.009,0.14,96.9,2.3,99.0,3.8,8.12,5.03,2.19,2.38,1.93,2.49,0.341,0.64
17HR-302,12.0,14.0,0.007,0.07,21.9,1.7,108.0,4.2,7.81,5.25,2.12,2.5,2.04,2.31,0.336,0.36
17HR-302,14.0,16.0,,0.07,11.9,1.9,94.0,2.3,7.76,5.07,1.7,4.74,2.1,2.26,0.345,0.43
17HR-302,16.0,18.0,0.008,0.15,12.9,7.4,98.0,11.3,7.56,6.17,1.84,3.06,1.99,2.2,0.307,2.94
17HR-302,18.0,20.0,0.008,0.19,28.5,7.6,131.0,2.6,8.12,5.75,2.44,1.6,2.19,2.12,0.29,0.97
17HR-302,20.0,22.0,,0.1,15.8,4.1,109.0,3.1,7.42,5.09,1.87,3.21,2.05,2.29,0.326,0.49
17HR-302,22.0,24.0,0.005,0.16,18.3,3.9,109.0,2.0,7.28,4.95,1.84,2.99,2.03,2.39,0.323,0.63
17HR-302,24.0,26.0,0.322,0.46,503.0,5.0,96.0,13.4,8.21,5.86,2.15,3.16,2.1,2.33,0.317,1.61
17HR-302,26.0,28.0,0.036,0.14,9.9,5.8,134.0,11.1,7.84,6.82,2.69,2.69,1.56,2.33,0.336,2.17
17HR-302,28.0,30.0,,0.09,6.5,5.5,91.0,4.2,8.19,5.11,1.68,3.58,2.4,2.43,0.334,1.52
17HR-302,30.0,32.0,0.008,0.23,37.6,7.0,112.0,11.2,7.99,5.97,1.88,2.9,2.04,2.26,0.343,2.08
17HR-302,32.0,34.0,,0.1,4.5,7.4,77.0,9.4,7.84,5.31,1.52,3.19,2.16,2.31,0.315,2.94
17HR-302,34.0,36.0,0.013,0.3,26.5,7.9,89.0,5.9,7.77,4.92,1.61,4.36,1.98,2.14,0.322,1.4
17HR-302,36.0,38.0,0.013,0.36,17.5,7.3,95.0,5.3,7.32,4.98,1.71,3.6,2.02,2.08,0.328,1.02
17HR-302,38.0,40.0,0.282,0.96,377.0,11.2,101.0,30.6,7.15,7.75,2.37,3.58,1.53,1.75,0.233,3.29
17HR-302,40.0,42.0,0.025,0.41,4.2,3.7,85.0,6.2,8.05,5.13,1.67,2.73,2.23,2.47,0.298,1.4
17HR-302,42.0,44.0,0.005,0.07,2.5,2.6,81.0,4.7,7.57,4.76,1.48,3.68,2.44,2.25,0.301,0.28
17HR-302,44.0,46.0,0.063,0.07,11.6,2.6,77.0,3.3,7.44,4.8,1.43,4.57,2.3,2.32,0.295,0.41
17HR-302,46.0,48.0,0.063,0.06,2.8,2.4,78.0,9.8,7.33,4.65,1.41,3.75,2.23,2.2,0.274,0.85
17HR-302,48.0,50.0,0.033,0.04,3.7,1.9,74.0,1.0,7.25,4.56,1.28,3.97,2.32,2.3,0.268,0.59
17HR-302,50.0,52.0,0.055,0.12,39.4,3.2,71.0,8.1,7.0,4.61,1.57,4.24,2.14,2.23,0.25,1.53
17HR-302,52.0,54.0,0.034,0.09,9.7,2.9,78.0,4.2,7.56,4.89,1.87,2.75,2.33,2.32,0.277,1.34
17HR-302,54.0,56.0,0.293,0.13,2.9,2.6,80.0,4.5,7.07,4.98,1.53,3.05,2.17,1.98,0.246,0.95
17HR-302,56.0,58.0,0.418,0.19,5.2,4.7,67.0,5.8,7.29,4.96,1.54,3.65,2.37,2.34,0.264,2.3
17HR-302,58.0,60.0,0.053,0.14,2.4,2.2,91.0,3.0,7.56,5.39,1.73,2.22,2.61,1.74,0.231,1.21
17HR-302,60.0,62.0,0.051,0.15,19.0,4.2,97.0,16.6,7.74,5.7,1.58,2.7,2.79,1.93,0.277,1.47
17HR-302,62.0,64.0,0.279,0.29,7.9,6.3,82.0,21.1,7.55,5.7,1.44,3.55,2.65,2.22,0.262,2.84
17HR-302,64.0,66.0,0.36,0.31,10.3,7.0,72.0,49.0,7.11,6.12,1.32,3.94,2.33,2.35,0.258,4.15
17HR-302,66.0,68.0,0.027,0.23,5.2,8.0,96.0,37.3,7.48,5.94,1.79,3.68,2.24,2.42,0.256,3.51
17HR-302,68.0,70.0,0.138,0.28,6.6,8.1,101.0,40.2,7.79,7.47,1.97,1.76,2.18,2.0,0.251,3.57
17HR-302,70.0,72.0,0.086,0.3,39.9,6.7,133.0,40.2,7.72,8.65,1.93,1.2,1.89,1.9,0.249,3.79
17HR-302,72.0,74.0,0.13,0.4,11.6,6.5,119.0,20.6,7.14,9.24,2.4,1.98,1.92,1.31,0.218,4.28
17HR-302,72.0,74.0,0.105,0.39,21.3,5.8,111.0,20.4,7.45,8.76,2.26,1.78,2.07,1.47,0.227,4.34
17HR-302,74.0,76.0,0.187,0.45,6.1,7.3,120.0,18.3,7.81,7.67,1.78,1.68,2.41,1.89,0.246,3.4
17HR-302,76.0,78.0,0.067,0.22,24.5,6.9,102.0,17.2,7.89,6.03,1.69,3.83,2.62,2.08,0.234,2.75
17HR-302,78.0,80.0,0.048,0.21,6.3,5.6,140.0,24.6,7.77,8.07,2.23,2.67,2.6,1.21,0.233,2.6
17HR-302,80.0,82.0,1.98,1.34,41.6,25.2,151.0,96.1,7.55,11.6,2.71,1.81,1.84,1.24,0.212,5.52
17HR-302,82.0,84.0,0.362,1.54,32.2,22.7,143.0,68.8,6.97,10.25,2.52,1.18,1.41,1.61,0.303,4.99
17HR-302,84.0,86.0,0.035,0.29,3.6,4.7,131.0,41.4,7.56,8.49,2.58,1.18,1.64,1.66,0.322,2.83
17HR-302,86.0,88.0,0.017,0.4,14.3,8.9,142.0,41.7,7.69,9.24,2.43,0.79,1.82,1.69,0.33,3.49
17HR-302,88.0,90.0,0.039,0.45,6.8,16.0,126.0,90.8,8.06,10.7,2.71,1.61,0.5,2.22,0.301,4.32
17HR-302,90.0,92.0,0.01,0.25,9.8,6.6,95.0,31.5,7.77,6.56,2.33,1.85,1.63,2.5,0.305,3.24
17HR-302,92.0,94.0,0.01,0.24,18.4,5.8,105.0,32.8,8.16,5.98,2.22,1.92,1.93,2.59,0.337,2.86
17HR-302,94.0,96.0,0.015,0.38,8.2,9.9,94.0,45.0,8.46,6.99,2.01,1.61,2.16,2.62,0.359,3.61
17HR-302,96.0,98.0,0.024,0.39,8.6,7.1,107.0,40.4,8.09,8.0,2.29,1.24,1.62,2.56,0.346,3.24
17HR-302,98.0,100.0,0.016,0.39,26.8,6.7,151.0,24.8,7.32,8.33,2.47,1.1,2.46,1.48,0.298,3.05
17HR-302,100.0,102.0,,0.15,57.4,3.9,159.0,5.2,8.24,5.76,2.44,1.79,1.78,2.91,0.377,0.71
17HR-302,102.0,104.0,0.009,0.38,14.9,6.5,96.0,24.7,8.0,5.86,2.12,2.41,1.61,3.21,0.349,2.5
17HR-302,104.0,106.0,0.19,2.19,286.0,17.0,104.0,55.8,7.13,10.0,2.46,2.85,0.74,2.25,0.29,5.52
17HR-302,104.0,106.0,0.137,2.18,101.0,14.2,95.0,44.1,7.4,7.99,2.27,2.59,1.09,2.62,0.302,4.45
17HR-302,106.0,108.0,0.328,4.83,24.3,14.3,106.0,68.2,7.35,10.8,2.85,2.45,0.53,2.19,0.306,6.24
17HR-302,108.0,110.0,0.041,1.39,6.1,6.3,118.0,27.4,8.36,9.28,2.54,1.52,1.86,2.06,0.352,3.56
17HR-302,110.0,112.0,0.02,0.2,36.2,4.2,114.0,10.7,7.66,7.06,2.52,1.77,1.95,2.11,0.34,1.55
17HR-302,112.0,114.0,0.007,0.17,5.3,5.2,94.0,6.9,7.84,6.28,2.66,2.52,2.24,2.07,0.285,2.0
17HR-302,114.0,116.0,0.02,0.26,3.3,6.2,106.0,19.1,7.63,8.79,2.25,0.87,2.63,1.52,0.283,3.5
17HR-302,116.0,118.0,0.093,0.24,3.8,4.3,110.0,18.8,7.3,9.24,2.22,0.73,1.78,1.73,0.282,3.08
17HR-302,118.0,120.0,0.042,0.22,5.3,5.6,73.0,21.3,7.08,7.26,2.96,3.32,1.57,2.03,0.264,3.28
17HR-302,120.0,122.0,0.045,0.47,11.9,10.8,84.0,14.9,7.25,6.14,2.56,2.64,2.24,1.83,0.287,1.79
17HR-302,122.0,124.0,0.026,0.32,8.7,7.7,92.0,11.6,7.07,6.73,2.72,2.72,2.26,1.66,0.279,1.89
17HR-302,124.0,126.0,,0.08,1.9,1.6,108.0,3.4,8.12,7.3,2.42,1.05,2.91,1.42,0.29,0.72
17HR-302,126.0,128.0,0.016,0.15,4.7,1.8,110.0,6.9,8.17,7.64,2.35,0.95,2.91,1.42,0.263,0.98
17HR-302,128.0,130.0,0.016,0.21,4.6,3.4,111.0,8.6,7.61,8.98,2.4,0.86,2.05,1.53,0.267,1.89
17HR-302,130.0,132.0,0.057,0.61,14.9,6.7,113.0,22.2,8.08,9.68,2.63,0.92,1.25,1.91,0.288,2.31
17HR-302,132.0,134.0,0.111,1.38,13.9,10.7,92.0,27.2,7.97,8.14,2.12,0.92,1.26,2.34,0.31,3.39
17HR-302,134.0,136.0,1.105,2.36,782.0,12.2,67.0,95.9,4.04,9.89,1.84,3.67,0.02,1.56,0.159,7.87
17HR-302,136.0,138.0,0.451,0.87,606.0,9.3,96.0,76.3,5.7,11.65,2.45,2.65,0.03,1.66,0.198,6.4
17HR-302,138.0,140.0,3.92,2.95,220.0,8.4,100.0,51.8,3.68,14.8,1.91,1.41,0.01,0.43,0.121,8.56
17HR-302,140.0,142.0,2.46,2.12,174.5,13.1,102.0,64.0,4.66,14.15,2.12,1.93,0.17,1.2,0.144,9.37
17HR-302,142.0,144.0,0.249,2.6,6.2,18.9,98.0,104.0,7.67,11.15,2.07,0.93,2.04,2.4,0.281,7.17
17HR-302,144.0,146.0,0.531,8.81,31.3,12.1,83.0,111.0,7.8,9.14,2.4,2.06,1.26,2.33,0.287,5.47
17HR-302,146.0,148.0,0.022,0.32,81.6,9.2,69.0,23.0,8.24,6.48,2.37,2.43,1.15,3.16,0.315,3.64
17HR-302,148.0,150.0,0.082,1.93,40.4,24.3,71.0,58.0,7.65,7.28,2.02,2.26,1.72,3.04,0.318,5.51
17HR-302,150.0,152.0,0.189,6.72,79.1,100.5,85.0,70.6,6.03,6.8,2.47,6.37,0.17,3.0,0.241,5.11
17HR-302,152.0,154.0,0.149,4.31,15.0,22.3,89.0,127.0,7.26,7.5,2.41,2.5,0.8,2.98,0.296,5.57
17HR-302,154.0,156.0,0.009,0.21,34.8,7.2,100.0,13.7,7.89,6.43,2.06,1.89,2.25,2.68,0.348,2.3
17HR-302,154.0,156.0,0.013,0.2,24.6,7.6,95.0,14.4,8.43,6.29,2.01,2.09,2.34,2.87,0.358,2.16
17HR-302,156.0,158.0,,0.07,15.6,3.4,101.0,5.9,7.42,5.17,1.9,2.71,2.27,2.46,0.321,0.67
17HR-302,158.0,160.0,0.005,0.11,17.8,4.0,99.0,8.6,7.7,4.94,1.85,3.31,2.57,2.26,0.317,0.73
17HR-302,160.0,162.0,0.051,1.41,13.3,11.2,117.0,55.6,7.29,5.45,1.72,3.1,2.74,2.47,0.309,3.17
17HR-302,162.0,164.0,0.082,0.83,16.9,17.4,87.0,103.0,7.5,5.64,1.48,3.14,3.24,2.74,0.314,3.71
17HR-302,164.0,166.0,,0.03,4.0,3.2,95.0,6.8,7.73,4.92,1.72,3.34,3.01,1.97,0.315,0.92
17HR-302,166.0,168.0,0.006,0.15,9.6,5.6,112.0,17.8,7.55,5.18,1.98,2.83,2.95,2.05,0.327,1.24
17HR-302,168.0,170.0,0.009,0.26,60.2,8.9,112.0,33.3,7.71,5.4,1.64,2.8,3.23,2.39,0.338,3.1
17HR-302,170.0,172.0,0.015,0.2,20.3,10.9,123.0,41.3,7.53,5.32,2.04,3.17,2.82,2.15,0.319,2.3
17HR-302,172.0,174.0,0.006,0.11,46.8,9.6,121.0,4.3,7.18,5.11,3.7,4.25,1.84,2.16,0.301,0.56
17HR-302,174.0,176.0,0.009,0.2,95.9,13.0,161.0,11.7,7.45,4.92,2.77,4.58,1.42,2.98,0.305,1.82
17HR-302,176.0,178.0,,0.07,56.3,30.2,145.0,5.7,7.21,4.95,3.88,4.55,1.73,2.13,0.3,0.54
17HR-302,178.0,180.0,,0.15,20.9,178.5,475.0,12.8,7.71,4.77,1.97,3.54,2.73,2.08,0.307,1.94
17HR-302,180.0,182.0,,0.05,2.0,4.5,109.0,6.5,7.74,5.34,1.7,3.09,2.83,2.18,0.321,2.52
17HR-302,182.0,184.0,0.018,0.2,14.4,5.3,96.0,22.9,7.96,5.81,1.96,2.46,2.57,2.37,0.337,3.55
17HR-302,184.0,186.0,0.011,0.24,192.5,7.6,129.0,27.7,8.02,4.96,1.73,2.05,2.81,2.67,0.359,3.22
17HR-302,186.0,188.0,0.018,0.45,108.0,22.1,194.0,43.7,8.3,5.44,1.77,2.08,2.79,2.79,0.36,3.79
17HR-302,188.0,190.0,0.01,0.23,27.7,6.4,109.0,18.4,7.49,5.01,1.96,3.52,2.02,3.16,0.336,2.27
17HR-302,190.0,192.0,0.005,0.16,6.3,6.2,114.0,16.5,7.8,5.09,1.75,3.18,2.45,3.08,0.323,2.5
17HR-302,192.0,194.0,0.007,0.17,22.3,4.4,120.0,23.5,8.19,5.32,1.98,3.17,2.55,2.7,0.336,2.1
17HR-302,194.0,196.0,0.076,1.4,6.4,8.0,69.0,36.6,7.68,5.42,1.22,1.48,2.77,2.74,0.302,4.2
17HR-302,196.0,198.0,0.048,1.3,13.8,5.2,105.0,51.3,7.63,5.6,1.5,3.03,3.15,2.73,0.32,3.87
17HR-302,198.0,200.0,,0.06,31.3,3.7,102.0,13.9,7.7,4.97,1.85,3.67,2.87,2.66,0.336,2.07
17HR-302,200.0,202.0,,0.04,10.9,2.9,108.0,16.0,8.36,5.28,2.18,3.09,2.85,2.25,0.35,1.32
17HR-302,202.0,204.0,0.019,1.34,10.3,3.6,90.0,70.2,7.8,5.38,1.85,2.7,3.29,2.3,0.333,2.73
17HR-302,204.0,206.0,0.022,0.85,15.6,5.9,98.0,55.0,8.26,6.04,1.96,1.9,3.18,2.37,0.343,2.89
17HR-302,206.0,208.0,,0.04,10.5,5.8,89.0,18.8,8.07,5.57,1.98,2.82,3.13,2.23,0.339,2.41
17HR-302,208.0,210.0,,0.04,23.8,4.0,93.0,9.3,8.11,5.32,2.0,3.21,2.93,2.16,0.348,1.44
17HR-302,210.0,212.0,0.005,0.27,263.0,11.5,62.0,26.5,7.68,4.45,1.5,2.1,2.15,2.43,0.303,2.16
17HR-302,212.0,214.0,0.039,3.77,376.0,8.7,46.0,45.8,7.38,4.53,1.46,2.02,1.91,2.8,0.272,2.48
17HR-302,214.0,216.0,0.067,2.63,850.0,8.5,79.0,46.9,8.47,7.07,1.91,0.93,1.76,3.26,0.349,4.02
17HR-302,216.0,218.0,0.047,0.76,11.8,4.7,64.0,37.7,7.59,6.05,1.53,0.97,2.37,1.82,0.284,3.11
17HR-302,218.0,220.0,0.09,1.56,5.5,12.0,60.0,51.7,7.23,7.37,1.54,0.93,1.62,2.11,0.282,4.78
17HR-302,220.0,222.0,0.051,1.27,91.9,8.5,59.0,43.8,7.19,5.4,1.65,1.3,1.58,2.22,0.282,2.79
17HR-302,222.0,224.0,0.048,0.4,12.6,4.2,62.0,10.5,7.69,6.15,1.67,1.48,1.24,2.43,0.291,2.34
17HR-302,224.0,226.0,0.306,1.61,282.0,10.4,78.0,23.8,7.91,7.07,2.03,0.6,1.57,2.38,0.31,2.7
17HR-302,226.0,228.0,0.043,0.48,358.0,3.5,63.0,9.5,6.44,5.43,1.77,1.58,1.68,1.39,0.239,1.75
17HR-302,228.0,230.0,0.015,0.2,77.7,4.0,50.0,19.7,7.44,4.74,1.34,1.02,1.34,2.41,0.295,1.57
17HR-302,230.0,232.0,0.007,0.12,49.3,3.3,64.0,16.7,8.13,4.27,1.65,1.29,1.45,2.9,0.322,1.35
17HR-302,232.0,234.0,0.013,0.29,21.8,4.7,54.0,21.1,8.51,4.07,1.54,1.6,1.46,3.35,0.341,2.07
17HR-302,234.0,236.0,0.035,1.47,16.5,5.1,44.0,31.2,6.8,4.53,1.52,1.69,1.72,2.22,0.279,3.07
17HR-302,236.0,238.0,0.052,0.78,10.4,7.0,40.0,34.6,6.69,3.7,1.42,1.42,1.5,2.39,0.249,2.25
17HR-302,238.0,240.0,0.014,0.1,35.0,7.5,49.0,37.7,8.11,4.7,1.79,1.29,1.78,2.77,0.301,2.87
17HR-302,240.0,242.0,0.024,0.17,10.9,4.5,43.0,56.1,7.81,4.69,1.75,1.09,1.53,2.7,0.274,2.61
17HR-302,242.0,244.0,0.045,0.4,6.8,6.5,48.0,153.5,8.08,6.71,1.72,0.96,2.27,2.24,0.325,4.23
17HR-302,242.0,244.0,0.04,0.39,5.6,5.9,50.0,135.5,8.06,6.77,1.82,1.1,2.3,2.1,0.317,4.01
17HR-302,244.0,246.0,0.028,0.21,2.4,5.2,48.0,27.5,8.08,5.96,1.89,0.42,2.05,2.32,0.325,2.6
17HR-302,246.0,248.0,0.148,3.24,6.0,11.2,46.0,53.3,7.7,6.02,1.81,0.66,2.13,2.13,0.291,3.61
17HR-302,248.0,250.0,0.179,5.92,41.4,16.4,38.0,73.5,7.36,7.78,1.54,1.01,1.83,2.32,0.271,6.31
17HR-302,250.0,252.0,0.173,5.08,6.8,8.7,40.0,40.3,6.61,5.83,1.51,1.08,1.76,1.79,0.246,3.58
17HR-302,252.0,254.0,0.101,3.46,4.9,9.8,41.0,44.9,7.68,7.45,1.31,0.48,2.04,2.1,0.293,5.18
17HR-302,254.0,256.0,0.071,1.06,8.0,7.2,52.0,42.0,6.82,8.68,1.53,0.5,1.19,1.99,0.261,5.33
17HR-302,256.0,258.0,0.153,1.32,9.0,6.7,53.0,42.8,6.79,10.4,1.57,0.77,0.9,2.15,0.273,6.56
17HR-302,258.0,260.0,0.211,1.44,12.8,6.3,57.0,19.9,7.47,9.09,1.82,0.73,1.94,1.72,0.23,4.1
17HR-302,260.0,262.0,0.604,0.74,9.3,4.0,102.0,13.8,7.58,12.3,2.69,0.48,2.16,0.98,0.309,4.68
17HR-302,262.0,264.0,,0.06,38.8,2.2,91.0,4.7,8.66,5.82,2.25,1.01,2.93,1.91,0.346,0.22
17HR-302,264.0,266.0,0.02,0.07,36.1,2.8,74.0,5.5,8.23,4.79,1.85,1.72,2.71,2.17,0.32,0.72
17HR-302,266.0,268.0,0.008,0.17,16.6,3.3,44.0,15.2,8.37,4.11,1.66,1.36,2.94,2.19,0.255,1.88
17HR-302,268.0,270.0,0.014,0.24,52.8,4.6,65.0,21.2,8.12,4.62,2.16,1.82,2.12,2.34,0.314,1.61
17HR-302,270.0,272.0,0.021,0.34,64.6,3.3,51.0,63.2,8.01,4.71,2.12,1.27,2.61,1.96,0.298,2.61
17HR-302,272.0,274.0,0.028,0.64,6.8,4.2,27.0,76.1,8.36,4.4,1.57,1.03,2.74,2.3,0.259,3.93
17HR-302,274.0,276.0,0.039,0.75,7.2,4.0,28.0,93.6,7.68,4.65,1.22,1.05,2.7,2.09,0.252,4.35
17HR-302,276.0,278.0,0.033,0.5,30.7,1.4,21.0,101.0,8.12,3.84,1.26,0.72,3.16,1.91,0.242,3.12
17HR-302,278.0,280.0,0.016,0.15,5.1,1.2,29.0,43.4,7.47,4.18,1.5,0.51,3.41,1.18,0.219,2.57
17HR-302,280.0,282.0,0.027,0.23,25.0,3.0,24.0,70.1,8.63,4.75,1.19,0.41,3.76,1.78,0.267,3.89
17HR-302,282.0,284.0,0.03,0.22,17.9,2.0,16.0,53.8,8.26,4.07,1.05,0.76,1.87,2.79,0.271,3.46
17HR-302,284.0,286.0,0.041,0.4,7.4,6.0,18.0,64.9,7.86,4.45,0.99,0.97,3.32,1.73,0.294,4.0
17HR-302,286.0,288.0,0.036,0.56,12.3,5.7,20.0,89.6,7.66,4.35,1.17,1.06,2.54,2.08,0.26,3.78
17HR-302,288.0,290.0,0.018,0.32,10.3,7.7,10.0,31.8,5.68,3.13,0.55,0.85,2.23,1.42,0.139,2.84
17HR-302,290.0,292.0,0.019,0.28,13.2,5.7,26.0,23.9,7.98,4.73,1.1,1.13,2.45,2.29,0.261,3.9
17HR-302,292.0,294.0,0.027,0.49,5.0,3.9,29.0,25.2,8.39,5.11,1.34,0.86,2.98,2.12,0.274,4.42
17HR-302,294.0,296.0,0.024,0.42,7.5,7.5,19.0,40.0,7.26,4.59,1.22,1.52,2.49,1.94,0.232,4.37
17HR-302,296.0,298.0,0.041,0.79,7.4,15.3,18.0,57.2,6.95,6.35,1.3,1.98,2.07,2.18,0.283,6.47
17HR-302,298.0,300.0,0.061,1.11,11.1,23.1,53.0,47.7,7.85,7.35,1.05,0.74,2.47,2.11,0.29,6.86
17HR-302,300.0,302.0,0.037,0.28,98.4,2.7,36.0,26.1,7.8,5.17,1.38,0.77,3.69,1.06,0.248,3.29
17HR-302,302.0,304.0,0.027,0.63,66.7,16.0,66.0,18.5,8.32,5.35,1.55,1.05,2.67,2.05,0.308,3.37
17HR-302,304.0,306.0,0.038,0.63,38.3,8.8,39.0,26.7,7.25,7.97,1.66,0.93,2.05,1.79,0.344,6.3
17HR-302,306.0,308.0,0.036,0.48,11.8,4.2,32.0,19.6,7.37,8.97,1.67,0.91,2.61,1.55,0.362,7.83
17HR-302,308.0,310.0,0.089,0.37,12.1,3.0,35.0,20.1,5.08,6.07,4.3,7.88,0.93,1.64,0.193,3.94
17HR-302,310.0,312.0,0.036,0.47,7.8,3.6,51.0,30.3,8.45,7.09,1.69,1.19,1.63,2.65,0.34,4.44
17HR-302,312.0,314.0,0.027,0.54,7.3,4.1,16.0,54.3,6.39,6.7,0.76,0.65,2.11,1.68,0.234,6.38
17HR-302,314.0,316.0,0.013,0.19,4.4,3.3,15.0,27.3,6.61,3.81,0.88,0.54,2.63,1.47,0.233,3.41
17HR-302,316.0,318.0,0.011,0.34,5.3,5.5,20.0,38.4,8.39,4.72,1.29,1.08,3.88,1.65,0.268,4.49
17HR-302,318.0,320.0,0.007,0.39,3.2,2.2,18.0,28.2,8.43,3.16,1.42,1.33,4.15,1.58,0.257,2.78
17HR-303,1.62,4.0,0.085,0.26,112.0,6.0,30.0,4.9,7.73,3.63,1.0,1.25,0.98,3.25,0.136,3.33
17HR-303,4.0,6.0,0.105,0.38,122.0,8.3,22.0,7.1,8.33,4.26,1.0,1.4,1.61,3.21,0.141,4.04
17HR-303,6.0,8.0,0.077,0.17,77.8,11.0,25.0,5.4,8.33,4.73,0.86,1.27,1.43,3.31,0.134,4.73
17HR-303,8.0,10.0,0.101,0.2,121.5,8.8,41.0,6.5,8.16,4.18,1.05,1.57,1.42,3.32,0.195,3.99
17HR-303,10.0,12.0,0.07,0.15,181.5,8.0,47.0,6.9,8.34,4.96,2.4,0.88,1.32,3.02,0.33,3.29
17HR-303,12.0,14.0,0.072,0.13,62.2,8.2,25.0,5.5,8.3,4.96,1.6,2.04,1.0,3.46,0.22,4.3
17HR-303,14.0,16.0,0.073,0.18,19.9,12.2,21.0,7.1,8.3,5.38,1.45,2.38,0.75,3.73,0.162,5.13
17HR-303,16.0,18.0,0.043,0.09,65.5,5.6,27.0,4.4,8.6,5.29,1.81,1.91,0.76,3.71,0.203,4.62
17HR-303,18.0,20.0,0.08,0.27,111.5,4.8,18.0,7.1,8.84,4.61,1.51,2.45,0.39,4.14,0.293,4.06
17HR-303,20.0,22.0,0.041,0.16,38.8,3.4,16.0,7.6,7.54,4.45,1.32,2.22,1.38,3.01,0.147,4.03
17HR-303,22.0,24.0,0.055,0.14,36.0,3.9,18.0,7.4,8.09,4.21,1.17,2.16,1.81,3.03,0.184,3.88
17HR-303,24.0,26.0,0.039,0.17,23.1,4.4,17.0,5.4,7.3,4.32,1.22,2.63,1.72,2.72,0.121,3.98
17HR-303,26.0,28.0,0.065,0.66,37.3,54.8,44.0,9.2,7.7,4.58,1.28,2.49,0.68,3.49,0.135,4.16
17HR-303,28.0,30.0,0.13,1.35,193.0,74.2,48.0,12.0,6.45,5.44,1.36,2.66,0.06,3.1,0.101,5.15
17HR-303,30.0,32.0,0.062,1.84,62.7,16.8,21.0,10.6,7.61,4.29,0.93,1.55,0.62,3.43,0.119,4.12
17HR-303,32.0,34.0,0.032,3.45,113.5,13.9,34.0,12.3,7.75,3.58,1.02,1.61,0.85,3.39,0.096,3.38
17HR-303,34.0,36.0,0.054,1.94,121.5,11.8,35.0,10.1,7.61,3.74,1.42,2.49,0.91,3.28,0.145,3.22
17HR-303,36.0,38.0,0.037,0.22,14.5,9.6,25.0,6.3,7.81,3.82,1.39,2.72,1.89,2.85,0.176,3.15
17HR-303,36.0,38.0,0.043,0.28,15.3,9.7,24.0,6.9,7.83,3.7,1.31,2.5,1.79,2.91,0.163,3.09
17HR-303,38.0,40.0,0.081,0.28,80.3,6.9,23.0,9.9,7.64,3.83,1.25,2.55,2.09,2.64,0.214,3.19
17HR-303,40.0,42.0,0.095,0.35,44.3,6.5,22.0,8.2,8.11,3.56,1.13,2.1,1.78,2.99,0.213,3.04
17HR-303,42.0,44.0,0.035,0.2,90.9,6.7,25.0,6.4,8.38,3.76,1.05,2.22,2.33,2.82,0.215,3.23
17HR-303,44.0,46.0,0.04,0.15,57.5,7.4,26.0,8.5,8.38,3.25,1.2,2.47,2.37,2.87,0.221,2.61
17HR-303,46.0,48.0,0.037,0.07,115.0,5.7,24.0,5.7,8.17,3.95,1.37,2.78,2.56,2.6,0.22,3.25
17HR-303,48.0,50.0,0.05,0.17,48.4,6.2,20.0,10.7,7.96,4.11,1.31,2.2,1.85,2.85,0.195,3.54
17HR-303,50.0,52.0,0.039,0.21,68.9,5.1,24.0,7.5,8.15,3.76,1.59,2.41,2.37,2.68,0.202,2.85
17HR-303,52.0,54.0,0.072,0.19,74.7,4.0,18.0,10.2,8.06,3.62,1.44,2.22,2.06,2.85,0.162,2.9
17HR-303,54.0,56.0,0.086,0.53,46.4,3.7,15.0,9.8,7.66,5.08,1.48,1.95,1.89,2.58,0.138,4.47
17HR-303,56.0,58.0,0.153,0.83,62.9,11.6,11.0,29.0,6.46,12.2,0.97,1.22,0.77,2.56,0.114,
17HR-303,58.0,60.0,0.126,0.4,41.4,5.6,20.0,23.1,8.06,6.77,1.38,1.1,1.96,2.49,0.124,6.01
17HR-303,60.0,62.0,0.053,0.24,128.5,3.8,18.0,9.4,8.13,4.77,1.23,1.15,2.25,2.48,0.136,4.09
17HR-303,62.0,64.0,0.049,0.18,96.3,4.6,24.0,11.3,8.56,4.67,1.44,1.59,2.52,2.36,0.201,3.68
17HR-303,64.0,66.0,0.058,0.15,114.5,5.7,56.0,10.1,8.66,4.35,1.98,2.02,1.71,2.84,0.342,2.72
17HR-303,66.0,68.0,0.046,0.14,59.4,4.8,26.0,8.5,8.4,4.38,1.47,2.16,2.49,2.34,0.184,3.49
17HR-303,68.0,70.0,0.046,0.11,64.7,4.0,20.0,7.2,8.91,4.26,1.32,1.7,2.49,2.67,0.153,3.62
17HR-303,70.0,72.0,0.057,0.2,42.6,5.1,17.0,7.0,8.52,4.83,1.39,1.51,1.95,2.83,0.118,4.17
17HR-303,72.0,74.0,0.051,0.24,31.4,7.3,22.0,7.0,8.74,4.76,1.28,1.59,1.85,3.12,0.13,4.12
17HR-303,74.0,76.0,0.057,0.76,58.6,18.5,27.0,8.3,8.4,4.13,1.09,2.09,1.76,3.17,0.148,3.65
17HR-303,76.0,78.0,0.044,0.5,37.8,8.0,17.0,5.6,8.54,3.69,1.0,2.14,1.79,3.18,0.131,3.25
17HR-303,78.0,80.0,0.043,0.3,54.1,5.1,20.0,6.1,8.1,4.16,1.39,1.92,1.97,2.77,0.139,3.29
17HR-303,80.0,82.0,0.027,0.15,14.7,4.0,17.0,3.1,8.29,3.87,1.53,1.98,2.05,2.67,0.128,2.82
17HR-303,82.0,84.0,0.039,0.38,16.0,6.7,14.0,11.5,8.17,3.78,1.31,1.67,0.95,3.61,0.17,3.25
17HR-303,84.0,86.0,0.029,0.14,14.1,5.2,18.0,5.4,8.44,4.04,1.55,1.36,2.0,2.87,0.121,3.38
17HR-303,86.0,88.0,0.038,0.13,42.0,3.4,15.0,7.6,8.45,4.45,1.52,1.68,1.69,3.12,0.118,3.7
17HR-303,88.0,90.0,0.038,0.2,40.9,5.3,21.0,5.5,7.74,4.05,1.37,2.6,1.35,3.07,0.138,3.37
17HR-303,90.0,92.0,0.069,0.13,72.6,7.8,18.0,6.4,8.22,4.41,1.43,0.59,2.42,2.6,0.213,3.88
17HR-303,92.0,94.0,0.097,0.1,133.5,7.3,22.0,4.7,8.22,3.89,1.43,0.51,2.28,2.53,0.208,3.12
17HR-303,94.0,96.0,0.052,0.15,58.6,4.0,13.0,7.1,8.2,3.71,1.26,0.43,2.41,2.56,0.174,3.53
17HR-303,96.0,98.0,0.045,0.2,71.5,3.7,20.0,4.8,8.4,4.39,1.5,0.93,2.09,2.65,0.235,3.48
17HR-303,98.0,100.0,0.059,0.13,130.0,4.5,21.0,7.8,8.25,3.99,1.51,0.6,2.34,2.54,0.234,3.01
17HR-303,100.0,102.0,0.078,0.08,128.5,6.8,16.0,4.4,8.3,3.32,1.64,0.71,2.63,2.37,0.17,2.91
17HR-303,102.0,104.0,0.135,0.13,248.0,3.5,15.0,3.4,8.25,3.38,1.65,0.65,2.54,2.5,0.171,2.98
17HR-303,104.0,106.0,0.051,0.16,87.0,3.0,12.0,4.2,8.19,4.4,1.35,0.69,2.23,2.62,0.136,4.1
17HR-303,106.0,108.0,0.053,0.07,61.4,3.6,17.0,2.8,7.92,3.28,1.6,0.79,2.11,2.6,0.143,2.87
17HR-303,108.0,110.0,0.055,0.11,48.9,3.3,12.0,5.1,7.96,4.18,1.47,0.7,2.44,2.36,0.143,3.99
17HR-303,110.0,112.0,0.065,0.13,14.9,3.8,9.0,3.2,7.49,6.96,0.93,0.49,1.69,2.59,0.096,7.12
17HR-303,112.0,114.0,0.04,0.13,27.3,3.3,12.0,2.4,8.05,4.71,1.09,0.54,2.05,2.64,0.122,4.43
17HR-303,114.0,116.0,0.069,0.56,61.5,5.8,33.0,5.3,8.07,4.97,1.62,0.63,2.1,2.39,0.17,3.98
17HR-303,116.0,118.0,0.056,0.16,78.8,2.9,15.0,1.7,8.23,4.41,1.56,0.64,2.02,2.74,0.157,3.89
17HR-303,118.0,120.0,0.077,0.19,82.4,3.7,8.0,4.1,8.27,3.43,1.0,0.55,2.02,2.82,0.128,3.34
17HR-303,120.0,122.0,0.054,0.09,51.8,4.8,18.0,1.9,8.25,3.13,1.72,0.72,2.58,2.39,0.204,2.72
17HR-303,122.0,124.0,0.029,0.07,20.8,6.6,15.0,2.1,8.42,3.21,1.39,0.48,2.09,2.81,0.174,3.11
17HR-303,124.0,126.0,0.042,0.07,38.1,10.6,14.0,2.8,8.22,4.19,1.29,0.41,1.85,2.75,0.158,4.26
17HR-303,124.0,126.0,0.037,0.06,31.5,9.9,13.0,2.1,8.21,3.71,1.28,0.41,1.82,2.82,0.162,3.82
17HR-303,126.0,128.0,0.091,0.17,386.0,7.9,12.0,4.7,8.27,4.29,1.15,0.51,1.41,3.16,0.16,4.21
17HR-303,128.0,130.0,0.065,0.07,29.0,4.3,12.0,1.4,8.04,4.56,1.24,0.47,1.52,2.93,0.146,4.62
17HR-303,130.0,132.0,0.041,0.06,35.9,3.7,17.0,1.6,8.32,3.51,1.48,0.56,2.56,2.34,0.176,2.85
17HR-303,132.0,134.0,0.047,0.05,26.8,6.2,16.0,1.7,8.21,3.31,1.38,0.81,2.14,2.63,0.181,3.12
17HR-303,134.0,136.0,0.072,0.07,40.1,8.2,16.0,1.5,8.13,4.06,1.5,0.93,1.99,2.74,0.162,4.02
17HR-303,136.0,138.0,0.066,0.06,33.8,8.3,20.0,1.4,8.26,3.33,1.57,0.66,2.84,2.29,0.204,3.01
17HR-303,138.0,140.0,0.065,0.07,81.4,6.4,20.0,1.4,8.17,3.55,1.5,0.5,2.44,2.38,0.219,3.03
17HR-303,140.0,142.0,0.106,0.09,138.5,4.7,18.0,2.4,8.25,3.37,1.47,0.43,1.68,2.96,0.189,2.95
17HR-303,142.0,144.0,0.05,0.11,56.9,4.6,20.0,6.9,8.01,3.8,1.6,1.16,1.72,2.72,0.186,3.2
17HR-303,144.0,146.0,0.046,0.06,53.2,4.9,20.0,3.1,8.19,3.52,1.37,0.39,2.33,2.5,0.215,2.96
17HR-303,146.0,148.0,0.067,0.07,76.3,5.1,23.0,2.5,8.17,3.51,1.41,0.34,2.25,2.56,0.223,3.01
17HR-303,148.0,150.0,0.081,0.12,232.0,4.4,18.0,3.5,7.82,3.69,1.37,0.52,2.43,2.29,0.18,3.21
17HR-303,150.0,152.0,0.07,0.1,146.5,4.1,13.0,2.2,8.03,3.54,1.28,0.56,1.85,2.73,0.143,3.22
17HR-303,152.0,154.0,0.123,0.13,151.0,7.4,14.0,2.5,7.24,5.52,1.26,0.69,1.73,2.52,0.097,5.33
17HR-303,154.0,156.0,0.09,0.17,82.9,9.3,13.0,3.1,7.56,5.21,1.18,0.84,1.38,2.82,0.105,5.43
17HR-303,156.0,158.0,0.084,0.1,88.7,3.2,16.0,2.4,8.05,4.32,1.44,0.88,1.21,3.18,0.127,4.17
17HR-303,158.0,160.0,0.062,0.08,55.7,3.5,13.0,2.7,7.94,3.9,1.27,1.03,1.33,3.15,0.107,4.12
17HR-303,160.0,162.0,0.052,0.09,80.9,4.0,16.0,2.5,7.92,3.77,1.4,1.12,1.96,2.76,0.126,3.64
17HR-303,162.0,164.0,0.062,0.14,115.5,5.8,15.0,3.3,7.77,3.97,1.46,1.64,1.8,2.75,0.137,3.93
17HR-303,164.0,166.0,0.056,0.15,134.0,3.7,18.0,2.6,7.52,4.49,1.67,1.72,1.51,2.72,0.149,3.84
17HR-303,166.0,168.0,0.052,0.16,67.8,3.1,23.0,7.7,7.4,6.08,1.81,1.84,1.51,2.43,0.152,5.33
17HR-303,168.0,170.0,0.032,0.13,87.0,1.8,18.0,2.5,7.28,3.96,1.69,1.76,1.59,2.61,0.149,3.1
17HR-303,170.0,172.0,0.052,0.22,61.3,2.7,11.0,7.7,7.09,4.69,1.44,2.86,0.59,3.28,0.144,4.24
17HR-303,172.0,174.0,0.094,0.71,193.0,3.8,45.0,8.5,5.68,6.32,2.08,4.52,0.1,2.75,0.117,5.92
17HR-303,174.0,176.0,0.023,0.28,59.7,2.6,31.0,4.8,7.51,5.22,2.49,2.77,1.65,2.34,0.211,3.99
17HR-303,176.0,178.0,0.036,0.15,105.5,2.9,29.0,5.3,8.05,4.69,2.06,1.75,1.51,2.82,0.197,4.02
17HR-303,178.0,180.0,0.02,0.23,36.7,2.7,30.0,4.0,7.55,5.16,1.9,1.88,0.91,2.86,0.162,3.64
17HR-303,180.0,182.0,0.11,1.04,18.1,20.5,143.0,18.7,5.07,11.05,1.55,2.34,0.53,2.1,0.093,
17HR-303,182.0,184.0,0.216,0.86,16.8,14.5,21.0,16.1,5.77,9.45,1.34,2.11,0.05,2.87,0.1,9.65
17HR-303,184.0,186.0,0.189,3.47,21.5,14.3,8.0,29.0,3.91,15.55,1.25,2.43,0.04,1.91,0.08,
17HR-303,186.0,188.0,0.253,0.76,44.8,9.7,18.0,14.7,5.82,10.15,1.2,0.96,0.18,2.51,0.11,9.92
17HR-303,188.0,190.0,0.207,0.56,8.6,8.5,21.0,27.6,7.9,8.93,1.57,0.88,1.62,2.71,0.204,8.58
17HR-303,190.0,192.0,0.078,0.54,6.5,9.2,20.0,57.9,8.13,6.68,1.68,0.82,1.59,2.92,0.18,6.69
17HR-303,192.0,194.0,0.029,0.62,20.3,5.2,12.0,203.0,9.06,5.55,1.66,0.98,2.07,3.18,0.314,6.33
17HR-303,194.0,196.0,0.08,0.8,10.1,7.2,7.0,80.0,8.41,6.75,1.03,1.1,0.57,3.73,0.209,7.42
17HR-303,196.0,198.0,0.1,1.1,8.8,4.7,8.0,90.2,7.28,6.35,2.07,3.45,0.76,2.96,0.236,6.85
17HR-303,198.0,200.0,0.038,0.66,15.4,5.8,12.0,154.5,8.68,5.2,1.89,2.11,1.93,3.03,0.31,5.7
17HR-303,200.0,202.0,0.324,1.61,9.6,9.0,7.0,64.4,8.88,5.51,1.06,1.0,0.43,4.11,0.257,6.29
17HR-303,202.0,204.0,0.018,0.29,9.0,10.5,13.0,55.8,8.61,5.06,1.91,1.01,1.94,2.99,0.288,5.78
17HR-303,204.0,206.0,0.015,0.26,18.1,9.8,16.0,36.1,8.38,6.95,1.88,0.95,2.56,2.48,0.302,7.72
17HR-303,206.0,208.0,0.025,0.5,10.5,9.4,24.0,88.8,8.56,6.26,2.12,1.17,3.47,1.88,0.317,6.7
17HR-303,208.0,210.0,0.022,0.45,4.2,4.5,24.0,84.2,8.59,6.01,1.91,0.69,3.97,1.57,0.316,5.93
17HR-303,210.0,212.0,0.028,0.4,6.6,5.5,29.0,93.1,8.9,5.92,2.12,1.45,3.42,1.93,0.328,6.04
17HR-303,212.0,214.0,0.016,0.14,6.4,2.6,19.0,18.9,8.71,4.85,1.96,1.13,2.37,2.61,0.308,4.88
17HR-303,212.0,214.0,0.017,0.15,6.4,2.7,20.0,17.7,8.61,4.53,1.98,0.88,2.6,2.58,0.312,4.59
17HR-303,214.0,216.0,0.022,0.18,18.2,3.9,17.0,63.3,8.63,5.19,1.96,1.22,2.82,2.33,0.321,5.77
17HR-303,216.0,218.0,0.032,0.66,7.9,10.3,31.0,87.7,8.79,5.69,1.93,1.4,2.66,2.52,0.317,6.15
17HR-303,218.0,220.0,0.187,15.05,43.5,102.5,2850.0,64.9,7.71,6.33,0.9,1.14,0.14,3.59,0.237,7.15
17HR-303,220.0,222.0,0.063,1.02,9.3,5.3,39.0,33.0,8.47,5.81,1.32,1.14,1.23,3.22,0.185,5.74
17HR-303,222.0,224.0,0.084,0.72,10.6,3.5,12.0,10.2,7.71,9.38,0.87,0.8,0.56,3.44,0.121,9.7
17HR-303,222.0,224.0,0.08,0.74,10.9,3.6,13.0,10.4,7.79,9.35,0.9,0.74,0.52,3.5,0.132,9.57
17HR-303,224.0,226.0,0.205,0.82,12.3,4.4,25.0,27.1,7.58,9.08,1.04,0.82,0.58,3.25,0.157,9.3
17HR-303,226.0,228.0,0.042,0.68,5.9,3.7,20.0,47.8,8.34,6.9,1.6,0.84,3.15,2.07,0.268,7.42
17HR-303,228.0,230.0,0.026,0.45,6.8,4.7,17.0,64.1,8.69,7.74,1.93,1.21,3.19,2.14,0.305,8.02
17HR-303,230.0,232.0,0.187,0.8,7.3,6.7,13.0,64.8,8.43,6.02,1.77,1.34,2.07,2.74,0.301,6.36
17HR-303,232.0,234.0,0.042,0.98,6.1,3.7,16.0,78.2,8.51,6.41,1.78,1.86,2.49,2.58,0.325,6.47
17HR-303,234.0,236.0,0.566,0.81,27.9,5.3,435.0,59.1,7.97,9.11,1.7,1.41,1.89,2.48,0.289,8.92
17HR-303,236.0,238.0,1.845,0.92,10.5,5.1,31.0,60.9,8.26,8.74,1.94,0.75,2.98,1.98,0.332,8.13
17HR-303,238.0,240.0,0.063,0.92,19.6,5.4,24.0,76.0,8.59,6.77,1.92,1.89,2.0,2.99,0.335,6.73
17HR-303,240.0,242.0,0.063,0.86,302.0,5.6,28.0,127.5,9.2,5.83,2.13,1.5,3.57,2.27,0.376,6.13
17HR-303,242.0,244.0,0.044,1.36,392.0,5.4,22.0,99.0,8.67,5.74,1.68,1.98,1.98,3.25,0.355,6.22
17HR-303,244.0,246.0,0.047,1.52,43.5,11.2,29.0,88.3,8.66,7.19,1.54,1.87,1.53,3.43,0.338,7.33
17HR-303,246.0,248.0,0.09,1.29,8.8,4.9,22.0,31.2,7.97,7.46,1.25,0.85,0.78,3.24,0.208,7.27
17HR-303,248.0,250.0,0.103,2.13,17.5,4.4,17.0,21.7,7.78,7.68,1.1,0.54,1.27,2.85,0.209,7.22
17HR-303,250.0,252.0,0.111,1.32,463.0,3.1,67.0,13.9,7.53,7.15,0.76,0.88,0.19,3.42,0.146,7.51
17HR-303,252.0,254.0,0.081,0.94,33.6,3.2,12.0,15.8,8.41,8.19,0.82,0.58,0.48,3.78,0.147,8.3
17HR-303,254.0,256.0,0.053,0.54,28.0,2.5,11.0,8.6,8.69,7.2,0.66,0.43,0.61,3.72,0.139,7.17
17HR-303,256.0,258.0,0.148,0.98,65.2,4.0,8.0,41.1,7.33,9.92,0.6,0.44,0.14,3.24,0.114,9.74
17HR-303,258.0,260.0,0.779,1.02,81.2,2.6,5.0,13.6,6.15,12.95,0.47,0.4,0.08,2.84,0.097,
17HR-303,260.0,262.0,2.25,1.72,157.5,3.2,8.0,58.5,4.3,15.4,0.52,0.36,0.05,1.82,0.064,
17HR-303,262.0,264.0,0.526,0.98,63.1,2.4,7.0,17.9,4.75,11.05,0.56,0.53,0.08,1.96,0.074,
17HR-303,264.0,266.0,4.41,2.76,213.0,6.1,5.0,90.0,4.33,17.7,0.36,0.48,0.06,1.85,0.077,
17HR-303,266.0,268.0,7.65,2.65,355.0,7.2,4.0,66.9,3.86,16.15,0.23,0.27,0.05,1.73,0.042,
17HR-303,268.0,270.0,0.243,0.72,28.8,2.1,,11.7,5.44,5.79,0.18,0.3,0.13,2.36,0.094,6.33
17HR-303,270.0,272.0,1.31,26.6,524.0,27.3,,223.0,2.46,25.0,0.11,0.8,0.07,1.09,0.028,
17HR-303,272.0,274.0,0.331,2.31,59.7,10.4,15.0,61.2,5.1,12.15,0.28,0.31,0.08,2.34,0.055,
17HR-303,274.0,276.0,0.04,0.52,13.2,2.5,2.0,10.6,8.43,5.74,0.41,0.25,0.1,3.92,0.092,6.55
17HR-303,276.0,278.0,0.032,0.49,10.4,2.3,6.0,6.8,8.01,5.21,0.7,0.45,0.14,3.74,0.097,5.66
17HR-303,278.0,280.0,11.8,6.03,7460.0,3.5,9.0,11.4,6.93,8.74,0.69,0.75,0.24,3.12,0.093,9.26
17HR-303,278.0,280.0,13.25,8.05,7770.0,3.5,8.0,15.6,6.61,9.53,0.75,0.87,0.23,3.0,0.093,
17HR-303,280.0,282.0,0.325,3.56,42.3,7.1,3.0,53.8,5.99,13.1,0.38,0.47,0.08,2.84,0.075,
17HR-303,282.0,284.0,0.059,0.91,34.0,4.3,15.0,9.2,8.63,6.17,1.07,1.46,0.85,3.56,0.173,6.26
17HR-303,284.0,286.0,0.088,1.54,17.0,5.2,27.0,27.0,8.26,7.21,1.19,1.21,1.44,2.82,0.254,6.59
17HR-303,286.0,288.0,0.221,1.39,10.4,4.1,18.0,38.1,7.63,7.94,1.01,0.93,1.01,2.67,0.231,7.32
17HR-303,288.0,290.0,0.084,1.43,485.0,4.1,5.0,63.8,8.54,6.16,0.54,0.59,0.28,3.8,0.179,6.67
17HR-303,290.0,292.0,0.113,1.92,142.5,6.1,7.0,80.5,8.36,8.35,0.54,0.57,0.36,3.57,0.137,9.29
17HR-303,292.0,294.0,0.049,0.34,23.7,3.3,3.0,57.5,8.87,5.49,0.57,0.5,0.75,3.75,0.161,6.05
17HR-303,292.0,294.0,0.048,0.33,26.5,3.6,4.0,63.6,8.76,5.16,0.67,0.61,1.0,3.46,0.153,5.72
17HR-303,294.0,296.0,0.073,0.65,540.0,4.7,2.0,61.8,7.47,8.87,0.35,0.39,0.25,3.19,0.123,9.8
17HR-303,296.0,298.0,0.063,0.45,136.0,3.6,4.0,62.8,8.77,6.51,0.64,0.68,0.8,3.51,0.161,7.27
17HR-303,298.0,300.0,0.052,0.38,90.6,3.5,9.0,45.9,8.35,4.17,0.82,0.85,0.96,3.23,0.189,4.24
17HR-303,300.0,302.0,0.032,0.22,59.1,3.1,14.0,66.3,8.69,4.17,1.29,0.96,1.77,2.83,0.136,3.83
17HR-303,302.0,304.0,0.019,0.19,53.9,3.1,10.0,88.7,8.66,4.4,1.07,0.94,1.58,2.94,0.082,4.44
17HR-303,304.0,306.0,0.044,0.67,232.0,2.9,7.0,73.6,7.89,4.79,0.78,0.8,1.63,2.65,0.103,4.98
17HR-303,306.0,308.0,0.028,0.43,8.4,3.3,8.0,57.2,7.63,4.66,0.98,1.19,1.04,2.87,0.093,4.68
17HR-303,308.0,310.0,0.023,0.32,6.8,3.2,9.0,69.1,8.42,4.72,0.95,1.44,1.27,3.28,0.182,4.86
17HR-303,310.0,312.0,0.034,0.33,10.9,2.7,9.0,31.6,8.04,4.69,0.63,0.67,1.53,3.13,0.219,4.97
17HR-303,312.0,314.0,0.175,1.92,431.0,3.0,7.0,11.8,7.57,4.34,0.77,1.07,1.01,3.02,0.219,4.57
17HR-303,314.0,316.0,0.033,0.48,285.0,2.9,4.0,35.0,7.65,3.53,0.54,1.08,0.92,3.0,0.186,3.8
17HR-303,316.0,318.0,0.032,0.21,7.8,3.3,5.0,36.1,7.8,3.69,0.57,0.52,1.02,3.1,0.181,3.95
17HR-303,318.0,320.0,0.04,0.3,32.6,3.6,7.0,55.8,8.47,5.32,0.8,0.94,1.61,3.27,0.163,6.07
17HR-303,320.0,322.0,0.047,0.69,6.3,2.8,2.0,38.4,7.77,3.97,0.34,0.27,0.4,3.44,0.173,4.44
17HR-303,322.0,324.0,0.025,0.21,4.7,1.5,2.0,9.6,6.81,2.71,0.27,0.18,0.14,3.0,0.106,2.98
17HR-303,324.0,326.0,0.037,0.29,6.3,2.0,2.0,18.4,8.6,4.21,0.38,0.3,0.19,3.81,0.14,4.73
17HR-303,326.0,328.0,0.025,0.24,5.7,2.2,9.0,10.7,8.12,5.77,1.16,1.77,0.51,3.38,0.112,6.31
17HR-303,328.0,330.0,0.028,0.14,4.1,1.8,10.0,14.5,8.06,3.8,1.09,0.96,0.22,3.41,0.145,4.07
17HR-303,330.0,332.0,0.012,0.19,3.9,1.6,14.0,3.9,7.83,3.34,1.15,0.72,0.21,3.33,0.137,3.61
17HR-303,332.0,334.0,0.014,0.18,3.8,1.5,7.0,4.4,8.16,3.1,0.81,0.63,0.19,3.69,0.144,3.36
17HR-303,334.0,336.0,0.024,0.17,3.8,1.6,4.0,5.6,7.55,3.06,0.63,0.68,0.17,3.44,0.145,3.33
17HR-303,336.0,338.0,0.017,0.21,3.6,1.9,6.0,7.3,8.07,2.74,0.78,0.84,0.23,3.44,0.201,2.88
17HR-303,338.0,340.0,0.016,0.22,7.0,1.5,18.0,5.5,7.63,3.52,1.02,0.63,1.22,2.75,0.169,3.32
17HR-303,340.0,342.0,0.01,0.23,60.2,1.3,21.0,3.9,8.35,4.26,1.53,1.23,1.75,2.61,0.156,3.82
17HR-303,342.0,344.0,0.028,0.7,330.0,1.6,24.0,7.8,8.62,5.24,1.77,0.84,1.45,2.87,0.185,4.73
17HR-303,344.0,346.0,0.017,0.9,15.0,2.0,15.0,8.8,8.43,5.5,1.4,0.92,0.72,3.37,0.166,5.78
17HR-303,346.0,348.0,0.206,10.25,434.0,2.4,11.0,12.6,7.88,4.01,0.66,0.69,0.23,3.52,0.18,4.4
17HR-303,348.0,350.0,0.062,0.7,16.2,1.9,4.0,15.4,8.36,3.86,0.59,0.56,0.62,3.66,0.231,4.27
17HR-303,350.0,352.0,0.028,0.29,6.0,2.2,10.0,13.3,8.46,3.76,0.81,0.86,0.69,3.64,0.222,3.99
17HR-303,352.0,354.0,1.135,0.93,91.2,2.5,9.0,9.7,8.02,4.19,0.5,0.36,0.2,3.63,0.193,4.53
17HR-303,354.0,356.0,0.149,2.08,38.6,4.7,8.0,18.0,7.5,10.9,0.83,0.75,0.32,3.25,0.174,
17HR-303,356.0,358.0,0.033,0.3,13.4,2.4,44.0,15.4,7.9,6.37,2.3,0.61,2.66,1.51,0.285,2.78
17HR-303,358.0,360.0,0.064,0.51,148.0,4.6,43.0,21.2,7.56,8.12,2.28,0.82,2.3,1.46,0.278,4.76
17HR-303,360.0,362.0,0.073,0.48,23.6,4.1,41.0,19.5,7.46,9.02,1.94,0.76,1.86,1.8,0.285,5.99
17HR-303,362.0,364.0,0.018,0.27,37.5,2.5,40.0,11.0,8.27,5.02,2.01,1.42,1.89,2.3,0.281,2.09
17HR-303,364.0,366.0,0.019,0.28,51.2,3.0,53.0,13.2,8.03,5.75,2.05,2.05,2.03,2.09,0.3,2.06
17HR-303,366.0,368.0,0.044,0.78,40.6,2.0,21.0,7.7,7.68,6.24,1.37,0.92,1.87,2.59,0.198,5.88
17HR-303,368.0,370.0,0.068,1.23,112.5,2.4,14.0,15.3,8.14,5.9,1.12,0.99,1.43,3.05,0.195,5.78
17HR-303,370.0,372.0,0.068,0.6,39.1,1.4,19.0,14.3,8.27,4.71,1.36,0.76,1.88,2.91,0.233,4.21
17HR-303,372.0,374.0,0.078,1.4,287.0,1.8,10.0,16.7,8.14,5.88,0.81,0.89,1.91,2.93,0.218,6.0
17HR-303,374.0,376.0,0.282,0.98,218.0,5.4,19.0,11.9,8.21,3.91,0.86,1.03,2.06,2.86,0.244,3.67
17HR-303,376.0,378.0,0.03,0.92,61.1,1.6,16.0,10.0,7.78,4.29,0.95,0.63,2.25,2.57,0.24,3.94
17HR-303,378.0,380.0,0.024,0.69,83.4,1.7,22.0,7.2,7.8,4.85,1.41,1.08,2.09,2.31,0.211,3.98
17HR-303,380.0,382.0,0.073,0.71,77.7,2.8,40.0,16.7,7.81,5.75,1.86,0.91,1.9,2.21,0.247,3.59
17HR-303,380.0,382.0,0.048,0.76,60.7,2.7,42.0,14.5,8.05,5.55,1.95,0.96,1.96,2.36,0.27,3.28
17HR-303,382.0,384.0,0.02,0.45,52.2,1.4,42.0,11.3,8.16,4.82,2.27,1.64,1.91,2.23,0.25,2.68
17HR-303,384.0,386.0,0.055,1.64,139.0,4.5,24.0,17.8,8.05,6.03,1.49,1.12,1.53,2.74,0.246,5.27
17HR-303,386.0,388.0,0.046,2.09,92.7,6.6,41.0,16.1,8.0,5.73,1.8,1.48,1.81,2.39,0.248,4.82
17HR-303,388.0,390.0,0.028,0.72,20.1,3.4,21.0,5.0,6.98,4.51,1.68,1.93,1.5,2.38,0.215,3.97
17HR-303,390.0,392.0,0.03,0.39,75.4,1.6,22.0,6.0,7.62,3.27,1.7,1.24,2.59,2.0,0.22,2.72
17HR-303,392.0,394.0,0.014,0.24,36.8,1.6,20.0,7.1,7.54,3.47,1.53,1.12,2.38,2.17,0.22,3.28
17HR-303,394.0,396.0,0.029,0.3,23.2,1.7,11.0,25.1,7.38,3.91,1.36,1.19,1.96,2.26,0.236,3.97
17HR-303,396.0,398.0,0.043,0.65,37.9,1.6,8.0,25.5,6.8,4.15,1.36,1.63,1.58,2.21,0.205,4.38
17HR-303,398.0,400.0,0.05,0.71,18.4,2.0,6.0,23.9,7.07,4.26,1.29,1.51,0.31,2.88,0.225,4.64
17HR-303,400.0,402.0,0.056,0.67,11.7,1.6,9.0,9.6,7.46,3.48,1.16,0.64,0.72,2.96,0.206,3.62
17HR-303,402.0,404.0,0.04,0.39,48.5,2.6,14.0,6.5,7.3,5.08,1.66,2.25,0.22,3.35,0.17,5.09
17HR-303,404.0,406.0,0.053,0.37,38.3,3.3,25.0,9.5,7.11,4.86,1.85,1.55,1.19,2.39,0.193,4.4
17HR-303,406.0,408.0,0.021,0.14,13.8,1.7,7.0,3.4,7.52,2.68,1.26,0.87,1.77,2.59,0.125,2.81
17HR-303,408.0,410.0,0.034,0.26,29.1,3.1,13.0,4.9,7.83,5.33,1.34,0.94,1.52,2.81,0.18,5.18
17HR-303,410.0,412.0,0.032,0.28,13.1,2.9,12.0,4.5,7.27,4.9,1.36,1.41,0.7,3.05,0.133,4.76
17HR-303,412.0,414.0,0.027,0.28,65.0,2.4,11.0,4.7,6.71,3.81,1.42,0.96,1.79,1.94,0.111,3.6
17HR-303,414.0,416.0,0.045,0.49,22.4,4.7,14.0,7.4,7.7,4.42,1.32,1.77,0.37,3.32,0.165,4.44
17HR-303,416.0,418.0,0.045,0.64,93.8,4.3,41.0,8.0,7.72,4.34,1.86,1.36,1.69,2.39,0.303,2.54
17HR-303,418.0,420.0,0.02,0.35,145.0,3.0,50.0,9.7,7.74,3.97,1.85,1.66,2.93,1.6,0.307,1.17
17HR-303,420.0,422.0,0.011,0.24,114.5,2.5,54.0,8.5,7.86,3.93,2.32,1.1,2.4,1.92,0.354,1.2
17HR-303,422.0,424.0,0.015,0.16,24.1,2.1,14.0,16.0,7.46,3.83,1.47,0.83,1.91,2.4,0.217,3.51
17HR-303,424.0,425.0,0.018,0.22,18.0,1.7,13.0,18.5,6.83,4.35,1.35,0.62,1.55,2.24,0.18,4.2
17HR-304,2.81,4.0,,0.13,10.2,2.9,102.0,4.0,7.92,4.62,1.38,4.38,1.55,2.72,0.321,0.23
17HR-304,4.0,6.0,0.009,0.18,14.7,6.3,128.0,7.9,8.13,5.07,1.34,4.82,1.7,2.72,0.32,0.7
17HR-304,6.0,8.0,0.041,0.59,29.4,20.2,104.0,18.0,7.94,5.59,1.02,4.21,1.57,3.06,0.304,3.97
17HR-304,8.0,10.0,0.03,0.6,11.8,27.7,62.0,21.6,8.77,5.87,1.15,3.02,0.21,4.04,0.303,5.15
17HR-304,10.0,12.0,0.055,0.98,50.2,30.3,87.0,22.8,7.36,5.04,1.48,8.58,0.13,3.31,0.273,3.8
17HR-304,12.0,14.0,0.115,0.71,14.8,23.4,46.0,22.9,8.62,5.97,1.05,2.68,0.88,3.64,0.346,5.04
17HR-304,14.0,16.0,0.014,0.45,9.6,14.6,96.0,9.7,8.11,5.3,1.16,3.37,1.06,3.21,0.34,2.33
17HR-304,16.0,18.0,0.006,0.24,6.8,9.7,94.0,7.3,7.5,4.92,1.16,4.78,1.23,2.71,0.311,1.02
17HR-304,18.0,20.0,,0.44,4.8,10.6,98.0,7.4,8.04,5.39,1.24,4.64,1.5,2.74,0.335,1.15
17HR-304,20.0,22.0,0.005,0.26,2.8,6.0,110.0,7.3,8.01,5.21,1.37,4.03,1.44,2.9,0.351,0.39
17HR-304,20.0,22.0,0.006,0.27,2.7,6.6,105.0,7.6,7.89,5.08,1.37,4.52,1.38,2.83,0.339,0.39
17HR-304,22.0,24.0,0.063,0.42,17.5,14.4,104.0,13.9,7.95,6.04,1.3,4.14,1.12,3.04,0.327,3.15
17HR-304,24.0,26.0,0.394,1.81,233.0,31.1,92.0,18.8,6.56,6.52,0.99,4.23,1.26,2.82,0.291,5.83
17HR-304,26.0,28.0,0.052,0.28,13.8,15.1,48.0,7.8,7.1,5.0,0.83,3.57,1.41,2.9,0.315,3.86
17HR-304,28.0,30.0,0.412,1.48,233.0,17.1,40.0,21.3,7.29,5.56,0.89,4.44,1.41,3.0,0.315,4.83
17HR-304,30.0,32.0,0.022,0.34,12.6,13.7,67.0,15.1,8.09,5.37,1.13,3.51,1.96,3.05,0.353,3.42
17HR-304,32.0,34.0,0.013,0.28,64.9,4.3,84.0,11.7,7.44,4.42,1.18,4.52,1.58,2.6,0.309,0.8
17HR-304,34.0,36.0,0.016,0.64,88.5,9.3,88.0,32.7,7.97,5.27,1.37,4.52,1.8,2.72,0.334,1.68
17HR-304,36.0,38.0,0.045,0.63,30.4,8.4,102.0,7.7,7.9,5.51,1.43,3.69,1.66,2.76,0.343,1.6
17HR-304,38.0,40.0,0.014,0.33,21.5,7.0,88.0,6.5,7.81,4.96,1.27,4.24,1.88,2.6,0.34,0.91
17HR-304,40.0,42.0,0.007,0.58,62.6,7.3,88.0,6.8,8.02,5.02,1.22,3.54,1.77,2.77,0.343,1.14
17HR-304,42.0,44.0,,0.19,8.9,7.2,108.0,9.7,7.54,5.47,1.66,5.38,0.82,2.97,0.346,1.17
17HR-304,44.0,46.0,0.055,0.16,34.4,3.7,98.0,5.8,7.31,4.7,1.36,4.0,1.69,2.73,0.34,0.46
17HR-304,46.0,48.0,0.008,0.14,4.5,4.3,94.0,14.0,7.73,4.52,1.27,3.45,1.6,2.98,0.342,0.23
17HR-304,48.0,50.0,0.022,0.41,87.5,8.5,103.0,21.2,8.04,5.36,1.21,3.73,1.81,2.81,0.336,1.49
17HR-304,50.0,52.0,0.005,0.15,25.4,7.6,118.0,10.4,7.95,5.09,1.56,4.56,1.93,2.64,0.334,1.48
17HR-304,52.0,54.0,0.027,0.2,20.1,10.4,77.0,10.2,7.67,5.15,1.39,5.38,2.04,2.81,0.344,2.68
17HR-304,54.0,56.0,,0.1,5.3,5.7,104.0,13.4,7.57,4.72,1.51,4.31,1.78,2.68,0.34,0.38
17HR-304,56.0,58.0,,0.11,7.9,7.4,112.0,12.9,7.58,4.97,1.73,4.48,1.53,2.86,0.334,0.44
17HR-304,58.0,60.0,0.007,0.21,18.7,18.9,110.0,10.1,7.92,4.76,1.74,3.49,1.62,2.8,0.333,0.38
17HR-304,60.0,62.0,0.797,1.23,53.5,125.0,177.0,31.6,7.59,7.19,2.35,6.71,0.89,2.44,0.274,3.14
17HR-304,62.0,64.0,0.118,0.54,21.3,20.1,126.0,18.6,7.73,6.97,1.87,2.71,1.36,2.24,0.295,2.9
17HR-304,64.0,66.0,0.08,0.39,25.5,10.9,73.0,9.8,7.7,5.16,1.58,3.71,1.34,3.08,0.318,2.3
17HR-304,66.0,68.0,0.031,0.41,7.4,14.1,107.0,27.5,7.74,8.18,1.81,1.57,1.66,1.87,0.288,3.82
17HR-304,68.0,70.0,0.142,0.4,8.7,18.3,120.0,26.9,7.09,8.94,2.09,2.99,1.22,1.68,0.262,4.42
17HR-304,70.0,72.0,2.13,1.58,124.5,267.0,1740.0,32.2,7.2,7.45,1.26,3.29,1.36,2.9,0.282,5.47
17HR-304,72.0,74.0,2.04,1.73,109.0,381.0,592.0,50.8,7.86,6.44,1.16,3.23,1.8,2.93,0.297,5.27
17HR-304,72.0,74.0,2.87,1.51,76.9,292.0,265.0,39.7,8.12,6.17,1.06,2.91,1.77,2.99,0.294,5.0
17HR-304,74.0,76.0,0.016,0.31,19.5,11.1,79.0,11.2,7.7,5.03,1.68,4.86,2.01,2.73,0.297,2.92
17HR-304,76.0,78.0,0.012,0.28,52.3,8.5,106.0,11.6,8.45,5.61,1.85,2.56,2.01,2.76,0.313,1.61
17HR-304,78.0,80.0,0.939,4.93,885.0,30.8,123.0,114.5,6.34,10.95,2.36,3.94,0.84,2.58,0.241,6.9
17HR-304,80.0,82.0,,0.17,7.7,6.6,108.0,6.8,7.97,5.4,2.3,3.03,3.05,1.67,0.359,0.17
17HR-304,82.0,84.0,0.005,0.14,7.5,3.1,105.0,5.0,8.1,5.47,2.24,3.38,2.9,2.02,0.366,0.35
17HR-304,84.0,86.0,0.047,0.33,12.2,15.3,99.0,21.6,6.74,7.05,3.53,7.1,1.7,1.34,0.369,2.08
17HR-304,86.0,88.0,,0.03,6.5,7.4,115.0,5.1,8.6,5.43,2.37,4.74,2.95,1.5,0.598,0.02
17HR-304,88.0,90.0,0.056,0.3,13.2,17.2,139.0,36.7,7.89,10.7,2.98,2.24,2.23,1.03,0.387,4.26
17HR-304,90.0,92.0,0.077,0.53,70.5,13.5,100.0,32.3,6.89,8.86,3.39,4.43,1.45,1.72,0.288,4.13
17HR-304,92.0,94.0,0.048,0.43,17.5,10.7,84.0,21.2,8.77,6.82,2.32,2.14,1.84,2.69,0.353,2.91
17HR-304,94.0,96.0,0.063,0.41,8.8,12.7,103.0,31.6,8.81,8.79,2.46,1.14,1.93,2.11,0.388,3.96
17HR-304,96.0,98.0,0.065,0.27,9.6,10.5,96.0,25.5,7.44,7.5,2.5,1.86,1.7,1.89,0.331,3.15
17HR-304,98.0,100.0,0.056,0.89,15.6,18.0,35.0,14.3,8.71,5.39,1.48,1.94,1.32,3.58,0.372,4.14
17HR-304,100.0,102.0,0.019,0.51,12.4,11.9,36.0,5.2,7.58,3.41,1.74,3.04,1.59,3.24,0.346,1.84
17HR-304,102.0,104.0,0.017,0.37,11.4,10.0,45.0,5.8,7.94,3.77,1.58,2.92,2.02,3.05,0.363,1.8
17HR-304,104.0,106.0,0.048,0.56,11.1,11.7,40.0,10.0,7.87,3.99,1.51,2.97,2.19,2.87,0.356,2.36
17HR-304,104.0,106.0,0.049,0.53,10.9,11.9,41.0,9.8,7.79,4.0,1.52,3.03,2.18,2.88,0.354,2.33
17HR-304,106.0,108.0,0.03,0.47,16.1,9.8,57.0,12.9,7.51,4.58,1.96,3.68,1.63,3.11,0.343,2.16
17HR-304,108.0,110.0,0.009,0.38,10.8,8.3,48.0,6.8,7.97,3.74,1.61,3.13,1.76,3.32,0.364,1.51
17HR-304,110.0,112.0,0.009,0.34,10.0,7.3,55.0,4.8,7.73,3.65,1.57,2.82,1.86,3.04,0.333,1.17
17HR-304,112.0,114.0,0.007,0.32,9.4,6.0,52.0,4.7,8.26,3.45,1.54,2.83,1.89,3.34,0.36,0.97
17HR-304,114.0,116.0,0.024,0.53,10.6,10.3,66.0,9.7,7.54,4.54,1.63,2.65,1.7,2.84,0.321,1.55
17HR-304,116.0,118.0,0.042,0.47,15.8,16.5,70.0,36.4,7.93,5.65,1.93,3.41,1.46,3.06,0.411,2.21
17HR-304,118.0,120.0,,0.02,7.3,6.6,104.0,4.8,8.08,4.95,2.29,4.68,2.28,1.86,0.528,0.11
17HR-304,120.0,122.0,0.036,0.41,9.6,13.8,122.0,26.5,6.58,6.03,3.3,7.53,1.17,2.1,0.339,2.21
17HR-304,122.0,124.0,0.03,0.38,6.9,9.0,45.0,15.8,7.48,5.73,1.6,3.01,1.66,3.05,0.271,4.18
17HR-304,124.0,126.0,0.024,0.32,4.5,7.9,65.0,13.8,7.1,5.59,1.8,3.11,1.61,2.75,0.264,3.32
17HR-304,126.0,128.0,0.012,0.2,4.4,4.9,95.0,13.8,7.98,5.74,2.14,2.49,2.58,2.16,0.28,2.17
17HR-304,128.0,130.0,0.049,0.22,7.3,3.3,107.0,5.4,7.36,4.56,2.32,3.42,2.89,1.56,0.259,0.49
17HR-304,130.0,132.0,0.019,0.25,56.7,5.5,116.0,14.4,8.18,5.48,2.57,3.7,2.82,1.78,0.286,0.85
17HR-304,132.0,134.0,0.059,0.55,167.5,11.5,147.0,51.1,7.63,9.34,2.77,1.12,1.31,1.63,0.271,2.97
17HR-304,134.0,136.0,0.005,0.13,4.1,4.5,93.0,8.1,8.3,6.02,2.28,2.02,1.93,2.26,0.292,1.53
17HR-304,136.0,138.0,0.033,0.37,13.3,6.9,133.0,43.7,8.15,9.61,2.75,1.43,1.59,1.96,0.297,2.97
17HR-304,138.0,140.0,0.013,0.18,14.1,4.8,103.0,14.2,7.7,6.25,2.29,2.0,1.3,2.39,0.282,1.37
17HR-304,140.0,142.0,0.005,0.14,3.6,4.1,109.0,9.0,8.12,5.81,2.22,2.02,2.78,1.87,0.3,1.05
17HR-304,142.0,144.0,,0.1,5.0,3.4,104.0,4.6,8.24,6.05,2.2,2.65,2.62,2.03,0.266,1.41
17HR-304,144.0,146.0,0.006,0.15,5.9,4.7,84.0,13.2,7.91,6.04,2.13,2.22,2.21,2.23,0.227,2.71
17HR-304,146.0,148.0,0.028,0.19,53.4,6.2,103.0,31.4,8.11,7.94,2.64,2.49,2.23,1.85,0.266,3.65
17HR-304,148.0,150.0,0.041,0.54,682.0,5.4,120.0,39.1,7.37,8.68,2.63,1.66,2.26,1.27,0.257,2.7
17HR-304,150.0,152.0,0.006,0.19,21.1,5.6,121.0,12.4,8.22,7.34,2.48,2.0,2.69,1.59,0.269,1.77
17HR-304,152.0,154.0,0.008,0.23,18.8,3.9,102.0,9.3,8.06,6.37,2.2,2.08,2.8,1.96,0.271,1.92
17HR-304,154.0,156.0,0.181,0.27,6.7,6.1,110.0,8.7,7.46,6.52,2.46,3.43,2.32,2.02,0.258,2.73
17HR-304,156.0,158.0,0.023,0.31,28.2,7.3,68.0,18.8,7.26,5.15,1.85,3.37,2.08,2.38,0.274,2.47
17HR-304,158.0,160.0,0.005,0.2,35.1,4.7,91.0,15.8,7.71,5.1,1.77,2.62,2.69,2.26,0.333,1.6
17HR-304,160.0,162.0,0.006,0.33,36.6,4.4,89.0,16.5,8.2,5.36,1.83,2.25,2.52,2.22,0.345,1.87
17HR-304,162.0,164.0,0.008,0.11,13.9,4.3,74.0,13.9,7.58,5.15,1.77,3.45,2.32,2.42,0.321,2.36
17HR-304,164.0,166.0,0.016,0.32,12.3,7.2,68.0,11.4,7.85,5.23,1.77,3.44,2.32,2.68,0.333,2.96
17HR-304,166.0,168.0,,0.3,6.5,36.4,148.0,17.5,8.33,5.4,1.85,3.3,3.05,2.43,0.344,3.15
17HR-304,168.0,170.0,0.008,0.34,33.6,6.9,89.0,18.7,7.93,5.26,2.03,3.19,2.57,2.51,0.352,2.41
17HR-304,170.0,172.0,,0.17,16.8,5.0,107.0,14.8,8.2,5.45,2.04,2.83,2.42,2.32,0.361,0.42
17HR-304,172.0,174.0,0.011,0.24,13.2,6.9,87.0,54.6,7.79,5.33,1.72,3.42,1.67,2.85,0.331,1.36
17HR-304,174.0,176.0,0.027,0.22,17.9,6.6,85.0,75.8,8.09,4.93,1.83,3.86,0.92,3.3,0.34,0.45
17HR-304,176.0,178.0,,0.07,9.8,3.0,81.0,29.4,8.63,5.58,1.75,3.33,1.17,3.47,0.391,0.21
17HR-304,178.0,180.0,,0.06,3.9,2.5,84.0,8.0,7.61,5.63,1.72,3.81,1.87,2.64,0.342,0.25
17HR-304,180.0,182.0,0.01,0.56,62.3,6.2,73.0,20.5,7.9,4.56,1.25,3.25,2.11,2.9,0.366,0.62
17HR-304,182.0,184.0,0.009,0.19,6.9,6.0,89.0,30.5,7.65,5.36,1.6,3.52,2.09,2.47,0.352,0.15
17HR-304,184.0,186.0,,0.28,23.1,5.5,79.0,7.5,7.21,5.01,1.31,3.99,2.27,2.32,0.325,0.84
17HR-304,186.0,188.0,0.008,0.39,25.9,7.0,59.0,20.4,7.3,5.12,1.15,3.13,2.24,2.61,0.318,2.76
17HR-304,188.0,190.0,0.005,0.15,5.1,3.7,95.0,9.1,8.21,6.05,1.89,3.41,3.01,2.01,0.324,1.9
17HR-304,190.0,192.0,0.018,0.32,5.5,6.1,100.0,24.8,7.92,7.82,2.18,2.01,2.76,1.6,0.299,2.58
17HR-304,192.0,194.0,0.038,0.24,6.0,6.4,112.0,17.4,8.38,8.5,2.47,1.65,2.8,1.42,0.297,3.01
17HR-304,192.0,194.0,0.03,0.21,6.0,6.5,108.0,19.5,7.69,8.26,2.3,1.34,2.7,1.4,0.288,3.01
17HR-304,194.0,196.0,0.025,0.36,9.8,8.2,74.0,35.1,7.67,7.4,1.67,2.17,1.94,2.2,0.324,4.64
17HR-304,196.0,198.0,0.006,0.18,3.2,5.3,92.0,12.9,8.15,6.83,2.12,1.52,2.89,1.53,0.306,2.21
17HR-304,198.0,200.0,0.005,0.24,8.9,4.2,91.0,6.8,8.36,5.53,1.95,2.17,3.45,1.62,0.345,1.01
17HR-304,200.0,202.0,0.007,0.23,7.8,5.0,91.0,19.3,7.86,5.71,1.93,2.44,2.89,1.82,0.32,1.29
17HR-304,202.0,204.0,0.005,0.27,9.2,5.5,73.0,7.4,8.28,4.48,1.75,2.86,3.73,1.9,0.335,1.07
17HR-304,204.0,206.0,,0.12,5.0,5.9,93.0,8.6,8.3,5.29,1.87,2.47,3.56,1.71,0.344,1.2
17HR-304,206.0,208.0,,0.07,8.1,3.3,105.0,7.0,7.95,5.0,1.85,2.69,3.9,1.55,0.333,0.56
17HR-304,208.0,210.0,,0.06,20.5,2.5,111.0,5.3,8.09,4.97,1.94,2.97,3.68,1.55,0.34,0.33
17HR-304,210.0,212.0,,0.09,9.5,4.9,102.0,7.7,7.7,5.27,1.84,3.1,3.52,1.62,0.301,1.39
17HR-304,212.0,214.0,,0.06,12.9,2.7,115.0,4.7,7.87,5.16,1.95,2.78,3.68,1.56,0.31,0.71
17HR-304,214.0,216.0,,0.04,4.3,3.4,108.0,4.7,7.76,6.56,2.09,1.99,3.44,1.38,0.299,2.09
17HR-304,216.0,218.0,0.019,0.21,8.1,8.1,80.0,23.7,8.27,7.62,1.95,0.99,3.2,1.62,0.277,4.48
17HR-304,218.0,220.0,0.01,0.14,12.3,7.1,65.0,8.5,8.39,5.95,1.65,1.97,4.04,2.08,0.327,4.13
17HR-304,220.0,222.0,0.01,0.23,10.7,9.5,41.0,23.2,8.21,5.9,1.53,1.89,3.33,2.53,0.316,5.21
17HR-304,222.0,224.0,0.005,0.16,8.0,8.4,67.0,11.8,7.67,6.19,1.94,1.44,3.43,1.61,0.318,4.31
17HR-304,224.0,226.0,0.01,0.3,9.3,11.2,64.0,8.9,7.67,5.44,1.92,2.78,2.96,1.96,0.393,3.02
17HR-304,226.0,228.0,0.013,0.36,10.2,12.4,69.0,11.2,7.62,6.1,2.13,1.53,3.57,1.54,0.331,3.78
17HR-304,228.0,230.0,0.007,0.23,9.9,13.1,88.0,10.4,7.64,5.75,2.46,1.76,3.27,1.65,0.337,2.58
17HR-304,230.0,232.0,0.005,0.2,6.8,10.3,98.0,6.9,7.89,5.3,2.42,1.56,3.41,1.68,0.35,1.85
17HR-304,232.0,234.0,,0.09,6.8,5.5,93.0,6.6,8.01,4.94,2.01,2.1,3.31,1.93,0.323,0.93
17HR-304,234.0,236.0,0.008,0.13,8.2,8.2,71.0,15.8,7.8,5.07,1.88,2.42,2.93,2.15,0.286,2.05
17HR-304,236.0,238.0,0.017,0.21,13.2,11.5,49.0,20.1,7.29,5.35,2.09,2.88,1.94,2.38,0.246,3.84
17HR-304,238.0,240.0,,54.5,21.3,11.0,54.0,7.7,7.75,4.93,1.72,2.53,3.12,2.14,0.267,3.31
17HR-304,240.0,242.0,,0.13,13.1,6.9,77.0,8.3,7.59,4.83,1.58,3.46,3.13,2.11,0.289,1.74
17HR-304,242.0,244.0,0.007,0.11,5.4,8.4,77.0,8.9,7.92,4.84,1.66,3.24,2.89,2.62,0.303,1.42
17HR-304,244.0,246.0,0.007,0.08,3.4,6.8,86.0,6.1,7.93,4.82,1.69,3.31,3.18,2.43,0.304,0.87
17HR-304,246.0,248.0,,0.13,9.0,7.3,65.0,8.6,7.86,4.94,1.58,3.43,3.21,2.56,0.304,1.68
17HR-304,248.0,250.0,0.076,0.94,21.1,17.9,101.0,98.3,7.53,4.63,1.35,3.92,1.55,3.36,0.314,1.9
17HR-304,250.0,252.0,0.01,0.32,7.0,13.8,67.0,19.3,8.1,5.08,1.57,2.88,3.19,2.68,0.288,2.68
17HR-304,252.0,254.0,0.006,0.17,9.3,16.7,85.0,14.0,8.03,5.13,1.66,2.72,3.16,2.78,0.296,2.38
17HR-304,254.0,256.0,0.007,0.15,29.3,16.7,74.0,12.5,8.1,5.08,1.78,2.73,3.45,2.58,0.287,2.04
17HR-304,256.0,258.0,0.006,0.11,5.5,22.4,75.0,9.2,8.01,5.04,1.62,2.79,3.14,2.81,0.317,1.85
17HR-304,258.0,260.0,,0.16,18.8,18.5,71.0,13.4,8.41,5.07,1.66,2.26,3.2,2.8,0.304,2.33
17HR-304,260.0,262.0,0.014,0.26,34.5,16.4,72.0,15.6,8.27,5.29,1.67,2.4,3.3,2.32,0.275,3.07
17HR-304,262.0,264.0,0.008,0.2,8.2,16.5,58.0,10.7,7.51,4.86,1.3,4.51,3.15,2.28,0.274,3.29
17HR-304,264.0,266.0,0.01,0.22,13.3,16.1,82.0,17.1,7.63,4.92,1.59,3.52,2.17,3.26,0.315,2.44
17HR-304,266.0,268.0,0.01,0.15,11.1,9.8,92.0,14.4,8.14,5.0,1.74,3.29,2.58,2.94,0.32,1.94
17HR-304,268.0,270.0,,0.08,7.6,7.9,129.0,5.7,8.55,5.28,1.8,3.2,2.9,2.84,0.337,1.11
17HR-304,270.0,272.0,0.031,0.43,8.7,9.7,104.0,14.3,8.21,5.15,1.63,3.8,2.0,3.21,0.334,1.08
17HR-304,272.0,274.0,0.005,0.08,7.4,8.4,96.0,6.0,8.3,5.23,1.82,3.39,2.12,3.39,0.347,0.63
17HR-304,274.0,276.0,0.012,0.09,8.3,5.5,66.0,10.4,8.46,5.02,1.75,2.4,3.23,2.27,0.301,1.93
17HR-304,276.0,278.0,0.008,0.11,7.1,5.6,80.0,8.8,8.2,4.96,1.73,4.13,2.99,2.39,0.312,1.09
17HR-304,278.0,280.0,,0.1,4.2,4.5,92.0,7.5,8.27,5.2,1.78,2.88,2.92,2.65,0.335,0.75
17HR-304,280.0,282.0,0.006,0.09,6.6,4.9,76.0,11.7,8.47,5.9,1.82,3.11,2.75,2.32,0.319,1.48
17HR-304,280.0,282.0,0.013,0.09,6.3,5.4,75.0,13.9,8.07,6.08,1.79,2.98,2.81,2.12,0.309,1.76
17HR-304,282.0,284.0,,0.11,49.2,5.8,71.0,7.3,7.81,5.1,1.64,3.81,1.75,3.35,0.318,0.94
17HR-304,284.0,286.0,,0.09,5.4,8.3,85.0,10.6,8.44,7.62,2.2,1.79,2.79,2.06,0.311,2.36
17HR-304,286.0,288.0,0.05,0.11,5.4,7.0,75.0,12.4,7.88,8.62,2.14,1.45,2.9,1.92,0.291,4.69
17HR-304,288.0,290.0,0.037,0.15,4.1,7.8,78.0,27.2,8.1,8.45,1.92,0.98,2.65,2.74,0.303,4.95
17HR-304,290.0,292.0,0.021,0.13,2.6,6.2,84.0,28.4,8.07,7.89,2.07,0.72,2.49,2.94,0.301,4.14
17HR-304,292.0,294.0,0.015,0.14,4.7,8.3,86.0,38.3,8.19,8.01,2.04,0.9,2.37,2.95,0.297,3.82
17HR-304,294.0,296.0,0.047,0.2,3.9,8.6,83.0,38.8,7.32,7.99,2.06,2.28,1.55,2.78,0.273,4.17
17HR-304,296.0,298.0,0.048,0.19,4.1,9.2,80.0,39.6,8.68,8.14,1.96,1.04,1.85,3.0,0.299,4.23
17HR-304,298.0,300.0,0.02,0.13,3.9,5.7,91.0,30.9,8.02,8.04,2.12,1.05,2.66,1.97,0.296,2.63
17HR-304,300.0,302.0,0.031,0.17,1.7,6.3,96.0,47.0,7.92,8.43,2.07,0.95,2.4,2.09,0.267,3.32
17HR-304,302.0,304.0,0.019,0.12,2.8,3.8,104.0,27.0,7.13,7.76,2.79,3.35,2.11,1.61,0.247,2.03
17HR-304,302.0,304.0,0.016,0.12,2.7,3.4,118.0,19.7,7.71,8.22,2.67,2.35,2.4,1.64,0.274,1.76
17HR-304,304.0,306.0,0.051,0.28,2.9,6.0,111.0,76.5,7.96,9.53,2.41,1.83,2.73,2.11,0.311,4.41
17HR-304,306.0,308.0,0.031,0.14,2.4,4.3,125.0,35.1,8.67,8.46,2.47,1.1,3.23,2.34,0.348,3.04
17HR-304,308.0,310.0,0.072,0.48,4.9,11.2,93.0,108.5,7.53,9.38,2.09,1.36,2.22,2.72,0.293,5.37
17HR-304,310.0,312.0,0.02,0.18,41.8,6.2,105.0,30.1,8.43,7.53,2.19,0.89,2.95,2.52,0.321,1.95
17HR-304,312.0,314.0,0.015,0.2,2.8,6.4,100.0,31.4,8.34,8.7,2.28,0.94,3.02,1.84,0.342,2.23
17HR-304,314.0,316.0,0.016,0.1,9.3,4.1,107.0,12.4,8.45,8.53,2.54,0.96,2.96,1.58,0.357,1.31
17HR-304,316.0,318.0,0.068,0.13,6.3,2.6,113.0,11.6,8.52,9.5,2.59,0.7,3.23,1.01,0.344,1.84
17HR-304,318.0,320.0,0.072,0.9,907.0,2.9,105.0,58.9,7.72,9.21,2.28,1.01,2.79,1.17,0.319,2.97
17HR-304,320.0,322.0,0.092,0.44,178.5,5.6,109.0,53.5,7.73,9.84,2.36,1.12,2.6,1.18,0.307,2.9
17HR-304,322.0,324.0,0.105,0.35,21.2,4.7,89.0,98.1,7.26,8.47,2.24,1.33,2.37,1.42,0.284,3.01
17HR-304,324.0,326.0,0.007,0.07,5.6,2.1,95.0,14.6,8.14,7.87,2.53,1.16,2.79,1.38,0.314,0.63
17HR-304,326.0,328.0,0.024,0.15,6.3,6.2,110.0,78.8,8.05,8.32,2.45,1.17,2.96,1.54,0.309,2.14
17HR-304,328.0,330.0,0.034,0.21,4.6,7.0,93.0,45.7,7.98,7.94,2.1,0.99,2.56,2.45,0.317,3.21
17HR-304,330.0,332.0,0.376,0.66,203.0,5.1,101.0,72.0,7.39,9.02,2.82,2.15,2.32,1.48,0.297,4.28
17HR-304,332.0,334.0,0.162,0.77,229.0,6.4,77.0,62.2,5.96,8.59,3.8,6.13,0.91,1.85,0.228,5.06
17HR-304,334.0,336.0,0.224,1.04,157.5,7.3,68.0,82.4,5.95,9.68,4.26,7.17,0.99,1.92,0.236,6.36
17HR-304,336.0,338.0,0.064,0.75,9.2,5.0,101.0,33.9,7.69,10.0,3.43,3.28,2.35,1.72,0.303,4.02
17HR-304,338.0,340.0,0.031,0.31,62.8,5.0,100.0,32.0,8.11,7.35,2.31,2.29,2.49,2.75,0.328,2.85
17HR-304,340.0,342.0,0.144,0.68,15.1,10.2,88.0,46.8,7.05,10.45,2.3,2.01,1.9,2.05,0.27,5.61
17HR-304,342.0,344.0,0.104,0.51,5.8,8.3,79.0,58.8,6.86,12.85,2.13,0.94,2.39,0.86,0.255,6.15
17HR-304,344.0,346.0,0.095,0.74,11.9,12.0,59.0,89.0,7.25,10.7,2.6,2.52,2.18,1.8,0.27,5.66
17HR-304,346.0,348.0,0.101,0.56,61.4,14.4,69.0,80.7,7.69,9.2,2.76,3.15,2.43,2.09,0.3,4.52
17HR-304,348.0,350.0,,0.46,12.5,9.9,56.0,79.5,5.49,7.99,4.03,7.23,1.18,1.66,0.204,4.2
17HR-304,350.0,352.0,0.12,0.76,13.1,8.3,97.0,82.0,7.68,10.75,2.06,1.02,2.98,1.56,0.291,4.94
17HR-304,352.0,354.0,0.129,0.44,4.4,6.7,81.0,78.5,7.6,10.6,1.94,1.19,2.83,1.49,0.293,5.72
17HR-304,354.0,356.0,0.106,0.53,251.0,5.3,92.0,90.3,8.36,7.07,2.22,1.71,3.2,1.51,0.344,2.24
17HR-304,356.0,358.0,0.052,0.32,65.3,6.0,95.0,70.0,7.97,7.08,2.58,2.51,2.88,1.49,0.328,2.2
17HR-304,358.0,360.0,0.067,0.38,157.5,5.0,98.0,31.2,7.97,6.32,2.6,2.7,2.64,1.62,0.323,1.37
17HR-304,360.0,362.0,0.092,0.53,17.7,9.8,79.0,65.2,7.24,9.87,2.2,1.68,2.26,1.83,0.298,5.2
17HR-304,362.0,364.0,0.104,0.28,45.0,6.9,82.0,56.8,7.9,8.57,1.99,0.82,2.79,2.22,0.329,4.18
17HR-304,364.0,366.0,0.069,0.28,6.5,6.6,81.0,42.0,7.71,10.0,2.03,0.85,2.9,1.71,0.31,4.74
17HR-304,366.0,368.0,0.234,1.15,30.6,8.2,61.0,48.6,7.18,9.39,1.93,1.73,1.4,2.07,0.278,5.5
17HR-304,368.0,370.0,0.081,0.53,46.8,3.8,87.0,26.5,8.15,6.31,2.5,2.33,2.53,2.02,0.337,1.29
17HR-304,368.0,370.0,0.018,0.14,16.3,3.5,84.0,24.5,8.03,6.27,2.38,2.18,2.57,1.91,0.332,1.41
17HR-304,370.0,372.0,0.054,0.35,15.2,6.5,63.0,36.1,7.4,5.76,2.29,3.7,1.59,2.34,0.279,2.73
17HR-304,372.0,374.0,0.273,1.32,11.1,28.0,13.0,179.5,3.25,6.19,2.13,4.56,0.05,1.59,0.098,6.15
17HR-304,374.0,376.0,0.306,1.02,39.0,15.8,16.0,184.0,5.67,7.27,1.33,2.84,0.57,2.57,0.175,7.41
17HR-304,376.0,378.0,1.54,1.08,6.9,16.5,66.0,126.5,5.01,7.88,1.8,2.55,0.61,1.73,0.164,6.13
17HR-304,378.0,380.0,0.277,1.3,55.5,14.4,112.0,74.7,6.05,8.67,1.7,3.58,0.64,2.25,0.223,6.11
17HR-304,380.0,382.0,0.175,2.14,80.0,209.0,1200.0,227.0,7.74,5.96,0.65,1.44,1.35,3.34,0.252,6.08
17HR-304,382.0,384.0,0.173,2.09,8.8,134.5,33.0,137.0,6.23,5.26,1.5,3.39,0.24,3.08,0.197,4.71
17HR-304,384.0,386.0,0.062,1.01,5.2,6.7,33.0,44.6,8.58,7.23,1.33,1.32,2.81,2.62,0.283,6.38
17HR-304,386.0,388.0,0.146,0.78,8.2,8.7,41.0,71.7,7.39,9.47,1.38,1.04,2.48,1.96,0.238,7.98
17HR-304,388.0,390.0,0.233,1.25,10.5,12.8,165.0,127.0,7.22,8.48,1.22,0.93,2.33,2.02,0.235,7.16
17HR-304,390.0,392.0,0.099,0.88,8.2,12.3,28.0,45.0,6.63,9.89,0.99,0.97,0.91,2.65,0.208,9.59
17HR-304,392.0,394.0,0.107,1.32,130.0,10.0,176.0,71.0,7.34,7.43,1.43,1.39,1.86,2.43,0.24,6.47
17HR-304,394.0,396.0,0.054,1.41,24.2,6.8,65.0,40.2,8.27,7.43,1.61,1.07,1.81,2.83,0.279,5.85
17HR-304,396.0,398.0,0.048,0.74,4.4,3.9,47.0,27.5,7.82,7.17,1.71,0.63,2.56,2.04,0.261,5.05
17HR-304,398.0,400.0,0.094,1.51,9.7,6.3,174.0,32.9,8.22,7.44,1.35,1.48,2.44,2.68,0.268,7.01
17HR-304,400.0,402.0,0.099,2.46,8.3,7.1,14.0,13.5,8.93,6.45,0.76,0.84,0.24,4.44,0.291,7.06
17HR-304,402.0,404.0,0.093,1.28,13.1,14.9,61.0,38.1,7.27,9.55,1.16,1.43,1.3,2.66,0.235,9.4
17HR-304,404.0,406.0,0.054,0.71,6.5,10.7,45.0,60.3,8.6,6.98,1.28,1.18,2.44,2.84,0.282,6.74
17HR-304,406.0,408.0,0.044,2.84,2240.0,26.5,157.0,45.7,7.44,6.97,1.42,2.72,2.18,2.72,0.268,7.03
17HR-304,408.0,410.0,0.033,1.11,533.0,23.5,131.0,45.4,7.65,6.29,1.08,2.07,1.77,3.11,0.253,6.39
17HR-304,410.0,412.0,0.043,0.72,6.1,5.7,40.0,46.3,8.73,6.47,1.58,1.54,2.95,2.43,0.269,5.62
17HR-304,412.0,414.0,0.195,1.05,6.5,20.1,43.0,91.3,7.77,8.85,1.34,1.5,1.85,2.61,0.252,7.88
17HR-304,414.0,416.0,0.085,0.74,4.8,12.7,52.0,69.5,8.17,7.38,1.72,0.92,3.19,1.69,0.278,5.32
17HR-304,416.0,418.0,0.1,0.77,22.0,22.4,105.0,28.6,7.33,7.16,3.01,2.07,1.7,1.76,0.275,3.29
17HR-304,418.0,420.0,0.018,0.27,34.1,3.8,124.0,19.1,7.36,5.7,4.58,2.31,1.91,1.14,0.311,0.69
17HR-304,420.0,422.0,0.029,0.48,9.9,5.9,83.0,36.2,7.61,6.2,2.87,1.26,2.69,1.49,0.291,3.18
17HR-304,422.0,424.0,0.061,0.99,12.8,11.1,52.0,66.1,7.97,7.1,1.96,1.09,2.9,1.9,0.279,6.07
17HR-304,424.0,426.0,0.058,0.69,6.3,11.4,56.0,61.8,7.66,7.15,2.02,1.46,2.24,2.07,0.262,5.74
17HR-304,426.0,428.0,0.085,1.33,12.7,18.8,48.0,83.5,8.07,9.75,1.54,1.23,1.79,2.61,0.269,8.78
17HR-304,428.0,430.0,0.121,1.01,7.5,16.4,58.0,62.2,7.87,9.27,1.54,0.95,1.29,2.85,0.256,7.64
17HR-304,430.0,432.0,0.04,1.02,6.0,11.8,71.0,38.7,6.97,6.91,2.41,2.92,2.19,2.0,0.253,4.65
17HR-304,432.0,434.0,0.051,0.64,5.2,5.3,62.0,25.3,7.69,6.67,2.03,1.56,1.39,2.54,0.245,4.13
17HR-304,434.0,436.0,0.062,0.9,7.6,9.1,64.0,44.9,7.3,7.57,1.94,1.87,0.8,2.67,0.232,5.53
17HR-304,436.0,438.0,0.031,0.56,5.4,7.6,85.0,39.2,8.51,6.88,2.13,1.2,1.49,2.65,0.279,4.06
17HR-304,438.0,440.0,0.023,0.49,5.8,8.6,78.0,36.1,8.75,5.61,2.03,1.15,1.42,3.05,0.283,3.39
17HR-304,440.0,442.0,0.03,0.42,12.1,13.4,62.0,33.0,8.67,6.21,1.8,0.86,2.45,2.58,0.269,5.46
17HR-304,442.0,444.0,0.028,0.45,6.8,12.2,45.0,55.3,7.93,6.57,1.66,1.03,1.34,2.8,0.275,5.77
17HR-304,444.0,446.0,0.016,0.29,6.0,7.1,42.0,26.9,7.5,5.72,1.86,0.73,1.59,2.49,0.262,4.4
17HR-304,446.0,448.0,0.041,0.64,9.1,10.5,31.0,41.2,7.42,5.89,1.55,1.1,1.3,2.7,0.23,5.29
17HR-304,448.0,450.0,0.018,0.42,6.9,11.2,21.0,26.3,7.9,5.49,1.43,1.34,1.63,2.91,0.237,5.22
17HR-304,450.0,452.0,0.019,0.68,5.0,8.1,20.0,31.0,7.89,5.7,1.26,1.07,1.57,2.97,0.237,5.56
17HR-304,452.0,454.0,0.029,0.83,7.3,15.0,21.0,53.8,8.04,5.89,1.32,1.52,1.28,3.34,0.226,5.83
17HR-304,454.0,456.0,0.018,0.34,4.6,10.2,22.0,40.7,7.29,4.64,1.41,1.82,1.41,2.88,0.246,4.47
17HR-304,456.0,458.0,0.026,0.37,6.3,11.5,24.0,49.9,7.3,5.77,1.54,2.0,1.56,2.74,0.265,5.72
17HR-304,456.0,458.0,0.028,0.49,8.7,13.4,25.0,50.9,6.92,6.32,1.5,2.01,1.53,2.62,0.259,6.28
17HR-304,458.0,460.0,0.037,0.59,11.3,12.6,31.0,50.2,7.45,6.76,1.34,1.3,0.88,2.92,0.209,6.89
17HR-304,460.0,462.0,0.069,1.14,19.6,42.2,23.0,96.4,6.14,8.5,1.63,3.02,0.34,2.87,0.219,8.74
17HR-304,462.0,464.0,0.066,1.13,10.2,21.8,36.0,56.2,7.32,6.76,1.37,2.33,0.43,3.35,0.228,6.59
17HR-304,464.0,466.0,0.065,0.98,9.9,30.6,39.0,75.9,6.64,7.12,1.14,1.84,0.76,2.79,0.198,7.33
17HR-304,466.0,468.0,0.045,0.79,6.2,23.8,40.0,74.5,6.33,6.98,1.27,2.21,0.33,2.85,0.169,7.17
17HR-304,468.0,470.0,0.039,0.64,5.8,15.3,21.0,69.7,7.3,5.73,1.27,2.1,0.65,3.18,0.165,5.99
17HR-304,470.0,472.0,0.046,0.57,5.3,19.8,67.0,76.4,7.3,5.66,1.29,1.98,0.36,3.4,0.2,5.94
17HR-304,472.0,474.0,0.023,0.53,20.5,9.6,21.0,54.2,7.17,4.88,1.38,2.01,0.42,3.29,0.2,4.77
17HR-304,474.0,476.0,0.033,0.46,5.0,5.7,27.0,34.7,7.09,5.66,1.84,2.48,1.06,2.69,0.211,4.94
17HR-304,476.0,478.0,0.065,0.45,4.2,5.0,89.0,20.3,7.58,7.65,3.86,1.34,1.22,1.68,0.302,3.22
17HR-304,478.0,480.0,0.064,0.54,7.1,8.2,56.0,36.7,6.48,6.76,3.19,3.48,0.63,2.17,0.261,4.11
17HR-304,480.0,482.0,0.077,0.67,6.1,7.9,61.0,18.3,6.3,6.6,2.72,2.13,0.52,2.1,0.259,4.01
17HR-304,482.0,484.0,0.118,0.69,6.2,7.8,38.0,16.2,7.06,8.08,1.92,1.52,1.09,2.42,0.23,7.01
17HR-304,484.0,486.0,0.097,0.51,4.2,5.2,35.0,20.2,6.44,6.17,1.83,2.45,2.48,1.47,0.218,5.5
17HR-304,486.0,488.0,0.138,0.5,4.0,3.6,73.0,11.4,6.66,7.16,3.66,2.28,1.69,1.21,0.257,4.01
17HR-304,488.0,490.0,0.069,0.6,5.3,9.2,20.0,18.6,5.04,5.9,3.05,5.87,0.82,2.01,0.19,5.23
17HR-304,490.0,492.0,0.07,0.57,15.0,8.0,48.0,10.9,8.8,6.21,1.99,1.31,1.89,2.8,0.351,4.26
17HR-304,492.0,494.0,0.078,0.64,9.1,3.4,31.0,6.5,7.85,5.29,1.82,1.66,2.08,2.37,0.301,4.0
17HR-304,494.0,496.0,0.052,0.49,3.8,4.7,24.0,7.1,7.13,5.49,1.35,1.42,2.19,2.06,0.218,4.88
17HR-304,496.0,498.0,0.059,0.4,4.5,2.3,26.0,8.4,7.24,5.03,1.4,0.97,2.45,1.8,0.237,3.78
17HR-304,498.0,500.0,0.074,0.64,4.4,3.7,23.0,5.3,7.97,5.81,1.47,0.97,2.03,2.56,0.267,5.14
