x,y,z,value,label
462200,6176700,1148.6,53998.3,TMI_nT
462200,6176725,1155.6,53998.6,TMI_nT
462200,6176750,1138.0,53998.3,TMI_nT
462200,6176775,1147.9,54003.7,TMI_nT
462200,6176800,1150.9,53997.0,TMI_nT
462200,6176825,1159.3,54002.3,TMI_nT
462200,6176850,1150.9,54007.3,TMI_nT
462200,6176875,1141.9,53990.4,TMI_nT
462200,6176900,1160.5,54002.2,TMI_nT
462200,6176925,1149.1,53999.6,TMI_nT
462200,6176950,1138.4,54005.4,TMI_nT
462200,6176975,1153.9,53995.2,TMI_nT
462200,6177000,1148.1,54009.3,TMI_nT
462200,6177025,1152.0,54003.2,TMI_nT
462200,6177050,1141.1,54008.0,TMI_nT
462200,6177075,1137.9,54005.3,TMI_nT
462200,6177100,1145.1,53967.0,TMI_nT
462200,6177125,1157.0,53987.3,TMI_nT
462200,6177150,1140.2,54006.2,TMI_nT
462200,6177175,1142.0,54008.3,TMI_nT
462200,6177200,1147.6,53997.0,TMI_nT
462200,6177225,1156.5,53999.3,TMI_nT
462200,6177250,1152.8,54005.5,TMI_nT
462200,6177275,1153.8,54005.5,TMI_nT
462200,6177300,1144.3,53990.1,TMI_nT
462200,6177325,1154.0,53991.9,TMI_nT
462200,6177350,1168.7,53994.4,TMI_nT
462200,6177375,1141.2,53987.5,TMI_nT
462200,6177400,1161.4,54006.4,TMI_nT
462200,6177425,1156.7,54003.2,TMI_nT
462200,6177450,1149.2,54014.1,TMI_nT
462200,6177475,1145.7,53979.8,TMI_nT
462200,6177500,1138.5,54008.2,TMI_nT
462200,6177525,1152.0,53997.1,TMI_nT
462200,6177550,1155.8,53992.8,TMI_nT
462200,6177575,1168.6,54003.5,TMI_nT
462200,6177600,1145.1,54003.8,TMI_nT
462200,6177625,1143.3,53989.6,TMI_nT
462200,6177650,1145.5,54007.6,TMI_nT
462200,6177675,1156.0,53995.3,TMI_nT
462200,6177700,1147.7,53987.3,TMI_nT
462200,6177725,1141.3,53973.8,TMI_nT
462200,6177750,1153.3,53989.0,TMI_nT
462200,6177775,1149.9,54010.0,TMI_nT
462200,6177800,1151.3,53998.7,TMI_nT
462200,6177825,1157.1,54008.5,TMI_nT
462200,6177850,1141.9,53998.7,TMI_nT
462200,6177875,1153.0,54006.1,TMI_nT
462200,6177900,1149.8,54009.9,TMI_nT
462200,6177925,1147.1,54018.5,TMI_nT
462200,6177950,1150.9,54014.1,TMI_nT
462200,6177975,1141.0,53988.7,TMI_nT
462200,6178000,1161.4,53993.0,TMI_nT
462200,6178025,1155.5,54004.5,TMI_nT
462200,6178050,1155.7,53966.1,TMI_nT
462200,6178075,1145.6,54001.2,TMI_nT
462200,6178100,1150.0,53986.9,TMI_nT
462200,6178125,1141.6,54015.0,TMI_nT
462200,6178150,1160.9,53989.1,TMI_nT
462200,6178175,1147.1,53988.7,TMI_nT
462200,6178200,1140.1,53995.2,TMI_nT
462200,6178225,1140.3,53996.5,TMI_nT
462200,6178250,1150.0,54004.4,TMI_nT
462200,6178275,1152.2,54021.1,TMI_nT
462200,6178300,1139.6,54010.0,TMI_nT
462200,6178325,1152.6,53992.0,TMI_nT
462200,6178350,1136.6,54014.3,TMI_nT
462200,6178375,1154.7,54005.2,TMI_nT
462200,6178400,1155.7,54011.6,TMI_nT
462200,6178425,1145.8,53993.7,TMI_nT
462200,6178450,1151.6,53978.0,TMI_nT
462200,6178475,1166.2,53990.6,TMI_nT
462200,6178500,1152.6,53985.5,TMI_nT
462200,6178525,1146.8,53973.9,TMI_nT
462200,6178550,1156.6,53995.7,TMI_nT
462200,6178575,1149.6,54009.9,TMI_nT
462200,6178600,1153.7,53979.0,TMI_nT
462200,6178625,1153.9,53998.5,TMI_nT
462200,6178650,1159.1,53983.8,TMI_nT
462200,6178675,1155.6,53993.2,TMI_nT
462200,6178700,1154.9,54007.3,TMI_nT
462200,6178725,1167.2,53995.3,TMI_nT
462200,6178750,1147.6,53994.7,TMI_nT
462200,6178775,1161.9,53993.0,TMI_nT
462200,6178800,1154.2,53993.0,TMI_nT
462200,6178825,1145.9,54005.8,TMI_nT
462200,6178850,1152.4,53970.7,TMI_nT
462200,6178875,1145.1,53994.1,TMI_nT
462200,6178900,1154.9,54001.7,TMI_nT
462200,6178925,1154.1,53979.2,TMI_nT
462200,6178950,1138.1,53988.6,TMI_nT
462200,6178975,1149.6,53996.3,TMI_nT
462200,6179000,1154.2,53981.9,TMI_nT
462200,6179025,1145.4,53996.6,TMI_nT
462200,6179050,1158.1,53995.4,TMI_nT
462200,6179075,1153.0,53981.9,TMI_nT
462200,6179100,1168.1,53990.4,TMI_nT
462200,6179125,1155.6,53968.0,TMI_nT
462200,6179150,1149.2,53986.5,TMI_nT
462200,6179175,1149.9,54012.9,TMI_nT
462200,6179200,1146.5,54016.9,TMI_nT
462200,6179225,1146.1,53994.1,TMI_nT
462200,6179250,1150.5,53981.5,TMI_nT
462200,6179275,1151.6,53986.3,TMI_nT
462200,6179300,1166.0,53964.3,TMI_nT
462200,6179325,1163.9,53987.5,TMI_nT
462200,6179350,1152.3,53977.3,TMI_nT
462200,6179375,1143.0,54027.3,TMI_nT
462200,6179400,1145.6,53971.3,TMI_nT
462200,6179425,1155.5,53994.8,TMI_nT
462200,6179450,1147.9,54004.5,TMI_nT
462200,6179475,1146.5,53969.7,TMI_nT
462200,6179500,1153.7,54003.7,TMI_nT
462200,6179525,1149.7,53965.2,TMI_nT
462200,6179550,1167.0,54005.4,TMI_nT
462200,6179575,1152.5,53995.2,TMI_nT
462200,6179600,1143.3,53973.5,TMI_nT
462200,6179625,1154.0,53988.9,TMI_nT
462200,6179650,1146.2,53995.2,TMI_nT
462200,6179675,1143.8,53974.3,TMI_nT
462200,6179700,1155.1,53974.1,TMI_nT
462200,6179725,1147.3,53960.2,TMI_nT
462200,6179750,1162.2,53993.2,TMI_nT
462200,6179775,1158.0,53988.6,TMI_nT
462200,6179800,1144.0,53982.8,TMI_nT
462200,6179825,1162.2,53979.4,TMI_nT
462200,6179850,1153.9,53999.3,TMI_nT
462200,6179875,1149.7,54027.3,TMI_nT
462200,6179900,1152.5,53994.6,TMI_nT
462200,6179925,1168.5,53984.4,TMI_nT
462200,6179950,1138.8,54005.1,TMI_nT
462200,6179975,1153.4,53982.1,TMI_nT
462200,6180000,1139.2,53996.2,TMI_nT
462200,6180025,1134.7,53959.6,TMI_nT
462200,6180050,1149.2,53985.7,TMI_nT
462200,6180075,1143.8,53990.6,TMI_nT
462200,6180100,1133.8,53971.7,TMI_nT
462200,6180125,1153.0,53990.3,TMI_nT
462200,6180150,1156.3,53998.1,TMI_nT
462200,6180175,1160.8,53983.8,TMI_nT
462200,6180200,1144.7,53984.4,TMI_nT
462200,6180225,1145.3,53979.7,TMI_nT
462200,6180250,1151.3,53959.8,TMI_nT
462200,6180275,1147.1,53988.7,TMI_nT
462200,6180300,1153.0,53977.0,TMI_nT
462200,6180325,1150.3,54006.1,TMI_nT
462200,6180350,1145.3,53979.3,TMI_nT
462300,6176700,1139.9,54000.0,TMI_nT
462300,6176725,1150.5,53999.2,TMI_nT
462300,6176750,1157.5,54022.7,TMI_nT
462300,6176775,1144.3,54012.9,TMI_nT
462300,6176800,1140.9,54008.4,TMI_nT
462300,6176825,1153.3,54004.0,TMI_nT
462300,6176850,1166.0,53991.0,TMI_nT
462300,6176875,1134.8,54006.9,TMI_nT
462300,6176900,1146.7,54006.6,TMI_nT
462300,6176925,1153.7,53999.9,TMI_nT
462300,6176950,1133.7,54004.5,TMI_nT
462300,6176975,1156.2,53985.8,TMI_nT
462300,6177000,1165.2,54015.2,TMI_nT
462300,6177025,1133.6,54021.1,TMI_nT
462300,6177050,1134.7,54008.6,TMI_nT
462300,6177075,1152.0,54018.7,TMI_nT
462300,6177100,1166.1,53985.5,TMI_nT
462300,6177125,1134.9,54006.8,TMI_nT
462300,6177150,1144.2,54002.5,TMI_nT
462300,6177175,1146.3,54000.2,TMI_nT
462300,6177200,1138.6,54015.3,TMI_nT
462300,6177225,1164.5,54002.5,TMI_nT
462300,6177250,1151.7,53988.7,TMI_nT
462300,6177275,1144.5,54000.9,TMI_nT
462300,6177300,1150.8,54006.2,TMI_nT
462300,6177325,1164.1,53987.0,TMI_nT
462300,6177350,1148.7,54007.7,TMI_nT
462300,6177375,1143.7,53990.5,TMI_nT
462300,6177400,1148.8,54012.8,TMI_nT
462300,6177425,1148.5,54003.4,TMI_nT
462300,6177450,1149.1,54005.2,TMI_nT
462300,6177475,1148.5,54006.9,TMI_nT
462300,6177500,1155.4,54007.5,TMI_nT
462300,6177525,1143.1,53996.1,TMI_nT
462300,6177550,1144.1,53986.1,TMI_nT
462300,6177575,1156.9,53985.5,TMI_nT
462300,6177600,1162.6,53996.6,TMI_nT
462300,6177625,1150.2,54024.4,TMI_nT
462300,6177650,1146.9,53978.4,TMI_nT
462300,6177675,1138.1,53996.0,TMI_nT
462300,6177700,1152.3,53993.8,TMI_nT
462300,6177725,1143.9,53991.2,TMI_nT
462300,6177750,1164.3,53987.5,TMI_nT
462300,6177775,1143.4,53994.6,TMI_nT
462300,6177800,1157.6,53991.9,TMI_nT
462300,6177825,1153.9,53988.1,TMI_nT
462300,6177850,1156.0,54004.9,TMI_nT
462300,6177875,1145.6,54012.9,TMI_nT
462300,6177900,1143.7,54009.6,TMI_nT
462300,6177925,1159.6,53991.1,TMI_nT
462300,6177950,1150.0,54005.7,TMI_nT
462300,6177975,1154.5,53981.4,TMI_nT
462300,6178000,1142.6,53988.0,TMI_nT
462300,6178025,1152.0,53987.7,TMI_nT
462300,6178050,1152.9,53969.9,TMI_nT
462300,6178075,1145.3,53997.4,TMI_nT
462300,6178100,1154.9,54007.6,TMI_nT
462300,6178125,1144.6,53987.8,TMI_nT
462300,6178150,1137.9,54003.3,TMI_nT
462300,6178175,1145.0,53990.9,TMI_nT
462300,6178200,1151.7,53995.6,TMI_nT
462300,6178225,1159.1,53995.1,TMI_nT
462300,6178250,1147.5,53997.3,TMI_nT
462300,6178275,1155.8,53980.0,TMI_nT
462300,6178300,1161.6,54000.7,TMI_nT
462300,6178325,1150.2,53985.3,TMI_nT
462300,6178350,1149.3,53993.5,TMI_nT
462300,6178375,1136.3,53994.2,TMI_nT
462300,6178400,1155.2,54003.9,TMI_nT
462300,6178425,1168.0,54007.5,TMI_nT
462300,6178450,1149.7,53990.0,TMI_nT
462300,6178475,1165.5,53993.8,TMI_nT
462300,6178500,1153.9,53972.8,TMI_nT
462300,6178525,1129.3,53975.8,TMI_nT
462300,6178550,1138.9,53969.1,TMI_nT
462300,6178575,1143.1,54006.1,TMI_nT
462300,6178600,1140.7,53990.5,TMI_nT
462300,6178625,1141.2,54000.4,TMI_nT
462300,6178650,1142.1,54008.8,TMI_nT
462300,6178675,1151.0,53983.7,TMI_nT
462300,6178700,1161.4,53993.1,TMI_nT
462300,6178725,1140.3,53994.1,TMI_nT
462300,6178750,1145.4,53985.9,TMI_nT
462300,6178775,1153.1,54001.2,TMI_nT
462300,6178800,1157.0,53991.0,TMI_nT
462300,6178825,1148.9,53986.0,TMI_nT
462300,6178850,1162.2,53994.4,TMI_nT
462300,6178875,1147.2,53990.9,TMI_nT
462300,6178900,1155.5,53979.4,TMI_nT
462300,6178925,1152.7,53984.8,TMI_nT
462300,6178950,1158.3,53969.0,TMI_nT
462300,6178975,1143.8,53975.7,TMI_nT
462300,6179000,1139.3,54004.3,TMI_nT
462300,6179025,1150.6,53990.5,TMI_nT
462300,6179050,1160.7,53979.4,TMI_nT
462300,6179075,1134.2,54009.3,TMI_nT
462300,6179100,1156.5,53973.8,TMI_nT
462300,6179125,1146.9,53975.5,TMI_nT
462300,6179150,1155.5,53992.6,TMI_nT
462300,6179175,1150.8,53988.2,TMI_nT
462300,6179200,1160.3,53981.5,TMI_nT
462300,6179225,1152.7,53984.8,TMI_nT
462300,6179250,1150.9,53984.5,TMI_nT
462300,6179275,1148.7,53988.5,TMI_nT
462300,6179300,1156.4,53978.2,TMI_nT
462300,6179325,1151.9,54007.3,TMI_nT
462300,6179350,1156.7,53999.0,TMI_nT
462300,6179375,1152.4,54001.2,TMI_nT
462300,6179400,1156.9,53992.5,TMI_nT
462300,6179425,1142.2,53990.7,TMI_nT
462300,6179450,1134.9,53990.1,TMI_nT
462300,6179475,1153.3,53989.6,TMI_nT
462300,6179500,1151.2,54004.4,TMI_nT
462300,6179525,1150.0,54000.6,TMI_nT
462300,6179550,1138.7,53977.1,TMI_nT
462300,6179575,1139.1,53977.7,TMI_nT
462300,6179600,1148.3,53996.8,TMI_nT
462300,6179625,1150.6,53995.9,TMI_nT
462300,6179650,1158.5,54001.5,TMI_nT
462300,6179675,1147.8,53981.2,TMI_nT
462300,6179700,1137.0,53982.4,TMI_nT
462300,6179725,1159.5,53996.8,TMI_nT
462300,6179750,1146.1,53988.5,TMI_nT
462300,6179775,1131.2,54001.6,TMI_nT
462300,6179800,1151.1,53990.5,TMI_nT
462300,6179825,1161.1,53981.4,TMI_nT
462300,6179850,1147.9,53999.8,TMI_nT
462300,6179875,1146.9,53987.1,TMI_nT
462300,6179900,1139.5,53981.9,TMI_nT
462300,6179925,1158.2,54004.5,TMI_nT
462300,6179950,1141.2,53997.4,TMI_nT
462300,6179975,1165.8,54012.7,TMI_nT
462300,6180000,1142.8,53989.9,TMI_nT
462300,6180025,1153.3,53977.1,TMI_nT
462300,6180050,1149.7,53976.4,TMI_nT
462300,6180075,1137.9,54000.4,TMI_nT
462300,6180100,1162.5,54011.3,TMI_nT
462300,6180125,1138.7,53972.3,TMI_nT
462300,6180150,1141.8,53983.6,TMI_nT
462300,6180175,1129.4,53983.7,TMI_nT
462300,6180200,1164.4,53984.1,TMI_nT
462300,6180225,1147.8,53973.3,TMI_nT
462300,6180250,1155.1,53968.7,TMI_nT
462300,6180275,1165.5,53983.8,TMI_nT
462300,6180300,1147.0,53988.9,TMI_nT
462300,6180325,1146.0,53992.9,TMI_nT
462300,6180350,1152.4,53970.1,TMI_nT
462400,6176700,1151.3,53999.5,TMI_nT
462400,6176725,1145.9,54006.0,TMI_nT
462400,6176750,1163.9,54006.5,TMI_nT
462400,6176775,1163.9,53988.0,TMI_nT
462400,6176800,1143.9,53998.3,TMI_nT
462400,6176825,1151.2,54030.2,TMI_nT
462400,6176850,1156.5,54017.4,TMI_nT
462400,6176875,1151.0,53980.7,TMI_nT
462400,6176900,1139.3,53994.5,TMI_nT
462400,6176925,1150.8,53979.4,TMI_nT
462400,6176950,1153.1,54007.7,TMI_nT
462400,6176975,1143.6,53996.8,TMI_nT
462400,6177000,1145.6,53988.6,TMI_nT
462400,6177025,1148.4,53987.9,TMI_nT
462400,6177050,1142.8,53999.9,TMI_nT
462400,6177075,1143.9,53997.3,TMI_nT
462400,6177100,1154.1,53999.9,TMI_nT
462400,6177125,1153.8,54002.0,TMI_nT
462400,6177150,1147.0,53980.0,TMI_nT
462400,6177175,1155.1,54003.0,TMI_nT
462400,6177200,1151.3,53980.4,TMI_nT
462400,6177225,1148.6,54014.0,TMI_nT
462400,6177250,1153.6,53998.3,TMI_nT
462400,6177275,1155.4,54002.3,TMI_nT
462400,6177300,1151.2,54000.1,TMI_nT
462400,6177325,1148.6,53989.7,TMI_nT
462400,6177350,1148.4,54014.0,TMI_nT
462400,6177375,1146.1,53996.9,TMI_nT
462400,6177400,1143.2,54008.2,TMI_nT
462400,6177425,1142.5,54009.6,TMI_nT
462400,6177450,1151.6,53985.9,TMI_nT
462400,6177475,1152.4,54000.0,TMI_nT
462400,6177500,1146.7,54011.1,TMI_nT
462400,6177525,1142.7,54003.6,TMI_nT
462400,6177550,1155.1,54013.2,TMI_nT
462400,6177575,1151.5,54004.5,TMI_nT
462400,6177600,1147.4,53988.5,TMI_nT
462400,6177625,1149.8,54003.8,TMI_nT
462400,6177650,1139.1,53999.2,TMI_nT
462400,6177675,1144.5,53999.8,TMI_nT
462400,6177700,1148.8,53984.5,TMI_nT
462400,6177725,1155.6,53975.1,TMI_nT
462400,6177750,1149.6,54007.5,TMI_nT
462400,6177775,1142.4,53985.2,TMI_nT
462400,6177800,1130.6,53995.2,TMI_nT
462400,6177825,1155.3,53999.1,TMI_nT
462400,6177850,1146.0,53993.1,TMI_nT
462400,6177875,1152.8,53998.9,TMI_nT
462400,6177900,1150.1,54009.8,TMI_nT
462400,6177925,1146.3,53988.3,TMI_nT
462400,6177950,1162.4,53998.7,TMI_nT
462400,6177975,1141.6,53992.5,TMI_nT
462400,6178000,1133.2,53985.9,TMI_nT
462400,6178025,1139.1,54000.2,TMI_nT
462400,6178050,1134.2,53981.3,TMI_nT
462400,6178075,1154.5,53982.6,TMI_nT
462400,6178100,1136.0,53980.2,TMI_nT
462400,6178125,1147.3,53998.0,TMI_nT
462400,6178150,1155.9,54000.9,TMI_nT
462400,6178175,1139.6,53995.6,TMI_nT
462400,6178200,1154.0,53994.1,TMI_nT
462400,6178225,1138.5,53988.5,TMI_nT
462400,6178250,1146.7,54008.6,TMI_nT
462400,6178275,1150.1,53990.4,TMI_nT
462400,6178300,1152.1,54007.6,TMI_nT
462400,6178325,1155.5,53991.1,TMI_nT
462400,6178350,1161.1,54020.8,TMI_nT
462400,6178375,1141.0,54003.0,TMI_nT
462400,6178400,1140.4,54039.8,TMI_nT
462400,6178425,1144.4,53990.2,TMI_nT
462400,6178450,1153.4,54014.1,TMI_nT
462400,6178475,1152.1,53977.4,TMI_nT
462400,6178500,1147.5,54001.0,TMI_nT
462400,6178525,1144.2,53979.7,TMI_nT
462400,6178550,1150.2,53989.0,TMI_nT
462400,6178575,1155.9,53987.9,TMI_nT
462400,6178600,1136.1,53982.6,TMI_nT
462400,6178625,1160.8,53985.0,TMI_nT
462400,6178650,1168.7,53986.9,TMI_nT
462400,6178675,1140.7,53999.6,TMI_nT
462400,6178700,1151.9,53983.6,TMI_nT
462400,6178725,1169.0,53979.4,TMI_nT
462400,6178750,1155.4,53981.5,TMI_nT
462400,6178775,1149.1,54010.8,TMI_nT
462400,6178800,1147.8,53981.2,TMI_nT
462400,6178825,1157.0,53997.4,TMI_nT
462400,6178850,1138.8,53993.7,TMI_nT
462400,6178875,1144.6,53993.4,TMI_nT
462400,6178900,1144.4,53966.6,TMI_nT
462400,6178925,1154.7,53975.5,TMI_nT
462400,6178950,1164.9,54015.9,TMI_nT
462400,6178975,1146.3,53985.6,TMI_nT
462400,6179000,1158.5,54000.7,TMI_nT
462400,6179025,1148.9,53987.3,TMI_nT
462400,6179050,1149.1,54018.7,TMI_nT
462400,6179075,1151.0,53986.3,TMI_nT
462400,6179100,1141.8,53999.0,TMI_nT
462400,6179125,1140.7,53988.9,TMI_nT
462400,6179150,1165.0,53988.5,TMI_nT
462400,6179175,1149.3,54000.6,TMI_nT
462400,6179200,1147.5,53980.4,TMI_nT
462400,6179225,1145.5,54004.1,TMI_nT
462400,6179250,1139.0,54008.8,TMI_nT
462400,6179275,1163.9,53987.8,TMI_nT
462400,6179300,1159.5,53967.1,TMI_nT
462400,6179325,1149.3,53968.9,TMI_nT
462400,6179350,1156.6,53988.9,TMI_nT
462400,6179375,1134.7,53953.0,TMI_nT
462400,6179400,1150.3,53984.0,TMI_nT
462400,6179425,1148.2,53980.0,TMI_nT
462400,6179450,1146.8,53976.4,TMI_nT
462400,6179475,1152.0,53980.3,TMI_nT
462400,6179500,1161.5,53997.4,TMI_nT
462400,6179525,1147.5,53982.4,TMI_nT
462400,6179550,1147.6,53990.8,TMI_nT
462400,6179575,1137.5,53989.5,TMI_nT
462400,6179600,1142.7,53994.5,TMI_nT
462400,6179625,1137.3,53978.4,TMI_nT
462400,6179650,1148.9,54003.7,TMI_nT
462400,6179675,1152.2,54003.5,TMI_nT
462400,6179700,1141.3,53969.2,TMI_nT
462400,6179725,1143.9,53998.6,TMI_nT
462400,6179750,1148.6,53976.3,TMI_nT
462400,6179775,1141.9,53987.2,TMI_nT
462400,6179800,1146.2,53985.3,TMI_nT
462400,6179825,1154.0,53958.0,TMI_nT
462400,6179850,1160.4,53979.3,TMI_nT
462400,6179875,1137.4,53975.1,TMI_nT
462400,6179900,1137.3,54003.1,TMI_nT
462400,6179925,1154.8,53981.1,TMI_nT
462400,6179950,1136.8,53984.6,TMI_nT
462400,6179975,1148.4,53990.8,TMI_nT
462400,6180000,1154.7,54003.8,TMI_nT
462400,6180025,1136.8,54024.7,TMI_nT
462400,6180050,1141.5,53987.9,TMI_nT
462400,6180075,1156.6,54002.0,TMI_nT
462400,6180100,1143.8,53997.0,TMI_nT
462400,6180125,1133.8,53979.0,TMI_nT
462400,6180150,1154.1,54008.3,TMI_nT
462400,6180175,1157.5,53984.6,TMI_nT
462400,6180200,1157.8,53996.6,TMI_nT
462400,6180225,1144.3,53968.0,TMI_nT
462400,6180250,1152.8,53989.7,TMI_nT
462400,6180275,1141.9,53998.8,TMI_nT
462400,6180300,1167.6,53988.7,TMI_nT
462400,6180325,1157.0,53995.4,TMI_nT
462400,6180350,1156.1,53986.8,TMI_nT
462500,6176700,1150.9,54024.0,TMI_nT
462500,6176725,1143.0,54017.0,TMI_nT
462500,6176750,1157.2,54009.3,TMI_nT
462500,6176775,1158.8,53993.1,TMI_nT
462500,6176800,1143.6,53993.9,TMI_nT
462500,6176825,1165.5,54001.9,TMI_nT
462500,6176850,1157.5,54005.5,TMI_nT
462500,6176875,1150.6,53992.9,TMI_nT
462500,6176900,1145.4,53987.5,TMI_nT
462500,6176925,1149.7,54011.5,TMI_nT
462500,6176950,1148.4,54018.8,TMI_nT
462500,6176975,1160.2,53998.9,TMI_nT
462500,6177000,1137.8,53993.4,TMI_nT
462500,6177025,1153.3,54016.7,TMI_nT
462500,6177050,1150.4,53975.0,TMI_nT
462500,6177075,1164.0,53996.1,TMI_nT
462500,6177100,1145.4,53992.0,TMI_nT
462500,6177125,1141.6,53989.8,TMI_nT
462500,6177150,1138.5,53992.2,TMI_nT
462500,6177175,1137.1,53988.1,TMI_nT
462500,6177200,1137.5,53982.4,TMI_nT
462500,6177225,1144.5,53994.0,TMI_nT
462500,6177250,1153.8,53985.4,TMI_nT
462500,6177275,1146.5,53999.5,TMI_nT
462500,6177300,1162.7,53994.4,TMI_nT
462500,6177325,1153.8,54002.7,TMI_nT
462500,6177350,1144.8,53968.7,TMI_nT
462500,6177375,1146.6,53973.5,TMI_nT
462500,6177400,1144.6,54003.9,TMI_nT
462500,6177425,1141.8,54005.5,TMI_nT
462500,6177450,1137.6,54006.1,TMI_nT
462500,6177475,1153.4,53995.9,TMI_nT
462500,6177500,1149.0,54005.3,TMI_nT
462500,6177525,1146.7,54022.0,TMI_nT
462500,6177550,1127.9,53993.2,TMI_nT
462500,6177575,1147.0,54019.7,TMI_nT
462500,6177600,1160.6,53984.2,TMI_nT
462500,6177625,1150.9,54013.0,TMI_nT
462500,6177650,1153.4,53980.8,TMI_nT
462500,6177675,1140.6,53990.4,TMI_nT
462500,6177700,1132.9,54010.2,TMI_nT
462500,6177725,1153.7,54004.4,TMI_nT
462500,6177750,1152.6,54022.0,TMI_nT
462500,6177775,1143.3,53972.6,TMI_nT
462500,6177800,1152.8,53998.0,TMI_nT
462500,6177825,1134.3,54008.9,TMI_nT
462500,6177850,1157.8,53993.0,TMI_nT
462500,6177875,1164.9,54015.5,TMI_nT
462500,6177900,1158.8,53992.2,TMI_nT
462500,6177925,1159.6,54017.3,TMI_nT
462500,6177950,1156.6,54005.4,TMI_nT
462500,6177975,1138.4,53987.2,TMI_nT
462500,6178000,1147.2,54008.4,TMI_nT
462500,6178025,1145.4,53996.3,TMI_nT
462500,6178050,1151.9,53991.8,TMI_nT
462500,6178075,1150.5,53984.2,TMI_nT
462500,6178100,1149.4,53999.4,TMI_nT
462500,6178125,1156.3,53987.5,TMI_nT
462500,6178150,1145.2,54018.8,TMI_nT
462500,6178175,1157.1,54011.1,TMI_nT
462500,6178200,1143.9,53964.4,TMI_nT
462500,6178225,1156.3,53988.5,TMI_nT
462500,6178250,1153.8,53998.3,TMI_nT
462500,6178275,1142.8,54003.6,TMI_nT
462500,6178300,1140.2,53987.0,TMI_nT
462500,6178325,1149.0,53993.8,TMI_nT
462500,6178350,1144.2,53997.8,TMI_nT
462500,6178375,1157.3,54006.5,TMI_nT
462500,6178400,1155.7,54014.1,TMI_nT
462500,6178425,1155.4,53997.7,TMI_nT
462500,6178450,1144.8,54002.7,TMI_nT
462500,6178475,1163.7,54010.8,TMI_nT
462500,6178500,1150.3,54018.9,TMI_nT
462500,6178525,1153.3,53999.0,TMI_nT
462500,6178550,1155.0,53995.0,TMI_nT
462500,6178575,1148.4,53993.4,TMI_nT
462500,6178600,1151.3,54015.9,TMI_nT
462500,6178625,1157.1,53995.5,TMI_nT
462500,6178650,1152.3,53996.4,TMI_nT
462500,6178675,1140.2,53993.7,TMI_nT
462500,6178700,1140.9,53994.0,TMI_nT
462500,6178725,1140.5,53996.8,TMI_nT
462500,6178750,1156.0,54005.2,TMI_nT
462500,6178775,1149.2,53997.5,TMI_nT
462500,6178800,1134.3,53999.0,TMI_nT
462500,6178825,1148.8,53980.7,TMI_nT
462500,6178850,1149.4,53997.9,TMI_nT
462500,6178875,1151.1,53981.6,TMI_nT
462500,6178900,1141.5,53988.2,TMI_nT
462500,6178925,1148.3,53997.5,TMI_nT
462500,6178950,1155.3,54007.8,TMI_nT
462500,6178975,1152.6,54002.1,TMI_nT
462500,6179000,1142.5,53983.1,TMI_nT
462500,6179025,1173.0,53975.4,TMI_nT
462500,6179050,1148.3,53980.0,TMI_nT
462500,6179075,1147.8,53988.6,TMI_nT
462500,6179100,1135.1,53985.8,TMI_nT
462500,6179125,1138.9,53980.7,TMI_nT
462500,6179150,1144.5,53991.1,TMI_nT
462500,6179175,1151.7,53984.3,TMI_nT
462500,6179200,1157.5,53985.4,TMI_nT
462500,6179225,1151.8,53987.7,TMI_nT
462500,6179250,1155.3,53976.3,TMI_nT
462500,6179275,1153.3,53987.2,TMI_nT
462500,6179300,1148.6,53996.0,TMI_nT
462500,6179325,1146.9,53994.5,TMI_nT
462500,6179350,1157.5,54008.0,TMI_nT
462500,6179375,1140.6,53997.5,TMI_nT
462500,6179400,1144.7,53978.4,TMI_nT
462500,6179425,1153.6,53988.6,TMI_nT
462500,6179450,1159.4,53980.6,TMI_nT
462500,6179475,1133.9,53991.3,TMI_nT
462500,6179500,1129.3,53985.5,TMI_nT
462500,6179525,1145.6,53982.1,TMI_nT
462500,6179550,1147.4,53983.7,TMI_nT
462500,6179575,1145.3,53986.2,TMI_nT
462500,6179600,1159.7,54008.8,TMI_nT
462500,6179625,1160.0,53977.0,TMI_nT
462500,6179650,1143.5,53971.1,TMI_nT
462500,6179675,1132.1,54008.8,TMI_nT
462500,6179700,1140.0,53997.3,TMI_nT
462500,6179725,1148.6,53988.6,TMI_nT
462500,6179750,1143.5,54010.6,TMI_nT
462500,6179775,1155.0,53989.3,TMI_nT
462500,6179800,1143.4,53987.0,TMI_nT
462500,6179825,1150.7,53989.2,TMI_nT
462500,6179850,1142.5,54000.4,TMI_nT
462500,6179875,1152.6,53984.3,TMI_nT
462500,6179900,1148.5,53987.6,TMI_nT
462500,6179925,1144.4,53989.3,TMI_nT
462500,6179950,1153.5,53979.8,TMI_nT
462500,6179975,1159.3,53976.2,TMI_nT
462500,6180000,1139.8,53991.8,TMI_nT
462500,6180025,1151.3,53992.5,TMI_nT
462500,6180050,1159.3,53998.1,TMI_nT
462500,6180075,1144.3,53984.5,TMI_nT
462500,6180100,1142.2,53981.5,TMI_nT
462500,6180125,1152.3,53979.7,TMI_nT
462500,6180150,1146.1,53988.8,TMI_nT
462500,6180175,1152.8,53979.6,TMI_nT
462500,6180200,1141.7,53982.4,TMI_nT
462500,6180225,1147.9,53986.5,TMI_nT
462500,6180250,1156.6,53975.4,TMI_nT
462500,6180275,1150.3,53998.3,TMI_nT
462500,6180300,1154.2,53989.6,TMI_nT
462500,6180325,1157.1,53987.5,TMI_nT
462500,6180350,1150.6,54007.7,TMI_nT
462600,6176700,1157.0,54008.5,TMI_nT
462600,6176725,1141.0,53999.0,TMI_nT
462600,6176750,1137.4,54013.9,TMI_nT
462600,6176775,1157.0,54024.4,TMI_nT
462600,6176800,1150.4,54005.1,TMI_nT
462600,6176825,1142.4,54023.7,TMI_nT
462600,6176850,1145.2,53988.7,TMI_nT
462600,6176875,1141.9,53999.4,TMI_nT
462600,6176900,1151.1,54004.2,TMI_nT
462600,6176925,1162.8,53992.5,TMI_nT
462600,6176950,1139.8,53985.5,TMI_nT
462600,6176975,1148.3,54006.6,TMI_nT
462600,6177000,1145.0,54007.0,TMI_nT
462600,6177025,1144.8,53989.5,TMI_nT
462600,6177050,1154.2,53993.6,TMI_nT
462600,6177075,1156.1,53995.9,TMI_nT
462600,6177100,1158.3,54008.6,TMI_nT
462600,6177125,1156.3,54012.3,TMI_nT
462600,6177150,1145.9,54010.6,TMI_nT
462600,6177175,1135.4,53998.1,TMI_nT
462600,6177200,1144.6,54004.6,TMI_nT
462600,6177225,1154.2,54005.8,TMI_nT
462600,6177250,1141.9,53984.6,TMI_nT
462600,6177275,1145.9,53996.5,TMI_nT
462600,6177300,1140.8,54002.5,TMI_nT
462600,6177325,1136.5,54000.9,TMI_nT
462600,6177350,1155.7,53974.3,TMI_nT
462600,6177375,1145.5,53984.3,TMI_nT
462600,6177400,1138.7,53982.7,TMI_nT
462600,6177425,1146.7,53994.7,TMI_nT
462600,6177450,1153.6,54011.0,TMI_nT
462600,6177475,1156.1,53995.8,TMI_nT
462600,6177500,1153.3,54012.0,TMI_nT
462600,6177525,1158.1,53993.4,TMI_nT
462600,6177550,1155.3,54019.2,TMI_nT
462600,6177575,1157.4,54018.9,TMI_nT
462600,6177600,1141.3,54007.5,TMI_nT
462600,6177625,1149.6,53983.6,TMI_nT
462600,6177650,1145.3,53976.6,TMI_nT
462600,6177675,1144.7,54006.7,TMI_nT
462600,6177700,1139.2,54002.4,TMI_nT
462600,6177725,1158.2,53989.8,TMI_nT
462600,6177750,1152.3,53998.0,TMI_nT
462600,6177775,1160.4,54015.8,TMI_nT
462600,6177800,1160.5,53984.6,TMI_nT
462600,6177825,1149.9,53987.7,TMI_nT
462600,6177850,1158.6,53995.2,TMI_nT
462600,6177875,1153.6,53981.5,TMI_nT
462600,6177900,1156.5,54001.3,TMI_nT
462600,6177925,1158.0,53992.6,TMI_nT
462600,6177950,1159.2,53986.7,TMI_nT
462600,6177975,1138.8,53999.6,TMI_nT
462600,6178000,1151.4,54000.4,TMI_nT
462600,6178025,1144.1,53991.4,TMI_nT
462600,6178050,1138.5,53992.9,TMI_nT
462600,6178075,1141.0,54016.2,TMI_nT
462600,6178100,1159.2,53988.1,TMI_nT
462600,6178125,1155.8,54003.2,TMI_nT
462600,6178150,1147.5,54014.5,TMI_nT
462600,6178175,1156.8,53983.8,TMI_nT
462600,6178200,1147.4,54006.0,TMI_nT
462600,6178225,1159.9,53981.3,TMI_nT
462600,6178250,1139.0,54003.4,TMI_nT
462600,6178275,1138.5,54005.9,TMI_nT
462600,6178300,1141.0,53990.7,TMI_nT
462600,6178325,1143.3,53988.8,TMI_nT
462600,6178350,1155.8,53989.1,TMI_nT
462600,6178375,1155.0,53999.9,TMI_nT
462600,6178400,1147.0,54009.4,TMI_nT
462600,6178425,1154.3,53997.2,TMI_nT
462600,6178450,1157.2,54016.6,TMI_nT
462600,6178475,1158.2,54012.6,TMI_nT
462600,6178500,1135.7,54008.7,TMI_nT
462600,6178525,1151.7,54006.5,TMI_nT
462600,6178550,1145.8,53996.4,TMI_nT
462600,6178575,1153.3,53990.6,TMI_nT
462600,6178600,1138.0,54005.7,TMI_nT
462600,6178625,1145.5,53998.1,TMI_nT
462600,6178650,1153.1,53984.0,TMI_nT
462600,6178675,1144.7,53991.4,TMI_nT
462600,6178700,1152.3,53986.0,TMI_nT
462600,6178725,1141.3,53995.0,TMI_nT
462600,6178750,1148.5,53984.9,TMI_nT
462600,6178775,1141.6,53999.8,TMI_nT
462600,6178800,1143.4,54000.7,TMI_nT
462600,6178825,1142.5,54027.4,TMI_nT
462600,6178850,1151.6,53985.1,TMI_nT
462600,6178875,1156.6,53983.7,TMI_nT
462600,6178900,1146.9,54016.0,TMI_nT
462600,6178925,1145.9,53996.4,TMI_nT
462600,6178950,1161.5,53994.2,TMI_nT
462600,6178975,1142.8,54004.8,TMI_nT
462600,6179000,1159.3,54012.6,TMI_nT
462600,6179025,1144.7,53999.7,TMI_nT
462600,6179050,1143.6,53994.6,TMI_nT
462600,6179075,1147.5,53999.3,TMI_nT
462600,6179100,1157.4,53966.8,TMI_nT
462600,6179125,1158.6,53995.8,TMI_nT
462600,6179150,1151.5,53991.8,TMI_nT
462600,6179175,1153.1,54006.7,TMI_nT
462600,6179200,1175.7,53996.7,TMI_nT
462600,6179225,1151.4,53991.1,TMI_nT
462600,6179250,1143.6,54013.8,TMI_nT
462600,6179275,1138.5,53980.4,TMI_nT
462600,6179300,1155.0,53999.2,TMI_nT
462600,6179325,1139.2,54001.6,TMI_nT
462600,6179350,1159.6,54004.7,TMI_nT
462600,6179375,1150.3,53991.3,TMI_nT
462600,6179400,1152.9,54000.5,TMI_nT
462600,6179425,1141.3,54000.0,TMI_nT
462600,6179450,1140.3,53990.1,TMI_nT
462600,6179475,1154.2,53999.7,TMI_nT
462600,6179500,1152.4,53990.8,TMI_nT
462600,6179525,1156.9,53973.2,TMI_nT
462600,6179550,1151.0,53986.2,TMI_nT
462600,6179575,1143.9,54005.1,TMI_nT
462600,6179600,1151.0,54006.0,TMI_nT
462600,6179625,1154.4,53991.8,TMI_nT
462600,6179650,1154.8,53976.4,TMI_nT
462600,6179675,1158.3,53992.0,TMI_nT
462600,6179700,1147.1,53988.6,TMI_nT
462600,6179725,1149.5,53995.5,TMI_nT
462600,6179750,1148.4,53976.9,TMI_nT
462600,6179775,1149.3,54006.1,TMI_nT
462600,6179800,1155.7,53980.4,TMI_nT
462600,6179825,1133.0,53968.5,TMI_nT
462600,6179850,1151.4,53990.6,TMI_nT
462600,6179875,1142.9,53993.1,TMI_nT
462600,6179900,1138.8,53988.6,TMI_nT
462600,6179925,1137.1,53992.9,TMI_nT
462600,6179950,1152.1,53988.4,TMI_nT
462600,6179975,1145.8,53969.0,TMI_nT
462600,6180000,1162.4,53999.5,TMI_nT
462600,6180025,1152.7,53971.9,TMI_nT
462600,6180050,1139.2,53975.0,TMI_nT
462600,6180075,1155.3,54008.9,TMI_nT
462600,6180100,1151.8,53979.9,TMI_nT
462600,6180125,1151.5,53997.2,TMI_nT
462600,6180150,1154.8,54016.4,TMI_nT
462600,6180175,1147.7,53953.4,TMI_nT
462600,6180200,1148.4,53980.4,TMI_nT
462600,6180225,1144.8,53989.3,TMI_nT
462600,6180250,1160.9,53976.0,TMI_nT
462600,6180275,1144.6,53996.1,TMI_nT
462600,6180300,1155.4,53997.0,TMI_nT
462600,6180325,1141.6,54003.9,TMI_nT
462600,6180350,1145.1,53998.0,TMI_nT
462700,6176700,1148.5,54017.9,TMI_nT
462700,6176725,1150.3,53976.6,TMI_nT
462700,6176750,1148.3,53982.4,TMI_nT
462700,6176775,1146.8,54003.0,TMI_nT
462700,6176800,1141.1,53985.8,TMI_nT
462700,6176825,1148.0,53993.4,TMI_nT
462700,6176850,1155.7,54018.9,TMI_nT
462700,6176875,1160.2,53997.6,TMI_nT
462700,6176900,1155.5,53986.8,TMI_nT
462700,6176925,1151.9,54001.0,TMI_nT
462700,6176950,1144.6,54010.7,TMI_nT
462700,6176975,1149.9,54012.5,TMI_nT
462700,6177000,1147.6,54031.7,TMI_nT
462700,6177025,1155.2,54017.9,TMI_nT
462700,6177050,1160.9,53988.5,TMI_nT
462700,6177075,1132.1,53989.7,TMI_nT
462700,6177100,1158.6,54012.5,TMI_nT
462700,6177125,1147.9,54002.8,TMI_nT
462700,6177150,1155.7,54021.0,TMI_nT
462700,6177175,1155.9,53994.0,TMI_nT
462700,6177200,1145.5,53986.7,TMI_nT
462700,6177225,1132.4,53988.8,TMI_nT
462700,6177250,1159.8,53987.1,TMI_nT
462700,6177275,1145.6,53987.7,TMI_nT
462700,6177300,1156.9,53986.6,TMI_nT
462700,6177325,1153.9,54000.2,TMI_nT
462700,6177350,1140.6,53998.4,TMI_nT
462700,6177375,1156.7,53987.5,TMI_nT
462700,6177400,1156.2,53997.9,TMI_nT
462700,6177425,1158.9,53960.0,TMI_nT
462700,6177450,1167.4,53991.3,TMI_nT
462700,6177475,1150.2,53990.3,TMI_nT
462700,6177500,1143.0,54003.4,TMI_nT
462700,6177525,1144.8,54005.1,TMI_nT
462700,6177550,1156.3,54009.1,TMI_nT
462700,6177575,1144.2,53998.5,TMI_nT
462700,6177600,1152.4,53989.0,TMI_nT
462700,6177625,1145.6,53966.2,TMI_nT
462700,6177650,1139.9,54000.9,TMI_nT
462700,6177675,1145.0,54004.1,TMI_nT
462700,6177700,1140.8,53991.8,TMI_nT
462700,6177725,1153.7,53993.0,TMI_nT
462700,6177750,1160.8,54000.3,TMI_nT
462700,6177775,1151.7,54001.3,TMI_nT
462700,6177800,1160.6,53971.4,TMI_nT
462700,6177825,1146.5,53970.4,TMI_nT
462700,6177850,1153.5,53995.0,TMI_nT
462700,6177875,1150.0,54005.5,TMI_nT
462700,6177900,1147.8,53966.5,TMI_nT
462700,6177925,1147.2,53989.5,TMI_nT
462700,6177950,1148.0,54005.0,TMI_nT
462700,6177975,1153.7,53971.5,TMI_nT
462700,6178000,1163.6,53975.8,TMI_nT
462700,6178025,1138.8,53993.6,TMI_nT
462700,6178050,1169.0,54004.2,TMI_nT
462700,6178075,1157.2,53968.0,TMI_nT
462700,6178100,1151.4,53998.6,TMI_nT
462700,6178125,1153.9,53997.6,TMI_nT
462700,6178150,1161.3,53985.8,TMI_nT
462700,6178175,1165.7,53978.5,TMI_nT
462700,6178200,1140.5,54013.5,TMI_nT
462700,6178225,1161.4,53995.6,TMI_nT
462700,6178250,1148.7,53990.1,TMI_nT
462700,6178275,1159.3,53991.4,TMI_nT
462700,6178300,1149.9,53989.2,TMI_nT
462700,6178325,1148.3,54003.1,TMI_nT
462700,6178350,1139.3,53986.3,TMI_nT
462700,6178375,1140.6,53978.6,TMI_nT
462700,6178400,1144.2,53976.2,TMI_nT
462700,6178425,1150.4,54000.4,TMI_nT
462700,6178450,1141.9,53986.9,TMI_nT
462700,6178475,1138.9,53984.8,TMI_nT
462700,6178500,1155.7,53981.9,TMI_nT
462700,6178525,1150.1,53979.8,TMI_nT
462700,6178550,1169.4,53989.1,TMI_nT
462700,6178575,1151.5,53974.9,TMI_nT
462700,6178600,1143.8,53992.4,TMI_nT
462700,6178625,1151.2,54000.1,TMI_nT
462700,6178650,1153.4,53983.4,TMI_nT
462700,6178675,1160.5,54000.8,TMI_nT
462700,6178700,1161.8,53988.7,TMI_nT
462700,6178725,1134.2,53993.5,TMI_nT
462700,6178750,1149.3,54002.1,TMI_nT
462700,6178775,1157.5,53985.1,TMI_nT
462700,6178800,1158.1,53989.9,TMI_nT
462700,6178825,1156.0,53994.5,TMI_nT
462700,6178850,1153.8,54003.6,TMI_nT
462700,6178875,1157.4,53982.9,TMI_nT
462700,6178900,1166.0,53995.5,TMI_nT
462700,6178925,1156.0,54000.8,TMI_nT
462700,6178950,1146.8,53985.8,TMI_nT
462700,6178975,1140.6,53996.1,TMI_nT
462700,6179000,1149.1,53980.8,TMI_nT
462700,6179025,1151.6,53993.8,TMI_nT
462700,6179050,1146.8,54008.0,TMI_nT
462700,6179075,1148.8,54002.7,TMI_nT
462700,6179100,1152.1,53992.1,TMI_nT
462700,6179125,1150.5,53969.5,TMI_nT
462700,6179150,1142.6,53986.5,TMI_nT
462700,6179175,1146.5,53971.5,TMI_nT
462700,6179200,1157.0,53971.5,TMI_nT
462700,6179225,1136.5,53991.0,TMI_nT
462700,6179250,1156.0,53985.7,TMI_nT
462700,6179275,1147.8,53986.6,TMI_nT
462700,6179300,1149.0,53989.2,TMI_nT
462700,6179325,1149.6,53973.1,TMI_nT
462700,6179350,1173.6,53986.7,TMI_nT
462700,6179375,1146.4,53990.7,TMI_nT
462700,6179400,1148.8,54005.1,TMI_nT
462700,6179425,1143.0,53996.1,TMI_nT
462700,6179450,1145.0,54011.7,TMI_nT
462700,6179475,1159.1,53997.4,TMI_nT
462700,6179500,1150.0,53989.1,TMI_nT
462700,6179525,1155.5,53999.7,TMI_nT
462700,6179550,1151.5,53979.5,TMI_nT
462700,6179575,1144.0,53981.2,TMI_nT
462700,6179600,1159.7,53984.6,TMI_nT
462700,6179625,1170.8,54011.5,TMI_nT
462700,6179650,1143.3,53991.5,TMI_nT
462700,6179675,1162.9,53980.5,TMI_nT
462700,6179700,1147.5,53973.5,TMI_nT
462700,6179725,1164.0,53985.1,TMI_nT
462700,6179750,1158.8,53979.6,TMI_nT
462700,6179775,1148.7,54007.5,TMI_nT
462700,6179800,1137.7,53997.2,TMI_nT
462700,6179825,1148.3,53990.4,TMI_nT
462700,6179850,1153.3,53960.4,TMI_nT
462700,6179875,1136.5,53995.6,TMI_nT
462700,6179900,1144.0,53974.3,TMI_nT
462700,6179925,1147.5,53984.7,TMI_nT
462700,6179950,1141.9,53979.5,TMI_nT
462700,6179975,1146.2,53994.6,TMI_nT
462700,6180000,1148.2,53989.5,TMI_nT
462700,6180025,1148.8,53996.2,TMI_nT
462700,6180050,1150.8,54000.9,TMI_nT
462700,6180075,1160.0,54001.2,TMI_nT
462700,6180100,1157.4,53972.9,TMI_nT
462700,6180125,1142.2,54011.7,TMI_nT
462700,6180150,1147.1,53989.8,TMI_nT
462700,6180175,1154.2,53995.4,TMI_nT
462700,6180200,1160.5,53982.0,TMI_nT
462700,6180225,1148.9,53979.6,TMI_nT
462700,6180250,1165.6,54002.1,TMI_nT
462700,6180275,1156.3,53983.5,TMI_nT
462700,6180300,1137.3,53992.2,TMI_nT
462700,6180325,1140.4,53978.0,TMI_nT
462700,6180350,1146.7,53983.4,TMI_nT
462800,6176700,1160.2,54005.1,TMI_nT
462800,6176725,1171.2,54009.8,TMI_nT
462800,6176750,1156.3,54001.7,TMI_nT
462800,6176775,1162.1,54009.5,TMI_nT
462800,6176800,1156.8,53999.9,TMI_nT
462800,6176825,1144.2,54023.8,TMI_nT
462800,6176850,1154.0,54003.3,TMI_nT
462800,6176875,1143.0,53998.9,TMI_nT
462800,6176900,1148.2,54026.0,TMI_nT
462800,6176925,1145.9,54024.7,TMI_nT
462800,6176950,1156.4,54001.3,TMI_nT
462800,6176975,1142.8,54001.2,TMI_nT
462800,6177000,1152.2,53994.9,TMI_nT
462800,6177025,1150.7,53995.4,TMI_nT
462800,6177050,1145.5,53976.2,TMI_nT
462800,6177075,1145.9,54000.9,TMI_nT
462800,6177100,1142.9,53991.0,TMI_nT
462800,6177125,1161.9,54003.5,TMI_nT
462800,6177150,1147.8,53985.6,TMI_nT
462800,6177175,1152.7,54013.8,TMI_nT
462800,6177200,1146.4,54000.5,TMI_nT
462800,6177225,1149.2,54001.3,TMI_nT
462800,6177250,1144.3,53974.3,TMI_nT
462800,6177275,1160.3,53976.4,TMI_nT
462800,6177300,1143.7,54008.8,TMI_nT
462800,6177325,1169.6,54007.6,TMI_nT
462800,6177350,1160.4,53989.2,TMI_nT
462800,6177375,1148.1,53999.6,TMI_nT
462800,6177400,1145.6,53980.3,TMI_nT
462800,6177425,1131.5,53987.0,TMI_nT
462800,6177450,1147.4,53996.0,TMI_nT
462800,6177475,1146.6,53992.8,TMI_nT
462800,6177500,1136.7,54020.7,TMI_nT
462800,6177525,1155.6,53970.8,TMI_nT
462800,6177550,1142.1,54007.5,TMI_nT
462800,6177575,1142.7,53998.3,TMI_nT
462800,6177600,1150.6,53988.9,TMI_nT
462800,6177625,1164.3,53997.3,TMI_nT
462800,6177650,1173.5,53960.1,TMI_nT
462800,6177675,1147.5,53951.9,TMI_nT
462800,6177700,1144.1,53984.9,TMI_nT
462800,6177725,1151.0,53953.7,TMI_nT
462800,6177750,1153.1,53965.5,TMI_nT
462800,6177775,1151.6,53950.2,TMI_nT
462800,6177800,1162.0,53966.4,TMI_nT
462800,6177825,1140.0,53962.9,TMI_nT
462800,6177850,1145.0,53959.9,TMI_nT
462800,6177875,1136.6,53976.5,TMI_nT
462800,6177900,1141.5,53969.0,TMI_nT
462800,6177925,1156.2,53979.5,TMI_nT
462800,6177950,1154.0,53969.1,TMI_nT
462800,6177975,1155.4,53964.9,TMI_nT
462800,6178000,1155.8,53971.0,TMI_nT
462800,6178025,1130.2,53975.1,TMI_nT
462800,6178050,1162.1,53970.9,TMI_nT
462800,6178075,1150.8,53997.2,TMI_nT
462800,6178100,1147.3,53980.8,TMI_nT
462800,6178125,1154.6,53992.2,TMI_nT
462800,6178150,1155.3,53975.0,TMI_nT
462800,6178175,1142.4,54003.5,TMI_nT
462800,6178200,1153.7,53988.2,TMI_nT
462800,6178225,1146.6,54000.6,TMI_nT
462800,6178250,1146.3,53986.8,TMI_nT
462800,6178275,1153.4,53998.8,TMI_nT
462800,6178300,1139.1,53994.8,TMI_nT
462800,6178325,1155.1,53982.6,TMI_nT
462800,6178350,1151.8,53981.6,TMI_nT
462800,6178375,1145.2,53992.3,TMI_nT
462800,6178400,1163.4,53997.2,TMI_nT
462800,6178425,1147.6,54000.6,TMI_nT
462800,6178450,1154.1,53979.5,TMI_nT
462800,6178475,1154.9,54010.9,TMI_nT
462800,6178500,1153.8,54011.3,TMI_nT
462800,6178525,1149.6,53981.7,TMI_nT
462800,6178550,1155.8,54003.6,TMI_nT
462800,6178575,1149.5,53991.3,TMI_nT
462800,6178600,1160.2,54001.5,TMI_nT
462800,6178625,1155.2,54009.1,TMI_nT
462800,6178650,1141.8,54001.7,TMI_nT
462800,6178675,1149.3,53983.7,TMI_nT
462800,6178700,1153.2,54009.3,TMI_nT
462800,6178725,1138.0,54003.4,TMI_nT
462800,6178750,1159.0,53979.1,TMI_nT
462800,6178775,1139.5,53996.1,TMI_nT
462800,6178800,1152.1,54007.0,TMI_nT
462800,6178825,1160.0,54031.7,TMI_nT
462800,6178850,1148.8,54000.4,TMI_nT
462800,6178875,1149.2,53998.9,TMI_nT
462800,6178900,1157.4,53978.7,TMI_nT
462800,6178925,1128.0,53999.2,TMI_nT
462800,6178950,1143.4,53988.2,TMI_nT
462800,6178975,1149.6,54007.5,TMI_nT
462800,6179000,1137.3,54013.4,TMI_nT
462800,6179025,1158.5,53982.6,TMI_nT
462800,6179050,1141.5,53987.5,TMI_nT
462800,6179075,1143.9,53989.0,TMI_nT
462800,6179100,1158.9,54001.7,TMI_nT
462800,6179125,1147.7,53976.1,TMI_nT
462800,6179150,1150.7,53995.2,TMI_nT
462800,6179175,1151.0,54004.9,TMI_nT
462800,6179200,1141.1,53987.8,TMI_nT
462800,6179225,1147.0,53972.8,TMI_nT
462800,6179250,1157.4,53994.8,TMI_nT
462800,6179275,1168.6,53990.0,TMI_nT
462800,6179300,1146.1,53993.5,TMI_nT
462800,6179325,1142.2,53998.9,TMI_nT
462800,6179350,1133.5,53996.7,TMI_nT
462800,6179375,1150.5,54002.2,TMI_nT
462800,6179400,1151.2,53996.5,TMI_nT
462800,6179425,1142.8,53978.6,TMI_nT
462800,6179450,1154.0,54012.6,TMI_nT
462800,6179475,1153.4,53986.5,TMI_nT
462800,6179500,1165.6,53998.5,TMI_nT
462800,6179525,1153.3,54006.8,TMI_nT
462800,6179550,1164.3,53988.0,TMI_nT
462800,6179575,1143.0,53992.1,TMI_nT
462800,6179600,1143.1,53978.6,TMI_nT
462800,6179625,1156.1,53988.7,TMI_nT
462800,6179650,1159.2,54004.0,TMI_nT
462800,6179675,1156.7,53994.7,TMI_nT
462800,6179700,1157.3,54019.9,TMI_nT
462800,6179725,1137.9,54011.9,TMI_nT
462800,6179750,1144.0,53983.7,TMI_nT
462800,6179775,1150.6,53960.4,TMI_nT
462800,6179800,1145.7,54009.1,TMI_nT
462800,6179825,1143.2,53994.6,TMI_nT
462800,6179850,1152.3,53986.3,TMI_nT
462800,6179875,1159.4,53977.8,TMI_nT
462800,6179900,1152.6,53969.0,TMI_nT
462800,6179925,1161.9,53986.0,TMI_nT
462800,6179950,1133.3,54000.9,TMI_nT
462800,6179975,1142.0,53962.6,TMI_nT
462800,6180000,1148.5,53985.6,TMI_nT
462800,6180025,1155.4,53991.9,TMI_nT
462800,6180050,1135.6,53975.0,TMI_nT
462800,6180075,1147.1,53994.3,TMI_nT
462800,6180100,1144.9,53990.0,TMI_nT
462800,6180125,1161.9,53989.0,TMI_nT
462800,6180150,1140.2,53971.5,TMI_nT
462800,6180175,1162.5,53998.6,TMI_nT
462800,6180200,1139.9,53988.3,TMI_nT
462800,6180225,1152.1,53966.7,TMI_nT
462800,6180250,1167.4,53975.6,TMI_nT
462800,6180275,1151.8,54018.6,TMI_nT
462800,6180300,1149.1,53996.2,TMI_nT
462800,6180325,1150.0,54004.0,TMI_nT
462800,6180350,1160.9,53991.0,TMI_nT
462900,6176700,1167.0,54013.1,TMI_nT
462900,6176725,1145.6,53985.9,TMI_nT
462900,6176750,1156.7,53994.6,TMI_nT
462900,6176775,1154.8,53999.4,TMI_nT
462900,6176800,1149.2,53991.2,TMI_nT
462900,6176825,1163.1,54032.7,TMI_nT
462900,6176850,1152.9,53982.4,TMI_nT
462900,6176875,1146.1,54014.8,TMI_nT
462900,6176900,1155.3,53991.5,TMI_nT
462900,6176925,1154.4,54005.8,TMI_nT
462900,6176950,1168.6,54002.6,TMI_nT
462900,6176975,1146.0,53993.4,TMI_nT
462900,6177000,1155.9,54010.4,TMI_nT
462900,6177025,1160.4,53987.4,TMI_nT
462900,6177050,1150.1,53986.2,TMI_nT
462900,6177075,1144.3,53999.7,TMI_nT
462900,6177100,1131.2,54016.6,TMI_nT
462900,6177125,1142.8,53993.8,TMI_nT
462900,6177150,1162.4,54012.5,TMI_nT
462900,6177175,1161.2,54010.5,TMI_nT
462900,6177200,1151.3,53973.6,TMI_nT
462900,6177225,1147.0,53982.5,TMI_nT
462900,6177250,1150.8,54000.5,TMI_nT
462900,6177275,1134.2,54012.3,TMI_nT
462900,6177300,1138.2,53983.5,TMI_nT
462900,6177325,1158.0,53971.2,TMI_nT
462900,6177350,1162.5,53989.9,TMI_nT
462900,6177375,1150.5,53998.3,TMI_nT
462900,6177400,1157.9,53968.2,TMI_nT
462900,6177425,1140.4,53966.7,TMI_nT
462900,6177450,1151.0,53955.8,TMI_nT
462900,6177475,1150.4,53978.8,TMI_nT
462900,6177500,1150.7,53971.9,TMI_nT
462900,6177525,1171.8,53945.3,TMI_nT
462900,6177550,1151.6,53965.1,TMI_nT
462900,6177575,1137.1,53926.0,TMI_nT
462900,6177600,1148.0,53933.6,TMI_nT
462900,6177625,1152.6,53927.4,TMI_nT
462900,6177650,1159.1,53920.5,TMI_nT
462900,6177675,1144.2,53913.1,TMI_nT
462900,6177700,1154.7,53895.0,TMI_nT
462900,6177725,1155.7,53887.2,TMI_nT
462900,6177750,1149.6,53905.6,TMI_nT
462900,6177775,1135.8,53885.9,TMI_nT
462900,6177800,1137.0,53881.3,TMI_nT
462900,6177825,1146.5,53895.9,TMI_nT
462900,6177850,1157.0,53886.7,TMI_nT
462900,6177875,1150.4,53902.6,TMI_nT
462900,6177900,1158.3,53912.1,TMI_nT
462900,6177925,1155.7,53891.5,TMI_nT
462900,6177950,1143.6,53895.2,TMI_nT
462900,6177975,1155.5,53935.6,TMI_nT
462900,6178000,1151.5,53938.4,TMI_nT
462900,6178025,1137.7,53954.5,TMI_nT
462900,6178050,1150.4,53941.0,TMI_nT
462900,6178075,1158.2,53975.9,TMI_nT
462900,6178100,1143.9,53970.5,TMI_nT
462900,6178125,1153.8,53991.1,TMI_nT
462900,6178150,1168.8,53957.6,TMI_nT
462900,6178175,1143.1,53957.5,TMI_nT
462900,6178200,1142.2,53976.2,TMI_nT
462900,6178225,1152.2,53989.1,TMI_nT
462900,6178250,1165.2,53987.4,TMI_nT
462900,6178275,1160.9,53969.1,TMI_nT
462900,6178300,1161.7,53981.1,TMI_nT
462900,6178325,1168.4,54015.6,TMI_nT
462900,6178350,1140.7,53991.9,TMI_nT
462900,6178375,1149.6,53999.2,TMI_nT
462900,6178400,1155.9,53974.9,TMI_nT
462900,6178425,1161.5,53985.7,TMI_nT
462900,6178450,1147.7,54008.8,TMI_nT
462900,6178475,1148.1,53997.9,TMI_nT
462900,6178500,1174.8,53992.2,TMI_nT
462900,6178525,1150.4,53986.6,TMI_nT
462900,6178550,1146.9,54009.8,TMI_nT
462900,6178575,1139.4,53990.3,TMI_nT
462900,6178600,1155.7,54012.1,TMI_nT
462900,6178625,1137.9,54003.4,TMI_nT
462900,6178650,1152.3,54003.8,TMI_nT
462900,6178675,1139.0,53993.6,TMI_nT
462900,6178700,1143.0,53996.9,TMI_nT
462900,6178725,1150.5,53998.4,TMI_nT
462900,6178750,1157.1,53993.3,TMI_nT
462900,6178775,1154.2,53996.5,TMI_nT
462900,6178800,1158.1,54002.2,TMI_nT
462900,6178825,1147.2,53985.5,TMI_nT
462900,6178850,1151.2,54008.1,TMI_nT
462900,6178875,1156.0,54010.4,TMI_nT
462900,6178900,1157.0,53991.5,TMI_nT
462900,6178925,1157.7,53993.6,TMI_nT
462900,6178950,1158.7,54018.8,TMI_nT
462900,6178975,1137.6,54024.0,TMI_nT
462900,6179000,1147.9,53989.8,TMI_nT
462900,6179025,1153.0,53991.5,TMI_nT
462900,6179050,1158.8,53991.8,TMI_nT
462900,6179075,1153.3,54007.9,TMI_nT
462900,6179100,1154.4,53983.9,TMI_nT
462900,6179125,1152.8,54004.0,TMI_nT
462900,6179150,1161.2,53996.2,TMI_nT
462900,6179175,1147.1,53989.1,TMI_nT
462900,6179200,1154.2,54003.6,TMI_nT
462900,6179225,1147.7,54005.7,TMI_nT
462900,6179250,1140.1,53979.6,TMI_nT
462900,6179275,1156.3,53990.1,TMI_nT
462900,6179300,1135.5,54004.7,TMI_nT
462900,6179325,1149.3,54001.5,TMI_nT
462900,6179350,1167.5,53982.5,TMI_nT
462900,6179375,1156.6,53998.1,TMI_nT
462900,6179400,1145.4,54025.6,TMI_nT
462900,6179425,1161.9,53989.9,TMI_nT
462900,6179450,1150.6,53978.9,TMI_nT
462900,6179475,1157.8,53995.1,TMI_nT
462900,6179500,1142.7,53999.3,TMI_nT
462900,6179525,1156.8,54006.0,TMI_nT
462900,6179550,1144.5,53981.6,TMI_nT
462900,6179575,1140.8,53987.8,TMI_nT
462900,6179600,1147.4,54006.8,TMI_nT
462900,6179625,1141.7,53990.6,TMI_nT
462900,6179650,1161.9,53989.1,TMI_nT
462900,6179675,1137.1,54002.7,TMI_nT
462900,6179700,1155.1,53981.7,TMI_nT
462900,6179725,1145.6,53987.5,TMI_nT
462900,6179750,1139.4,53983.1,TMI_nT
462900,6179775,1147.0,53994.4,TMI_nT
462900,6179800,1149.5,54006.9,TMI_nT
462900,6179825,1155.6,53981.5,TMI_nT
462900,6179850,1144.1,54009.2,TMI_nT
462900,6179875,1146.2,53972.5,TMI_nT
462900,6179900,1163.1,53976.6,TMI_nT
462900,6179925,1147.4,53976.0,TMI_nT
462900,6179950,1157.0,54010.3,TMI_nT
462900,6179975,1143.7,53986.3,TMI_nT
462900,6180000,1148.1,53990.2,TMI_nT
462900,6180025,1148.8,54010.3,TMI_nT
462900,6180050,1157.9,53976.0,TMI_nT
462900,6180075,1148.2,54004.5,TMI_nT
462900,6180100,1150.4,54001.3,TMI_nT
462900,6180125,1149.4,53977.4,TMI_nT
462900,6180150,1144.9,53978.1,TMI_nT
462900,6180175,1152.7,53980.4,TMI_nT
462900,6180200,1139.4,53993.8,TMI_nT
462900,6180225,1150.0,53980.5,TMI_nT
462900,6180250,1150.6,53997.0,TMI_nT
462900,6180275,1160.3,53964.8,TMI_nT
462900,6180300,1162.7,54012.5,TMI_nT
462900,6180325,1155.4,53997.6,TMI_nT
462900,6180350,1151.5,53983.1,TMI_nT
463000,6176700,1151.0,53992.8,TMI_nT
463000,6176725,1154.7,53989.1,TMI_nT
463000,6176750,1156.1,54001.9,TMI_nT
463000,6176775,1146.3,54008.3,TMI_nT
463000,6176800,1140.6,54016.1,TMI_nT
463000,6176825,1145.7,54002.7,TMI_nT
463000,6176850,1149.4,54014.7,TMI_nT
463000,6176875,1154.2,54008.9,TMI_nT
463000,6176900,1142.6,53977.3,TMI_nT
463000,6176925,1158.1,54006.7,TMI_nT
463000,6176950,1160.5,54012.0,TMI_nT
463000,6176975,1150.8,54002.2,TMI_nT
463000,6177000,1146.5,53998.6,TMI_nT
463000,6177025,1145.7,53994.3,TMI_nT
463000,6177050,1144.8,54001.5,TMI_nT
463000,6177075,1135.5,54003.5,TMI_nT
463000,6177100,1151.4,54007.5,TMI_nT
463000,6177125,1146.3,54006.7,TMI_nT
463000,6177150,1157.9,53993.9,TMI_nT
463000,6177175,1165.9,53996.5,TMI_nT
463000,6177200,1148.0,53979.3,TMI_nT
463000,6177225,1143.7,53980.0,TMI_nT
463000,6177250,1146.2,53980.6,TMI_nT
463000,6177275,1140.8,53995.4,TMI_nT
463000,6177300,1138.5,53988.3,TMI_nT
463000,6177325,1160.6,53970.1,TMI_nT
463000,6177350,1152.2,53973.4,TMI_nT
463000,6177375,1154.6,53967.1,TMI_nT
463000,6177400,1161.2,53957.6,TMI_nT
463000,6177425,1149.4,53926.9,TMI_nT
463000,6177450,1156.0,53935.1,TMI_nT
463000,6177475,1160.5,53921.1,TMI_nT
463000,6177500,1139.2,53894.4,TMI_nT
463000,6177525,1150.0,53901.0,TMI_nT
463000,6177550,1150.3,53863.9,TMI_nT
463000,6177575,1158.0,53850.0,TMI_nT
463000,6177600,1152.5,53850.8,TMI_nT
463000,6177625,1150.3,53832.1,TMI_nT
463000,6177650,1131.1,53824.5,TMI_nT
463000,6177675,1149.7,53786.2,TMI_nT
463000,6177700,1142.4,53785.1,TMI_nT
463000,6177725,1142.2,53789.6,TMI_nT
463000,6177750,1151.0,53779.4,TMI_nT
463000,6177775,1143.4,53774.7,TMI_nT
463000,6177800,1159.8,53771.7,TMI_nT
463000,6177825,1157.7,53783.4,TMI_nT
463000,6177850,1136.4,53781.4,TMI_nT
463000,6177875,1148.8,53784.7,TMI_nT
463000,6177900,1159.1,53816.1,TMI_nT
463000,6177925,1143.1,53817.6,TMI_nT
463000,6177950,1147.9,53827.6,TMI_nT
463000,6177975,1140.1,53837.6,TMI_nT
463000,6178000,1149.8,53861.2,TMI_nT
463000,6178025,1138.3,53880.6,TMI_nT
463000,6178050,1179.2,53872.5,TMI_nT
463000,6178075,1152.3,53890.1,TMI_nT
463000,6178100,1142.1,53919.7,TMI_nT
463000,6178125,1149.5,53948.0,TMI_nT
463000,6178150,1164.5,53940.7,TMI_nT
463000,6178175,1146.1,53939.8,TMI_nT
463000,6178200,1139.0,53954.3,TMI_nT
463000,6178225,1153.8,53969.7,TMI_nT
463000,6178250,1155.2,53975.3,TMI_nT
463000,6178275,1152.7,53989.1,TMI_nT
463000,6178300,1159.8,53980.4,TMI_nT
463000,6178325,1161.2,53978.7,TMI_nT
463000,6178350,1156.1,53987.8,TMI_nT
463000,6178375,1131.9,54014.3,TMI_nT
463000,6178400,1146.8,53991.9,TMI_nT
463000,6178425,1146.7,54016.0,TMI_nT
463000,6178450,1137.8,54029.3,TMI_nT
463000,6178475,1146.9,54001.5,TMI_nT
463000,6178500,1145.5,54003.8,TMI_nT
463000,6178525,1135.4,53992.7,TMI_nT
463000,6178550,1138.0,53999.6,TMI_nT
463000,6178575,1150.7,53982.7,TMI_nT
463000,6178600,1158.2,53997.0,TMI_nT
463000,6178625,1153.4,53982.3,TMI_nT
463000,6178650,1147.6,54002.3,TMI_nT
463000,6178675,1149.4,53988.8,TMI_nT
463000,6178700,1147.0,54009.0,TMI_nT
463000,6178725,1147.8,54008.4,TMI_nT
463000,6178750,1150.2,54018.9,TMI_nT
463000,6178775,1137.1,53996.0,TMI_nT
463000,6178800,1153.1,53980.9,TMI_nT
463000,6178825,1152.3,53995.2,TMI_nT
463000,6178850,1148.8,53989.6,TMI_nT
463000,6178875,1152.4,53990.2,TMI_nT
463000,6178900,1164.9,53995.0,TMI_nT
463000,6178925,1159.0,53989.2,TMI_nT
463000,6178950,1146.3,53984.7,TMI_nT
463000,6178975,1160.1,53987.2,TMI_nT
463000,6179000,1151.1,54002.4,TMI_nT
463000,6179025,1141.3,53999.9,TMI_nT
463000,6179050,1161.1,54013.8,TMI_nT
463000,6179075,1150.1,53996.5,TMI_nT
463000,6179100,1148.6,54004.6,TMI_nT
463000,6179125,1146.1,53994.3,TMI_nT
463000,6179150,1146.2,53992.4,TMI_nT
463000,6179175,1147.4,54005.3,TMI_nT
463000,6179200,1145.0,53991.3,TMI_nT
463000,6179225,1162.5,53978.3,TMI_nT
463000,6179250,1156.9,54002.3,TMI_nT
463000,6179275,1161.7,53989.7,TMI_nT
463000,6179300,1161.6,53997.7,TMI_nT
463000,6179325,1149.6,53995.7,TMI_nT
463000,6179350,1150.6,53989.5,TMI_nT
463000,6179375,1161.9,53998.4,TMI_nT
463000,6179400,1150.7,54014.1,TMI_nT
463000,6179425,1128.3,54010.1,TMI_nT
463000,6179450,1152.0,53989.8,TMI_nT
463000,6179475,1153.4,54005.9,TMI_nT
463000,6179500,1146.3,53994.5,TMI_nT
463000,6179525,1165.2,53985.5,TMI_nT
463000,6179550,1160.5,54008.5,TMI_nT
463000,6179575,1145.7,53995.0,TMI_nT
463000,6179600,1149.8,54001.5,TMI_nT
463000,6179625,1149.8,53993.2,TMI_nT
463000,6179650,1143.0,53987.0,TMI_nT
463000,6179675,1138.9,53991.6,TMI_nT
463000,6179700,1156.7,54001.6,TMI_nT
463000,6179725,1135.4,53985.1,TMI_nT
463000,6179750,1151.9,53998.9,TMI_nT
463000,6179775,1139.3,53994.3,TMI_nT
463000,6179800,1163.7,53971.0,TMI_nT
463000,6179825,1154.0,53991.3,TMI_nT
463000,6179850,1153.3,53993.0,TMI_nT
463000,6179875,1146.4,53978.4,TMI_nT
463000,6179900,1141.3,53977.3,TMI_nT
463000,6179925,1135.5,53985.0,TMI_nT
463000,6179950,1144.3,53987.9,TMI_nT
463000,6179975,1148.9,53979.1,TMI_nT
463000,6180000,1143.3,53993.1,TMI_nT
463000,6180025,1155.7,54017.2,TMI_nT
463000,6180050,1147.4,54006.5,TMI_nT
463000,6180075,1156.1,54003.6,TMI_nT
463000,6180100,1144.5,53980.6,TMI_nT
463000,6180125,1146.7,54027.7,TMI_nT
463000,6180150,1148.3,53998.4,TMI_nT
463000,6180175,1142.0,54002.5,TMI_nT
463000,6180200,1159.1,53980.3,TMI_nT
463000,6180225,1130.2,53994.7,TMI_nT
463000,6180250,1148.5,53992.5,TMI_nT
463000,6180275,1152.6,54000.6,TMI_nT
463000,6180300,1150.7,53996.1,TMI_nT
463000,6180325,1140.8,53995.4,TMI_nT
463000,6180350,1143.2,53982.0,TMI_nT
463100,6176700,1156.3,53991.1,TMI_nT
463100,6176725,1154.9,54020.0,TMI_nT
463100,6176750,1145.7,53999.8,TMI_nT
463100,6176775,1158.9,54001.6,TMI_nT
463100,6176800,1163.9,54013.1,TMI_nT
463100,6176825,1148.2,53995.0,TMI_nT
463100,6176850,1138.7,53991.4,TMI_nT
463100,6176875,1147.3,54004.5,TMI_nT
463100,6176900,1137.7,54000.0,TMI_nT
463100,6176925,1147.7,54008.3,TMI_nT
463100,6176950,1154.4,54016.6,TMI_nT
463100,6176975,1153.2,53989.5,TMI_nT
463100,6177000,1162.3,53997.5,TMI_nT
463100,6177025,1146.0,54003.7,TMI_nT
463100,6177050,1138.0,53998.2,TMI_nT
463100,6177075,1167.0,54017.2,TMI_nT
463100,6177100,1148.0,53979.6,TMI_nT
463100,6177125,1145.2,53997.0,TMI_nT
463100,6177150,1160.0,54010.3,TMI_nT
463100,6177175,1166.6,53989.3,TMI_nT
463100,6177200,1148.1,53988.3,TMI_nT
463100,6177225,1144.0,53985.8,TMI_nT
463100,6177250,1154.9,53993.1,TMI_nT
463100,6177275,1148.5,53963.2,TMI_nT
463100,6177300,1152.1,53946.6,TMI_nT
463100,6177325,1150.0,53930.1,TMI_nT
463100,6177350,1154.5,53925.5,TMI_nT
463100,6177375,1156.3,53928.2,TMI_nT
463100,6177400,1144.3,53896.0,TMI_nT
463100,6177425,1149.9,53873.4,TMI_nT
463100,6177450,1145.5,53860.4,TMI_nT
463100,6177475,1151.4,53818.5,TMI_nT
463100,6177500,1165.0,53820.5,TMI_nT
463100,6177525,1142.1,53786.7,TMI_nT
463100,6177550,1143.2,53766.5,TMI_nT
463100,6177575,1153.4,53712.8,TMI_nT
463100,6177600,1156.4,53678.7,TMI_nT
463100,6177625,1153.2,53669.3,TMI_nT
463100,6177650,1156.8,53637.0,TMI_nT
463100,6177675,1147.1,53632.9,TMI_nT
463100,6177700,1128.7,53621.7,TMI_nT
463100,6177725,1149.1,53602.4,TMI_nT
463100,6177750,1151.4,53580.9,TMI_nT
463100,6177775,1144.1,53593.8,TMI_nT
463100,6177800,1149.7,53588.7,TMI_nT
463100,6177825,1159.8,53602.1,TMI_nT
463100,6177850,1160.5,53603.8,TMI_nT
463100,6177875,1152.4,53609.9,TMI_nT
463100,6177900,1150.6,53624.8,TMI_nT
463100,6177925,1166.2,53677.1,TMI_nT
463100,6177950,1144.0,53694.3,TMI_nT
463100,6177975,1150.3,53732.8,TMI_nT
463100,6178000,1157.3,53749.3,TMI_nT
463100,6178025,1136.1,53788.9,TMI_nT
463100,6178050,1149.9,53803.5,TMI_nT
463100,6178075,1137.0,53816.0,TMI_nT
463100,6178100,1146.3,53852.5,TMI_nT
463100,6178125,1148.9,53867.1,TMI_nT
463100,6178150,1150.1,53891.9,TMI_nT
463100,6178175,1149.8,53933.2,TMI_nT
463100,6178200,1160.0,53952.7,TMI_nT
463100,6178225,1144.2,53955.4,TMI_nT
463100,6178250,1142.6,53951.8,TMI_nT
463100,6178275,1149.5,53970.0,TMI_nT
463100,6178300,1152.4,53978.2,TMI_nT
463100,6178325,1147.1,53981.3,TMI_nT
463100,6178350,1146.5,53972.7,TMI_nT
463100,6178375,1148.7,53997.0,TMI_nT
463100,6178400,1156.9,53990.7,TMI_nT
463100,6178425,1138.2,53999.6,TMI_nT
463100,6178450,1143.0,53994.5,TMI_nT
463100,6178475,1153.1,53996.1,TMI_nT
463100,6178500,1163.3,54003.8,TMI_nT
463100,6178525,1147.6,53992.3,TMI_nT
463100,6178550,1157.7,54005.6,TMI_nT
463100,6178575,1155.5,53986.6,TMI_nT
463100,6178600,1148.8,54007.1,TMI_nT
463100,6178625,1155.9,53995.8,TMI_nT
463100,6178650,1153.2,54004.3,TMI_nT
463100,6178675,1136.2,53990.4,TMI_nT
463100,6178700,1147.8,53998.0,TMI_nT
463100,6178725,1143.9,54004.5,TMI_nT
463100,6178750,1153.3,54006.6,TMI_nT
463100,6178775,1157.6,53990.0,TMI_nT
463100,6178800,1144.4,53994.7,TMI_nT
463100,6178825,1149.9,54001.7,TMI_nT
463100,6178850,1155.0,53987.7,TMI_nT
463100,6178875,1143.9,53998.4,TMI_nT
463100,6178900,1153.4,53977.4,TMI_nT
463100,6178925,1151.0,53999.5,TMI_nT
463100,6178950,1130.1,54014.7,TMI_nT
463100,6178975,1160.9,54013.3,TMI_nT
463100,6179000,1158.1,53986.2,TMI_nT
463100,6179025,1141.7,53988.2,TMI_nT
463100,6179050,1164.6,53996.6,TMI_nT
463100,6179075,1150.4,54002.0,TMI_nT
463100,6179100,1145.0,54008.2,TMI_nT
463100,6179125,1162.6,54015.5,TMI_nT
463100,6179150,1143.7,54002.6,TMI_nT
463100,6179175,1152.4,54010.2,TMI_nT
463100,6179200,1159.1,54004.9,TMI_nT
463100,6179225,1142.8,54002.3,TMI_nT
463100,6179250,1152.2,54014.9,TMI_nT
463100,6179275,1154.9,54000.8,TMI_nT
463100,6179300,1156.0,54000.5,TMI_nT
463100,6179325,1148.6,53999.1,TMI_nT
463100,6179350,1145.9,53990.0,TMI_nT
463100,6179375,1157.9,53993.0,TMI_nT
463100,6179400,1149.1,53992.4,TMI_nT
463100,6179425,1154.3,53995.1,TMI_nT
463100,6179450,1165.8,54004.0,TMI_nT
463100,6179475,1148.2,53979.4,TMI_nT
463100,6179500,1136.5,54002.9,TMI_nT
463100,6179525,1149.1,54016.8,TMI_nT
463100,6179550,1157.8,53986.3,TMI_nT
463100,6179575,1151.7,53969.3,TMI_nT
463100,6179600,1149.9,53983.7,TMI_nT
463100,6179625,1156.3,54000.0,TMI_nT
463100,6179650,1166.7,54000.3,TMI_nT
463100,6179675,1147.3,53996.0,TMI_nT
463100,6179700,1149.5,54009.9,TMI_nT
463100,6179725,1118.5,54000.1,TMI_nT
463100,6179750,1149.4,54000.4,TMI_nT
463100,6179775,1144.7,53989.7,TMI_nT
463100,6179800,1133.7,54005.6,TMI_nT
463100,6179825,1159.2,54032.5,TMI_nT
463100,6179850,1165.2,53999.0,TMI_nT
463100,6179875,1142.8,53997.8,TMI_nT
463100,6179900,1136.9,54006.7,TMI_nT
463100,6179925,1159.6,54001.5,TMI_nT
463100,6179950,1138.4,54000.6,TMI_nT
463100,6179975,1149.0,53996.6,TMI_nT
463100,6180000,1131.5,53985.1,TMI_nT
463100,6180025,1146.0,53979.7,TMI_nT
463100,6180050,1172.0,54007.3,TMI_nT
463100,6180075,1143.7,54004.0,TMI_nT
463100,6180100,1158.7,53988.5,TMI_nT
463100,6180125,1153.1,54000.9,TMI_nT
463100,6180150,1159.6,53996.3,TMI_nT
463100,6180175,1150.1,54020.1,TMI_nT
463100,6180200,1154.0,53995.1,TMI_nT
463100,6180225,1132.5,53987.6,TMI_nT
463100,6180250,1144.1,53998.9,TMI_nT
463100,6180275,1151.5,54008.7,TMI_nT
463100,6180300,1143.1,54010.8,TMI_nT
463100,6180325,1136.9,54006.3,TMI_nT
463100,6180350,1148.1,54003.9,TMI_nT
463200,6176700,1147.1,54019.2,TMI_nT
463200,6176725,1154.0,54016.1,TMI_nT
463200,6176750,1153.5,54012.4,TMI_nT
463200,6176775,1145.5,54027.8,TMI_nT
463200,6176800,1147.2,54024.3,TMI_nT
463200,6176825,1168.7,54021.8,TMI_nT
463200,6176850,1132.8,53997.6,TMI_nT
463200,6176875,1144.5,54008.9,TMI_nT
463200,6176900,1147.4,54000.4,TMI_nT
463200,6176925,1161.4,53999.9,TMI_nT
463200,6176950,1159.3,54019.3,TMI_nT
463200,6176975,1143.8,54032.9,TMI_nT
463200,6177000,1166.2,53974.3,TMI_nT
463200,6177025,1149.6,54006.1,TMI_nT
463200,6177050,1139.2,53979.9,TMI_nT
463200,6177075,1148.9,54007.8,TMI_nT
463200,6177100,1142.5,53970.8,TMI_nT
463200,6177125,1160.2,54005.6,TMI_nT
463200,6177150,1172.7,53990.9,TMI_nT
463200,6177175,1164.5,53994.6,TMI_nT
463200,6177200,1156.6,53990.6,TMI_nT
463200,6177225,1137.2,53949.0,TMI_nT
463200,6177250,1152.1,53944.4,TMI_nT
463200,6177275,1153.0,53939.1,TMI_nT
463200,6177300,1153.8,53921.8,TMI_nT
463200,6177325,1150.1,53913.7,TMI_nT
463200,6177350,1129.0,53875.0,TMI_nT
463200,6177375,1143.8,53862.1,TMI_nT
463200,6177400,1156.9,53810.4,TMI_nT
463200,6177425,1155.4,53798.8,TMI_nT
463200,6177450,1141.2,53762.6,TMI_nT
463200,6177475,1145.6,53709.1,TMI_nT
463200,6177500,1156.9,53691.4,TMI_nT
463200,6177525,1156.7,53625.2,TMI_nT
463200,6177550,1149.1,53589.7,TMI_nT
463200,6177575,1156.8,53548.6,TMI_nT
463200,6177600,1140.0,53500.8,TMI_nT
463200,6177625,1147.9,53469.3,TMI_nT
463200,6177650,1143.9,53418.0,TMI_nT
463200,6177675,1150.2,53400.5,TMI_nT
463200,6177700,1148.3,53388.2,TMI_nT
463200,6177725,1147.0,53371.6,TMI_nT
463200,6177750,1153.2,53365.0,TMI_nT
463200,6177775,1161.5,53365.2,TMI_nT
463200,6177800,1137.3,53362.6,TMI_nT
463200,6177825,1156.5,53380.1,TMI_nT
463200,6177850,1152.5,53403.3,TMI_nT
463200,6177875,1143.3,53410.5,TMI_nT
463200,6177900,1156.2,53471.0,TMI_nT
463200,6177925,1152.9,53493.1,TMI_nT
463200,6177950,1140.8,53534.0,TMI_nT
463200,6177975,1151.7,53585.7,TMI_nT
463200,6178000,1155.8,53632.6,TMI_nT
463200,6178025,1157.6,53690.6,TMI_nT
463200,6178050,1157.5,53707.5,TMI_nT
463200,6178075,1150.8,53733.4,TMI_nT
463200,6178100,1155.4,53800.2,TMI_nT
463200,6178125,1165.3,53831.0,TMI_nT
463200,6178150,1156.4,53842.2,TMI_nT
463200,6178175,1158.9,53876.6,TMI_nT
463200,6178200,1156.3,53902.3,TMI_nT
463200,6178225,1155.0,53939.2,TMI_nT
463200,6178250,1147.1,53934.8,TMI_nT
463200,6178275,1158.3,53942.9,TMI_nT
463200,6178300,1148.0,53978.2,TMI_nT
463200,6178325,1144.9,53949.9,TMI_nT
463200,6178350,1142.4,53984.0,TMI_nT
463200,6178375,1146.4,53961.0,TMI_nT
463200,6178400,1152.6,53964.3,TMI_nT
463200,6178425,1150.5,53987.3,TMI_nT
463200,6178450,1142.7,54010.1,TMI_nT
463200,6178475,1149.8,53970.5,TMI_nT
463200,6178500,1138.6,54003.2,TMI_nT
463200,6178525,1147.2,53994.1,TMI_nT
463200,6178550,1145.1,53999.4,TMI_nT
463200,6178575,1147.9,54031.4,TMI_nT
463200,6178600,1146.1,54002.0,TMI_nT
463200,6178625,1161.0,53968.1,TMI_nT
463200,6178650,1160.9,53962.0,TMI_nT
463200,6178675,1139.1,53984.1,TMI_nT
463200,6178700,1167.6,53998.6,TMI_nT
463200,6178725,1148.5,54003.7,TMI_nT
463200,6178750,1155.2,53990.5,TMI_nT
463200,6178775,1155.7,53995.2,TMI_nT
463200,6178800,1154.2,53976.0,TMI_nT
463200,6178825,1139.1,54003.3,TMI_nT
463200,6178850,1148.8,53987.0,TMI_nT
463200,6178875,1152.3,53993.5,TMI_nT
463200,6178900,1142.9,53982.0,TMI_nT
463200,6178925,1143.3,54024.5,TMI_nT
463200,6178950,1148.6,53993.9,TMI_nT
463200,6178975,1159.7,53995.6,TMI_nT
463200,6179000,1156.8,53991.9,TMI_nT
463200,6179025,1156.2,53988.4,TMI_nT
463200,6179050,1148.6,53996.0,TMI_nT
463200,6179075,1154.4,53997.4,TMI_nT
463200,6179100,1142.2,53984.1,TMI_nT
463200,6179125,1154.1,54022.7,TMI_nT
463200,6179150,1155.1,53993.9,TMI_nT
463200,6179175,1132.0,53997.4,TMI_nT
463200,6179200,1149.0,53999.9,TMI_nT
463200,6179225,1143.8,54002.1,TMI_nT
463200,6179250,1159.1,53995.2,TMI_nT
463200,6179275,1146.6,53995.9,TMI_nT
463200,6179300,1146.8,54002.0,TMI_nT
463200,6179325,1148.6,54010.3,TMI_nT
463200,6179350,1144.4,54001.8,TMI_nT
463200,6179375,1155.8,53982.3,TMI_nT
463200,6179400,1155.1,54000.3,TMI_nT
463200,6179425,1138.2,54005.9,TMI_nT
463200,6179450,1134.0,53998.4,TMI_nT
463200,6179475,1141.3,54003.1,TMI_nT
463200,6179500,1155.8,54002.4,TMI_nT
463200,6179525,1149.8,53990.2,TMI_nT
463200,6179550,1136.8,54011.3,TMI_nT
463200,6179575,1150.9,54004.2,TMI_nT
463200,6179600,1136.8,54007.8,TMI_nT
463200,6179625,1158.8,53996.3,TMI_nT
463200,6179650,1143.8,54012.5,TMI_nT
463200,6179675,1164.7,53992.7,TMI_nT
463200,6179700,1149.6,53979.0,TMI_nT
463200,6179725,1151.4,53998.0,TMI_nT
463200,6179750,1157.7,53984.6,TMI_nT
463200,6179775,1164.5,54006.4,TMI_nT
463200,6179800,1146.1,53986.1,TMI_nT
463200,6179825,1164.5,54008.7,TMI_nT
463200,6179850,1137.8,53995.3,TMI_nT
463200,6179875,1157.7,53992.7,TMI_nT
463200,6179900,1158.9,54003.3,TMI_nT
463200,6179925,1146.5,54018.2,TMI_nT
463200,6179950,1140.4,53984.1,TMI_nT
463200,6179975,1158.2,53993.4,TMI_nT
463200,6180000,1151.8,54015.5,TMI_nT
463200,6180025,1148.9,53994.9,TMI_nT
463200,6180050,1143.9,54009.3,TMI_nT
463200,6180075,1149.4,53993.2,TMI_nT
463200,6180100,1164.5,53994.1,TMI_nT
463200,6180125,1169.6,53983.6,TMI_nT
463200,6180150,1143.4,53986.3,TMI_nT
463200,6180175,1155.2,53986.2,TMI_nT
463200,6180200,1159.0,53993.8,TMI_nT
463200,6180225,1136.6,53984.0,TMI_nT
463200,6180250,1152.2,53989.3,TMI_nT
463200,6180275,1149.1,53976.1,TMI_nT
463200,6180300,1143.5,54000.0,TMI_nT
463200,6180325,1141.2,53983.6,TMI_nT
463200,6180350,1153.7,53991.7,TMI_nT
463300,6176700,1159.3,54041.7,TMI_nT
463300,6176725,1137.7,53993.5,TMI_nT
463300,6176750,1162.6,54007.2,TMI_nT
463300,6176775,1145.8,54016.3,TMI_nT
463300,6176800,1161.0,54020.3,TMI_nT
463300,6176825,1141.5,54025.6,TMI_nT
463300,6176850,1139.8,54013.1,TMI_nT
463300,6176875,1139.8,53997.9,TMI_nT
463300,6176900,1138.5,54004.0,TMI_nT
463300,6176925,1149.9,54015.9,TMI_nT
463300,6176950,1153.9,53995.5,TMI_nT
463300,6176975,1152.8,54023.3,TMI_nT
463300,6177000,1147.7,53996.6,TMI_nT
463300,6177025,1144.4,54000.5,TMI_nT
463300,6177050,1147.0,53978.8,TMI_nT
463300,6177075,1143.4,54011.0,TMI_nT
463300,6177100,1149.3,53968.6,TMI_nT
463300,6177125,1136.2,53999.4,TMI_nT
463300,6177150,1153.3,53981.2,TMI_nT
463300,6177175,1154.5,53976.1,TMI_nT
463300,6177200,1137.3,53965.4,TMI_nT
463300,6177225,1161.0,53951.1,TMI_nT
463300,6177250,1153.0,53923.4,TMI_nT
463300,6177275,1160.4,53892.7,TMI_nT
463300,6177300,1163.2,53872.2,TMI_nT
463300,6177325,1155.4,53845.5,TMI_nT
463300,6177350,1165.0,53809.5,TMI_nT
463300,6177375,1153.0,53753.5,TMI_nT
463300,6177400,1140.4,53708.9,TMI_nT
463300,6177425,1157.3,53709.0,TMI_nT
463300,6177450,1150.0,53610.7,TMI_nT
463300,6177475,1154.6,53572.9,TMI_nT
463300,6177500,1155.2,53545.9,TMI_nT
463300,6177525,1154.1,53471.2,TMI_nT
463300,6177550,1155.6,53395.5,TMI_nT
463300,6177575,1145.1,53364.0,TMI_nT
463300,6177600,1161.6,53292.9,TMI_nT
463300,6177625,1140.9,53255.7,TMI_nT
463300,6177650,1146.3,53207.0,TMI_nT
463300,6177675,1149.4,53178.0,TMI_nT
463300,6177700,1163.4,53151.3,TMI_nT
463300,6177725,1161.9,53149.4,TMI_nT
463300,6177750,1150.9,53114.5,TMI_nT
463300,6177775,1155.8,53154.7,TMI_nT
463300,6177800,1144.0,53148.4,TMI_nT
463300,6177825,1148.3,53193.7,TMI_nT
463300,6177850,1151.3,53224.2,TMI_nT
463300,6177875,1151.0,53256.9,TMI_nT
463300,6177900,1163.6,53296.5,TMI_nT
463300,6177925,1161.2,53365.8,TMI_nT
463300,6177950,1145.7,53408.7,TMI_nT
463300,6177975,1143.1,53468.7,TMI_nT
463300,6178000,1155.7,53538.2,TMI_nT
463300,6178025,1147.4,53580.3,TMI_nT
463300,6178050,1144.0,53645.1,TMI_nT
463300,6178075,1162.5,53686.4,TMI_nT
463300,6178100,1145.9,53729.3,TMI_nT
463300,6178125,1133.0,53810.9,TMI_nT
463300,6178150,1164.4,53804.5,TMI_nT
463300,6178175,1154.0,53847.1,TMI_nT
463300,6178200,1144.3,53906.2,TMI_nT
463300,6178225,1153.3,53898.0,TMI_nT
463300,6178250,1145.8,53924.7,TMI_nT
463300,6178275,1139.4,53940.8,TMI_nT
463300,6178300,1156.7,53961.7,TMI_nT
463300,6178325,1148.2,53965.2,TMI_nT
463300,6178350,1145.7,53982.3,TMI_nT
463300,6178375,1149.5,53978.8,TMI_nT
463300,6178400,1149.6,54005.3,TMI_nT
463300,6178425,1148.7,53990.1,TMI_nT
463300,6178450,1142.3,53989.7,TMI_nT
463300,6178475,1156.9,53985.4,TMI_nT
463300,6178500,1150.7,53991.1,TMI_nT
463300,6178525,1139.4,53993.2,TMI_nT
463300,6178550,1161.2,53994.1,TMI_nT
463300,6178575,1144.6,53995.2,TMI_nT
463300,6178600,1147.3,53995.3,TMI_nT
463300,6178625,1146.7,54003.3,TMI_nT
463300,6178650,1146.1,53999.5,TMI_nT
463300,6178675,1152.5,54005.0,TMI_nT
463300,6178700,1155.1,54003.2,TMI_nT
463300,6178725,1159.7,53999.4,TMI_nT
463300,6178750,1161.9,54006.1,TMI_nT
463300,6178775,1152.2,53999.5,TMI_nT
463300,6178800,1150.1,53992.2,TMI_nT
463300,6178825,1147.1,54010.1,TMI_nT
463300,6178850,1150.2,54018.1,TMI_nT
463300,6178875,1141.6,54019.1,TMI_nT
463300,6178900,1146.0,53996.7,TMI_nT
463300,6178925,1155.1,54012.0,TMI_nT
463300,6178950,1146.4,53998.9,TMI_nT
463300,6178975,1155.8,53999.4,TMI_nT
463300,6179000,1149.5,54009.6,TMI_nT
463300,6179025,1150.8,53994.1,TMI_nT
463300,6179050,1152.0,54001.0,TMI_nT
463300,6179075,1163.9,53993.9,TMI_nT
463300,6179100,1162.1,53991.7,TMI_nT
463300,6179125,1157.6,54015.8,TMI_nT
463300,6179150,1154.4,54021.5,TMI_nT
463300,6179175,1145.8,53995.1,TMI_nT
463300,6179200,1156.7,53990.7,TMI_nT
463300,6179225,1138.6,53980.9,TMI_nT
463300,6179250,1158.1,54017.0,TMI_nT
463300,6179275,1157.4,54003.5,TMI_nT
463300,6179300,1148.5,54007.7,TMI_nT
463300,6179325,1160.3,53980.7,TMI_nT
463300,6179350,1139.0,54003.6,TMI_nT
463300,6179375,1146.3,53999.8,TMI_nT
463300,6179400,1147.4,53996.6,TMI_nT
463300,6179425,1148.3,54004.5,TMI_nT
463300,6179450,1155.4,53983.9,TMI_nT
463300,6179475,1138.6,54003.5,TMI_nT
463300,6179500,1157.1,54002.5,TMI_nT
463300,6179525,1151.5,53995.7,TMI_nT
463300,6179550,1136.0,53988.2,TMI_nT
463300,6179575,1149.3,54003.6,TMI_nT
463300,6179600,1148.1,54002.4,TMI_nT
463300,6179625,1151.3,53994.0,TMI_nT
463300,6179650,1156.9,53996.2,TMI_nT
463300,6179675,1138.4,53991.8,TMI_nT
463300,6179700,1139.6,53998.5,TMI_nT
463300,6179725,1141.2,53966.3,TMI_nT
463300,6179750,1143.6,53991.3,TMI_nT
463300,6179775,1148.2,53978.1,TMI_nT
463300,6179800,1156.6,54011.0,TMI_nT
463300,6179825,1157.4,53996.4,TMI_nT
463300,6179850,1142.9,53990.9,TMI_nT
463300,6179875,1141.3,54004.2,TMI_nT
463300,6179900,1149.8,54000.0,TMI_nT
463300,6179925,1146.3,53991.5,TMI_nT
463300,6179950,1137.3,54009.4,TMI_nT
463300,6179975,1147.7,53998.9,TMI_nT
463300,6180000,1150.3,53986.7,TMI_nT
463300,6180025,1149.5,53999.3,TMI_nT
463300,6180050,1161.3,53998.3,TMI_nT
463300,6180075,1153.3,53988.1,TMI_nT
463300,6180100,1153.7,53974.3,TMI_nT
463300,6180125,1155.1,53972.7,TMI_nT
463300,6180150,1151.3,53989.3,TMI_nT
463300,6180175,1150.2,53977.4,TMI_nT
463300,6180200,1155.0,54004.7,TMI_nT
463300,6180225,1149.9,53994.5,TMI_nT
463300,6180250,1155.9,54008.3,TMI_nT
463300,6180275,1145.4,53987.0,TMI_nT
463300,6180300,1149.7,53986.2,TMI_nT
463300,6180325,1132.7,53980.4,TMI_nT
463300,6180350,1152.0,53991.6,TMI_nT
463400,6176700,1158.7,54011.8,TMI_nT
463400,6176725,1145.9,53993.9,TMI_nT
463400,6176750,1152.0,53992.0,TMI_nT
463400,6176775,1146.2,54007.9,TMI_nT
463400,6176800,1144.3,54009.5,TMI_nT
463400,6176825,1162.6,53996.5,TMI_nT
463400,6176850,1148.5,54018.2,TMI_nT
463400,6176875,1148.3,53989.6,TMI_nT
463400,6176900,1151.4,54014.5,TMI_nT
463400,6176925,1159.8,54019.0,TMI_nT
463400,6176950,1146.3,54005.0,TMI_nT
463400,6176975,1146.7,53998.8,TMI_nT
463400,6177000,1146.6,54013.8,TMI_nT
463400,6177025,1153.7,53980.4,TMI_nT
463400,6177050,1146.3,53996.1,TMI_nT
463400,6177075,1159.4,53969.4,TMI_nT
463400,6177100,1140.9,53995.7,TMI_nT
463400,6177125,1141.3,53981.8,TMI_nT
463400,6177150,1133.2,53954.1,TMI_nT
463400,6177175,1157.0,53967.8,TMI_nT
463400,6177200,1149.5,53939.6,TMI_nT
463400,6177225,1144.0,53945.8,TMI_nT
463400,6177250,1151.0,53887.9,TMI_nT
463400,6177275,1147.6,53881.6,TMI_nT
463400,6177300,1143.9,53825.9,TMI_nT
463400,6177325,1155.7,53814.0,TMI_nT
463400,6177350,1140.2,53743.1,TMI_nT
463400,6177375,1149.8,53703.2,TMI_nT
463400,6177400,1147.7,53688.1,TMI_nT
463400,6177425,1143.6,53604.2,TMI_nT
463400,6177450,1145.2,53572.3,TMI_nT
463400,6177475,1151.2,53469.8,TMI_nT
463400,6177500,1156.5,53392.8,TMI_nT
463400,6177525,1143.3,53341.0,TMI_nT
463400,6177550,1134.8,53267.5,TMI_nT
463400,6177575,1131.8,53204.7,TMI_nT
463400,6177600,1146.0,53147.6,TMI_nT
463400,6177625,1145.3,53094.2,TMI_nT
463400,6177650,1159.9,53047.7,TMI_nT
463400,6177675,1148.6,53041.6,TMI_nT
463400,6177700,1147.5,53015.4,TMI_nT
463400,6177725,1143.4,52987.3,TMI_nT
463400,6177750,1154.9,53000.6,TMI_nT
463400,6177775,1151.3,52990.1,TMI_nT
463400,6177800,1142.8,53024.4,TMI_nT
463400,6177825,1134.6,53066.0,TMI_nT
463400,6177850,1165.1,53106.4,TMI_nT
463400,6177875,1140.9,53170.0,TMI_nT
463400,6177900,1150.7,53230.8,TMI_nT
463400,6177925,1145.3,53284.2,TMI_nT
463400,6177950,1145.3,53354.6,TMI_nT
463400,6177975,1155.9,53419.9,TMI_nT
463400,6178000,1139.6,53498.3,TMI_nT
463400,6178025,1162.9,53547.4,TMI_nT
463400,6178050,1153.0,53635.6,TMI_nT
463400,6178075,1159.7,53690.2,TMI_nT
463400,6178100,1134.0,53721.3,TMI_nT
463400,6178125,1139.7,53768.8,TMI_nT
463400,6178150,1164.0,53812.4,TMI_nT
463400,6178175,1143.7,53849.6,TMI_nT
463400,6178200,1134.3,53863.2,TMI_nT
463400,6178225,1163.0,53880.3,TMI_nT
463400,6178250,1149.0,53934.9,TMI_nT
463400,6178275,1149.6,53940.4,TMI_nT
463400,6178300,1161.1,53956.3,TMI_nT
463400,6178325,1134.1,53972.4,TMI_nT
463400,6178350,1134.6,53989.3,TMI_nT
463400,6178375,1138.9,53978.5,TMI_nT
463400,6178400,1139.9,53989.0,TMI_nT
463400,6178425,1141.6,53975.9,TMI_nT
463400,6178450,1148.5,54005.1,TMI_nT
463400,6178475,1160.9,54005.4,TMI_nT
463400,6178500,1154.6,54001.7,TMI_nT
463400,6178525,1149.3,53988.2,TMI_nT
463400,6178550,1154.4,53986.8,TMI_nT
463400,6178575,1157.7,54011.9,TMI_nT
463400,6178600,1157.2,54000.9,TMI_nT
463400,6178625,1145.5,53999.7,TMI_nT
463400,6178650,1155.8,54007.5,TMI_nT
463400,6178675,1155.8,54027.9,TMI_nT
463400,6178700,1142.2,53988.3,TMI_nT
463400,6178725,1150.6,53985.8,TMI_nT
463400,6178750,1160.9,53988.2,TMI_nT
463400,6178775,1155.1,53997.8,TMI_nT
463400,6178800,1152.8,54003.0,TMI_nT
463400,6178825,1149.7,53988.7,TMI_nT
463400,6178850,1149.2,53995.9,TMI_nT
463400,6178875,1155.5,54002.4,TMI_nT
463400,6178900,1156.6,53995.2,TMI_nT
463400,6178925,1163.1,54004.6,TMI_nT
463400,6178950,1144.9,53960.8,TMI_nT
463400,6178975,1129.8,54015.6,TMI_nT
463400,6179000,1150.7,54018.2,TMI_nT
463400,6179025,1155.8,53975.8,TMI_nT
463400,6179050,1142.7,53987.6,TMI_nT
463400,6179075,1146.9,54017.7,TMI_nT
463400,6179100,1166.1,53988.5,TMI_nT
463400,6179125,1147.3,54011.0,TMI_nT
463400,6179150,1148.4,53990.3,TMI_nT
463400,6179175,1142.1,54018.6,TMI_nT
463400,6179200,1160.2,53984.3,TMI_nT
463400,6179225,1150.8,53996.1,TMI_nT
463400,6179250,1146.9,54005.7,TMI_nT
463400,6179275,1148.3,53970.2,TMI_nT
463400,6179300,1167.4,54014.1,TMI_nT
463400,6179325,1149.8,53997.7,TMI_nT
463400,6179350,1154.8,54015.4,TMI_nT
463400,6179375,1134.2,54002.4,TMI_nT
463400,6179400,1151.7,53993.8,TMI_nT
463400,6179425,1147.1,53980.5,TMI_nT
463400,6179450,1147.9,54019.1,TMI_nT
463400,6179475,1134.9,53981.3,TMI_nT
463400,6179500,1145.4,53998.3,TMI_nT
463400,6179525,1151.8,53987.9,TMI_nT
463400,6179550,1151.4,54001.6,TMI_nT
463400,6179575,1140.2,54002.3,TMI_nT
463400,6179600,1147.4,53990.3,TMI_nT
463400,6179625,1157.9,53997.3,TMI_nT
463400,6179650,1143.8,53989.1,TMI_nT
463400,6179675,1151.3,54015.5,TMI_nT
463400,6179700,1147.5,53980.8,TMI_nT
463400,6179725,1140.9,53982.7,TMI_nT
463400,6179750,1143.6,53981.4,TMI_nT
463400,6179775,1158.1,54022.0,TMI_nT
463400,6179800,1158.7,54013.8,TMI_nT
463400,6179825,1153.2,53995.5,TMI_nT
463400,6179850,1141.5,53998.2,TMI_nT
463400,6179875,1157.2,53983.0,TMI_nT
463400,6179900,1151.6,53982.2,TMI_nT
463400,6179925,1156.0,54004.5,TMI_nT
463400,6179950,1140.4,54001.0,TMI_nT
463400,6179975,1148.9,54003.0,TMI_nT
463400,6180000,1134.1,53984.7,TMI_nT
463400,6180025,1137.6,54001.7,TMI_nT
463400,6180050,1164.0,53975.7,TMI_nT
463400,6180075,1146.6,53981.7,TMI_nT
463400,6180100,1150.6,53996.9,TMI_nT
463400,6180125,1144.3,53983.7,TMI_nT
463400,6180150,1147.8,54005.5,TMI_nT
463400,6180175,1132.7,53995.4,TMI_nT
463400,6180200,1156.9,53988.7,TMI_nT
463400,6180225,1142.4,53986.7,TMI_nT
463400,6180250,1154.8,53999.9,TMI_nT
463400,6180275,1145.5,53999.3,TMI_nT
463400,6180300,1163.0,54004.2,TMI_nT
463400,6180325,1137.5,54009.1,TMI_nT
463400,6180350,1139.4,54030.2,TMI_nT
463500,6176700,1152.4,53995.7,TMI_nT
463500,6176725,1152.9,54009.1,TMI_nT
463500,6176750,1157.4,54025.8,TMI_nT
463500,6176775,1150.6,53999.2,TMI_nT
463500,6176800,1158.4,54021.9,TMI_nT
463500,6176825,1156.5,54023.0,TMI_nT
463500,6176850,1145.9,54017.7,TMI_nT
463500,6176875,1153.4,53993.0,TMI_nT
463500,6176900,1160.0,54002.8,TMI_nT
463500,6176925,1147.0,53997.0,TMI_nT
463500,6176950,1157.7,54001.3,TMI_nT
463500,6176975,1150.2,54014.0,TMI_nT
463500,6177000,1162.9,54006.5,TMI_nT
463500,6177025,1156.0,53979.1,TMI_nT
463500,6177050,1159.7,54009.6,TMI_nT
463500,6177075,1143.8,54001.4,TMI_nT
463500,6177100,1155.3,53979.0,TMI_nT
463500,6177125,1148.4,53970.2,TMI_nT
463500,6177150,1140.5,53948.7,TMI_nT
463500,6177175,1146.6,53957.6,TMI_nT
463500,6177200,1148.5,53927.8,TMI_nT
463500,6177225,1147.9,53920.2,TMI_nT
463500,6177250,1150.7,53894.0,TMI_nT
463500,6177275,1149.9,53859.5,TMI_nT
463500,6177300,1146.0,53817.3,TMI_nT
463500,6177325,1140.7,53765.9,TMI_nT
463500,6177350,1146.8,53728.1,TMI_nT
463500,6177375,1149.9,53704.9,TMI_nT
463500,6177400,1142.5,53636.9,TMI_nT
463500,6177425,1163.6,53577.6,TMI_nT
463500,6177450,1143.4,53508.5,TMI_nT
463500,6177475,1152.1,53428.3,TMI_nT
463500,6177500,1155.7,53362.3,TMI_nT
463500,6177525,1136.8,53293.2,TMI_nT
463500,6177550,1139.7,53244.9,TMI_nT
463500,6177575,1158.3,53184.2,TMI_nT
463500,6177600,1151.7,53113.4,TMI_nT
463500,6177625,1146.3,53088.4,TMI_nT
463500,6177650,1147.4,53051.3,TMI_nT
463500,6177675,1150.8,52991.9,TMI_nT
463500,6177700,1159.1,52988.5,TMI_nT
463500,6177725,1153.0,52991.4,TMI_nT
463500,6177750,1151.4,52995.9,TMI_nT
463500,6177775,1145.9,53016.9,TMI_nT
463500,6177800,1151.7,53025.3,TMI_nT
463500,6177825,1156.5,53111.7,TMI_nT
463500,6177850,1161.2,53121.1,TMI_nT
463500,6177875,1148.0,53164.4,TMI_nT
463500,6177900,1144.6,53254.3,TMI_nT
463500,6177925,1148.6,53308.7,TMI_nT
463500,6177950,1143.7,53377.3,TMI_nT
463500,6177975,1137.5,53438.9,TMI_nT
463500,6178000,1149.2,53506.7,TMI_nT
463500,6178025,1144.7,53594.0,TMI_nT
463500,6178050,1162.8,53627.1,TMI_nT
463500,6178075,1150.8,53682.9,TMI_nT
463500,6178100,1144.2,53735.1,TMI_nT
463500,6178125,1153.7,53795.3,TMI_nT
463500,6178150,1155.4,53844.7,TMI_nT
463500,6178175,1155.0,53864.8,TMI_nT
463500,6178200,1159.7,53879.0,TMI_nT
463500,6178225,1153.9,53921.5,TMI_nT
463500,6178250,1138.2,53941.8,TMI_nT
463500,6178275,1151.1,53936.9,TMI_nT
463500,6178300,1154.6,53965.0,TMI_nT
463500,6178325,1148.5,53974.5,TMI_nT
463500,6178350,1152.8,53996.1,TMI_nT
463500,6178375,1159.6,53996.0,TMI_nT
463500,6178400,1152.5,54006.7,TMI_nT
463500,6178425,1152.1,54003.5,TMI_nT
463500,6178450,1168.2,54010.1,TMI_nT
463500,6178475,1144.0,53986.5,TMI_nT
463500,6178500,1151.5,54019.2,TMI_nT
463500,6178525,1144.4,53995.9,TMI_nT
463500,6178550,1154.5,54012.9,TMI_nT
463500,6178575,1149.3,54026.1,TMI_nT
463500,6178600,1163.2,54013.0,TMI_nT
463500,6178625,1141.6,53985.1,TMI_nT
463500,6178650,1145.4,54005.6,TMI_nT
463500,6178675,1144.7,53997.3,TMI_nT
463500,6178700,1142.8,54000.5,TMI_nT
463500,6178725,1153.1,53986.9,TMI_nT
463500,6178750,1157.8,54003.7,TMI_nT
463500,6178775,1153.4,54008.3,TMI_nT
463500,6178800,1142.7,54011.0,TMI_nT
463500,6178825,1152.2,53995.9,TMI_nT
463500,6178850,1155.2,54013.0,TMI_nT
463500,6178875,1148.5,53999.2,TMI_nT
463500,6178900,1140.7,54004.6,TMI_nT
463500,6178925,1156.2,54011.7,TMI_nT
463500,6178950,1157.9,54012.5,TMI_nT
463500,6178975,1134.9,54013.3,TMI_nT
463500,6179000,1138.6,54003.9,TMI_nT
463500,6179025,1148.9,53989.7,TMI_nT
463500,6179050,1152.6,54015.2,TMI_nT
463500,6179075,1164.3,54003.7,TMI_nT
463500,6179100,1142.4,54003.7,TMI_nT
463500,6179125,1143.0,53984.0,TMI_nT
463500,6179150,1137.7,54001.9,TMI_nT
463500,6179175,1152.5,54005.8,TMI_nT
463500,6179200,1150.8,53991.8,TMI_nT
463500,6179225,1144.9,54006.5,TMI_nT
463500,6179250,1144.3,54009.0,TMI_nT
463500,6179275,1161.7,54007.2,TMI_nT
463500,6179300,1139.8,54003.9,TMI_nT
463500,6179325,1150.6,54001.0,TMI_nT
463500,6179350,1139.9,53989.5,TMI_nT
463500,6179375,1156.9,53995.1,TMI_nT
463500,6179400,1159.6,54009.4,TMI_nT
463500,6179425,1165.7,53999.0,TMI_nT
463500,6179450,1153.5,53989.2,TMI_nT
463500,6179475,1161.9,53996.4,TMI_nT
463500,6179500,1141.7,53999.6,TMI_nT
463500,6179525,1141.0,54002.0,TMI_nT
463500,6179550,1157.4,53988.5,TMI_nT
463500,6179575,1156.8,53998.7,TMI_nT
463500,6179600,1160.4,53988.3,TMI_nT
463500,6179625,1134.3,53996.6,TMI_nT
463500,6179650,1138.8,53987.9,TMI_nT
463500,6179675,1154.1,53980.9,TMI_nT
463500,6179700,1154.7,54002.8,TMI_nT
463500,6179725,1154.3,53989.5,TMI_nT
463500,6179750,1146.1,53980.6,TMI_nT
463500,6179775,1145.4,53996.2,TMI_nT
463500,6179800,1149.8,53999.2,TMI_nT
463500,6179825,1152.4,54003.6,TMI_nT
463500,6179850,1146.2,54009.3,TMI_nT
463500,6179875,1152.2,54005.5,TMI_nT
463500,6179900,1151.1,54000.5,TMI_nT
463500,6179925,1165.3,53971.6,TMI_nT
463500,6179950,1143.6,53986.4,TMI_nT
463500,6179975,1139.5,53993.4,TMI_nT
463500,6180000,1145.0,54018.2,TMI_nT
463500,6180025,1143.4,53988.9,TMI_nT
463500,6180050,1161.2,54002.2,TMI_nT
463500,6180075,1143.8,54000.2,TMI_nT
463500,6180100,1152.3,54012.7,TMI_nT
463500,6180125,1149.4,53988.0,TMI_nT
463500,6180150,1151.9,53998.2,TMI_nT
463500,6180175,1150.2,53996.5,TMI_nT
463500,6180200,1172.7,54018.8,TMI_nT
463500,6180225,1142.7,53998.4,TMI_nT
463500,6180250,1156.5,53983.6,TMI_nT
463500,6180275,1148.5,53976.6,TMI_nT
463500,6180300,1151.5,54000.7,TMI_nT
463500,6180325,1164.7,53991.0,TMI_nT
463500,6180350,1146.2,54005.4,TMI_nT
463600,6176700,1148.5,54020.6,TMI_nT
463600,6176725,1146.7,54004.8,TMI_nT
463600,6176750,1145.5,54025.1,TMI_nT
463600,6176775,1158.2,54009.9,TMI_nT
463600,6176800,1151.9,54014.2,TMI_nT
463600,6176825,1168.6,54002.3,TMI_nT
463600,6176850,1131.1,54019.8,TMI_nT
463600,6176875,1139.7,54025.3,TMI_nT
463600,6176900,1144.4,53992.6,TMI_nT
463600,6176925,1147.8,54023.5,TMI_nT
463600,6176950,1136.6,54009.9,TMI_nT
463600,6176975,1147.9,54018.9,TMI_nT
463600,6177000,1152.6,53988.6,TMI_nT
463600,6177025,1150.7,54007.4,TMI_nT
463600,6177050,1154.7,54013.6,TMI_nT
463600,6177075,1149.6,54011.6,TMI_nT
463600,6177100,1156.9,53989.0,TMI_nT
463600,6177125,1147.3,53993.9,TMI_nT
463600,6177150,1150.9,53992.8,TMI_nT
463600,6177175,1153.5,53957.9,TMI_nT
463600,6177200,1136.8,53932.3,TMI_nT
463600,6177225,1158.5,53948.5,TMI_nT
463600,6177250,1151.1,53890.1,TMI_nT
463600,6177275,1146.1,53881.8,TMI_nT
463600,6177300,1146.0,53860.0,TMI_nT
463600,6177325,1145.0,53818.4,TMI_nT
463600,6177350,1162.4,53771.4,TMI_nT
463600,6177375,1146.1,53725.1,TMI_nT
463600,6177400,1155.8,53671.8,TMI_nT
463600,6177425,1146.8,53609.8,TMI_nT
463600,6177450,1161.2,53578.9,TMI_nT
463600,6177475,1139.5,53490.7,TMI_nT
463600,6177500,1141.1,53423.5,TMI_nT
463600,6177525,1149.4,53376.4,TMI_nT
463600,6177550,1151.2,53306.6,TMI_nT
463600,6177575,1151.1,53235.7,TMI_nT
463600,6177600,1140.3,53242.9,TMI_nT
463600,6177625,1151.3,53149.3,TMI_nT
463600,6177650,1146.7,53161.1,TMI_nT
463600,6177675,1160.3,53133.9,TMI_nT
463600,6177700,1154.8,53140.2,TMI_nT
463600,6177725,1151.4,53104.8,TMI_nT
463600,6177750,1149.9,53118.1,TMI_nT
463600,6177775,1145.4,53148.0,TMI_nT
463600,6177800,1148.2,53199.8,TMI_nT
463600,6177825,1153.0,53202.8,TMI_nT
463600,6177850,1150.4,53275.1,TMI_nT
463600,6177875,1146.5,53309.6,TMI_nT
463600,6177900,1146.0,53367.9,TMI_nT
463600,6177925,1148.2,53425.1,TMI_nT
463600,6177950,1152.0,53476.6,TMI_nT
463600,6177975,1157.0,53542.3,TMI_nT
463600,6178000,1162.0,53613.1,TMI_nT
463600,6178025,1161.3,53646.1,TMI_nT
463600,6178050,1155.0,53711.3,TMI_nT
463600,6178075,1157.7,53769.2,TMI_nT
463600,6178100,1153.6,53800.4,TMI_nT
463600,6178125,1155.8,53834.9,TMI_nT
463600,6178150,1153.2,53856.9,TMI_nT
463600,6178175,1166.1,53913.1,TMI_nT
463600,6178200,1161.7,53930.2,TMI_nT
463600,6178225,1158.4,53942.5,TMI_nT
463600,6178250,1149.6,53975.0,TMI_nT
463600,6178275,1148.6,53945.0,TMI_nT
463600,6178300,1143.4,53976.2,TMI_nT
463600,6178325,1146.1,53967.3,TMI_nT
463600,6178350,1157.3,53972.8,TMI_nT
463600,6178375,1155.4,54012.6,TMI_nT
463600,6178400,1151.7,53978.7,TMI_nT
463600,6178425,1152.2,53987.6,TMI_nT
463600,6178450,1157.9,53989.9,TMI_nT
463600,6178475,1147.4,54009.4,TMI_nT
463600,6178500,1150.5,54007.9,TMI_nT
463600,6178525,1134.8,54023.2,TMI_nT
463600,6178550,1159.9,54007.8,TMI_nT
463600,6178575,1146.0,53998.7,TMI_nT
463600,6178600,1142.6,54005.3,TMI_nT
463600,6178625,1141.8,53996.8,TMI_nT
463600,6178650,1133.3,54001.1,TMI_nT
463600,6178675,1154.5,53996.0,TMI_nT
463600,6178700,1146.7,53998.6,TMI_nT
463600,6178725,1162.6,54013.8,TMI_nT
463600,6178750,1159.6,53994.1,TMI_nT
463600,6178775,1143.2,53981.9,TMI_nT
463600,6178800,1152.1,54009.2,TMI_nT
463600,6178825,1156.9,54004.1,TMI_nT
463600,6178850,1156.1,54000.2,TMI_nT
463600,6178875,1145.0,53996.6,TMI_nT
463600,6178900,1155.4,53979.9,TMI_nT
463600,6178925,1158.1,53991.9,TMI_nT
463600,6178950,1148.2,54014.3,TMI_nT
463600,6178975,1151.6,54003.1,TMI_nT
463600,6179000,1138.3,53999.5,TMI_nT
463600,6179025,1145.5,54019.2,TMI_nT
463600,6179050,1152.3,54008.2,TMI_nT
463600,6179075,1151.8,54005.2,TMI_nT
463600,6179100,1143.0,54012.5,TMI_nT
463600,6179125,1151.3,54013.4,TMI_nT
463600,6179150,1146.7,54001.9,TMI_nT
463600,6179175,1154.6,54000.8,TMI_nT
463600,6179200,1136.2,53987.1,TMI_nT
463600,6179225,1155.6,53997.8,TMI_nT
463600,6179250,1161.0,53997.4,TMI_nT
463600,6179275,1161.2,54016.5,TMI_nT
463600,6179300,1152.1,54018.2,TMI_nT
463600,6179325,1144.5,54007.5,TMI_nT
463600,6179350,1153.2,53968.4,TMI_nT
463600,6179375,1148.4,53991.2,TMI_nT
463600,6179400,1157.2,53970.6,TMI_nT
463600,6179425,1145.3,53997.9,TMI_nT
463600,6179450,1143.5,53986.3,TMI_nT
463600,6179475,1142.2,53989.9,TMI_nT
463600,6179500,1148.3,53983.0,TMI_nT
463600,6179525,1156.9,53995.8,TMI_nT
463600,6179550,1146.4,53978.8,TMI_nT
463600,6179575,1152.7,53989.0,TMI_nT
463600,6179600,1156.8,53999.0,TMI_nT
463600,6179625,1150.0,54021.6,TMI_nT
463600,6179650,1144.0,54005.8,TMI_nT
463600,6179675,1150.2,53997.8,TMI_nT
463600,6179700,1140.9,54024.9,TMI_nT
463600,6179725,1150.2,53997.5,TMI_nT
463600,6179750,1152.8,53989.9,TMI_nT
463600,6179775,1151.0,53999.1,TMI_nT
463600,6179800,1155.9,53990.1,TMI_nT
463600,6179825,1147.0,53987.5,TMI_nT
463600,6179850,1161.2,54008.8,TMI_nT
463600,6179875,1155.0,53989.5,TMI_nT
463600,6179900,1158.4,53997.4,TMI_nT
463600,6179925,1163.6,53999.6,TMI_nT
463600,6179950,1142.2,54016.6,TMI_nT
463600,6179975,1144.0,53994.2,TMI_nT
463600,6180000,1135.5,53997.0,TMI_nT
463600,6180025,1158.2,53977.8,TMI_nT
463600,6180050,1156.0,54001.9,TMI_nT
463600,6180075,1141.6,53986.8,TMI_nT
463600,6180100,1161.1,53995.3,TMI_nT
463600,6180125,1151.5,53998.4,TMI_nT
463600,6180150,1153.0,54011.5,TMI_nT
463600,6180175,1153.4,53999.5,TMI_nT
463600,6180200,1162.6,53994.9,TMI_nT
463600,6180225,1144.2,53995.8,TMI_nT
463600,6180250,1157.6,54005.2,TMI_nT
463600,6180275,1155.8,53991.2,TMI_nT
463600,6180300,1123.2,54009.7,TMI_nT
463600,6180325,1153.2,53976.0,TMI_nT
463600,6180350,1163.5,53985.4,TMI_nT
463700,6176700,1149.2,54015.9,TMI_nT
463700,6176725,1147.0,54012.6,TMI_nT
463700,6176750,1151.0,54004.0,TMI_nT
463700,6176775,1137.6,54023.6,TMI_nT
463700,6176800,1146.4,54014.3,TMI_nT
463700,6176825,1144.0,54012.2,TMI_nT
463700,6176850,1141.4,54012.7,TMI_nT
463700,6176875,1147.9,54010.4,TMI_nT
463700,6176900,1153.3,53990.2,TMI_nT
463700,6176925,1147.0,53975.8,TMI_nT
463700,6176950,1152.1,53990.9,TMI_nT
463700,6176975,1156.5,54003.6,TMI_nT
463700,6177000,1148.3,54003.7,TMI_nT
463700,6177025,1146.3,54017.6,TMI_nT
463700,6177050,1161.4,54001.1,TMI_nT
463700,6177075,1165.9,54005.8,TMI_nT
463700,6177100,1145.8,53998.8,TMI_nT
463700,6177125,1157.4,54000.2,TMI_nT
463700,6177150,1154.3,53976.4,TMI_nT
463700,6177175,1154.0,53969.1,TMI_nT
463700,6177200,1149.0,53958.7,TMI_nT
463700,6177225,1153.6,53964.1,TMI_nT
463700,6177250,1151.7,53910.5,TMI_nT
463700,6177275,1152.5,53902.3,TMI_nT
463700,6177300,1152.9,53884.7,TMI_nT
463700,6177325,1137.5,53833.9,TMI_nT
463700,6177350,1149.8,53839.8,TMI_nT
463700,6177375,1154.2,53804.4,TMI_nT
463700,6177400,1136.5,53744.1,TMI_nT
463700,6177425,1154.1,53716.0,TMI_nT
463700,6177450,1148.4,53688.2,TMI_nT
463700,6177475,1135.5,53624.2,TMI_nT
463700,6177500,1152.0,53571.9,TMI_nT
463700,6177525,1143.0,53531.7,TMI_nT
463700,6177550,1162.8,53511.7,TMI_nT
463700,6177575,1150.8,53443.9,TMI_nT
463700,6177600,1161.9,53418.2,TMI_nT
463700,6177625,1154.8,53398.4,TMI_nT
463700,6177650,1160.6,53363.1,TMI_nT
463700,6177675,1164.9,53356.9,TMI_nT
463700,6177700,1144.8,53367.6,TMI_nT
463700,6177725,1151.9,53362.8,TMI_nT
463700,6177750,1156.0,53363.7,TMI_nT
463700,6177775,1150.2,53383.6,TMI_nT
463700,6177800,1144.0,53400.9,TMI_nT
463700,6177825,1151.4,53439.9,TMI_nT
463700,6177850,1139.2,53487.6,TMI_nT
463700,6177875,1162.8,53515.5,TMI_nT
463700,6177900,1141.7,53548.1,TMI_nT
463700,6177925,1156.3,53588.7,TMI_nT
463700,6177950,1150.2,53628.5,TMI_nT
463700,6177975,1145.4,53678.7,TMI_nT
463700,6178000,1147.0,53724.4,TMI_nT
463700,6178025,1149.6,53762.6,TMI_nT
463700,6178050,1146.4,53806.3,TMI_nT
463700,6178075,1146.2,53841.4,TMI_nT
463700,6178100,1150.3,53859.4,TMI_nT
463700,6178125,1143.4,53869.8,TMI_nT
463700,6178150,1141.8,53904.5,TMI_nT
463700,6178175,1144.1,53928.5,TMI_nT
463700,6178200,1158.1,53936.0,TMI_nT
463700,6178225,1158.0,53984.8,TMI_nT
463700,6178250,1159.0,53973.9,TMI_nT
463700,6178275,1147.9,53982.5,TMI_nT
463700,6178300,1147.3,53986.7,TMI_nT
463700,6178325,1143.3,53964.0,TMI_nT
463700,6178350,1153.9,53984.4,TMI_nT
463700,6178375,1135.6,53991.5,TMI_nT
463700,6178400,1152.3,53999.1,TMI_nT
463700,6178425,1152.9,54010.3,TMI_nT
463700,6178450,1143.1,54030.9,TMI_nT
463700,6178475,1157.4,54018.8,TMI_nT
463700,6178500,1149.0,53995.8,TMI_nT
463700,6178525,1149.0,53994.9,TMI_nT
463700,6178550,1146.4,53998.7,TMI_nT
463700,6178575,1141.7,54004.0,TMI_nT
463700,6178600,1157.0,54017.6,TMI_nT
463700,6178625,1156.9,53995.8,TMI_nT
463700,6178650,1135.7,53991.5,TMI_nT
463700,6178675,1154.4,54007.8,TMI_nT
463700,6178700,1154.2,53995.1,TMI_nT
463700,6178725,1174.1,54027.4,TMI_nT
463700,6178750,1152.6,53993.3,TMI_nT
463700,6178775,1172.7,53988.9,TMI_nT
463700,6178800,1156.9,53998.4,TMI_nT
463700,6178825,1141.5,54004.6,TMI_nT
463700,6178850,1139.2,54000.9,TMI_nT
463700,6178875,1147.9,53995.6,TMI_nT
463700,6178900,1131.8,54005.9,TMI_nT
463700,6178925,1170.4,54002.3,TMI_nT
463700,6178950,1152.6,53991.6,TMI_nT
463700,6178975,1127.4,53997.8,TMI_nT
463700,6179000,1144.5,53990.9,TMI_nT
463700,6179025,1149.7,54012.9,TMI_nT
463700,6179050,1155.4,54000.0,TMI_nT
463700,6179075,1148.7,54004.0,TMI_nT
463700,6179100,1139.0,54010.4,TMI_nT
463700,6179125,1160.0,53999.8,TMI_nT
463700,6179150,1143.7,53976.5,TMI_nT
463700,6179175,1151.8,54004.0,TMI_nT
463700,6179200,1153.4,53998.0,TMI_nT
463700,6179225,1157.8,53991.3,TMI_nT
463700,6179250,1164.5,54004.1,TMI_nT
463700,6179275,1154.4,54011.9,TMI_nT
463700,6179300,1143.6,54018.6,TMI_nT
463700,6179325,1136.0,53998.0,TMI_nT
463700,6179350,1163.2,54011.8,TMI_nT
463700,6179375,1140.3,53995.5,TMI_nT
463700,6179400,1144.1,54014.7,TMI_nT
463700,6179425,1162.3,53995.0,TMI_nT
463700,6179450,1148.5,53996.7,TMI_nT
463700,6179475,1154.7,54020.2,TMI_nT
463700,6179500,1162.0,53988.0,TMI_nT
463700,6179525,1158.1,53979.8,TMI_nT
463700,6179550,1145.8,54006.5,TMI_nT
463700,6179575,1141.1,53991.2,TMI_nT
463700,6179600,1151.0,54021.1,TMI_nT
463700,6179625,1154.6,53992.7,TMI_nT
463700,6179650,1152.6,54014.7,TMI_nT
463700,6179675,1157.6,54008.5,TMI_nT
463700,6179700,1152.5,54000.7,TMI_nT
463700,6179725,1142.1,53998.5,TMI_nT
463700,6179750,1153.6,53984.6,TMI_nT
463700,6179775,1149.8,53991.2,TMI_nT
463700,6179800,1157.8,53996.6,TMI_nT
463700,6179825,1152.5,54002.9,TMI_nT
463700,6179850,1148.9,53996.0,TMI_nT
463700,6179875,1152.0,53995.2,TMI_nT
463700,6179900,1149.8,53978.5,TMI_nT
463700,6179925,1153.1,54003.5,TMI_nT
463700,6179950,1146.6,53986.1,TMI_nT
463700,6179975,1145.7,53994.3,TMI_nT
463700,6180000,1141.3,53984.2,TMI_nT
463700,6180025,1153.1,53998.8,TMI_nT
463700,6180050,1143.0,54000.4,TMI_nT
463700,6180075,1148.4,54003.1,TMI_nT
463700,6180100,1142.6,53992.5,TMI_nT
463700,6180125,1155.7,53992.2,TMI_nT
463700,6180150,1149.0,53996.0,TMI_nT
463700,6180175,1172.3,53986.1,TMI_nT
463700,6180200,1133.8,53970.8,TMI_nT
463700,6180225,1151.6,53991.6,TMI_nT
463700,6180250,1154.1,54019.1,TMI_nT
463700,6180275,1157.4,54001.3,TMI_nT
463700,6180300,1134.4,53998.7,TMI_nT
463700,6180325,1151.7,54000.6,TMI_nT
463700,6180350,1144.2,54023.4,TMI_nT
463800,6176700,1139.1,54027.9,TMI_nT
463800,6176725,1151.1,54031.1,TMI_nT
463800,6176750,1155.6,54022.6,TMI_nT
463800,6176775,1150.8,54020.6,TMI_nT
463800,6176800,1148.7,54004.4,TMI_nT
463800,6176825,1149.1,54002.9,TMI_nT
463800,6176850,1151.4,53992.6,TMI_nT
463800,6176875,1159.6,54023.4,TMI_nT
463800,6176900,1151.2,54027.1,TMI_nT
463800,6176925,1148.0,54009.1,TMI_nT
463800,6176950,1155.7,54015.0,TMI_nT
463800,6176975,1139.2,54013.6,TMI_nT
463800,6177000,1153.8,54025.1,TMI_nT
463800,6177025,1150.4,54019.1,TMI_nT
463800,6177050,1165.5,54002.3,TMI_nT
463800,6177075,1136.5,53990.3,TMI_nT
463800,6177100,1151.9,54024.1,TMI_nT
463800,6177125,1145.3,53991.1,TMI_nT
463800,6177150,1164.9,53967.3,TMI_nT
463800,6177175,1154.1,53993.7,TMI_nT
463800,6177200,1142.7,53987.5,TMI_nT
463800,6177225,1158.7,53973.9,TMI_nT
463800,6177250,1154.8,53930.8,TMI_nT
463800,6177275,1150.8,53953.1,TMI_nT
463800,6177300,1148.7,53918.2,TMI_nT
463800,6177325,1152.9,53905.8,TMI_nT
463800,6177350,1156.1,53885.2,TMI_nT
463800,6177375,1145.8,53863.5,TMI_nT
463800,6177400,1148.7,53859.9,TMI_nT
463800,6177425,1139.6,53826.8,TMI_nT
463800,6177450,1138.4,53812.1,TMI_nT
463800,6177475,1148.2,53767.7,TMI_nT
463800,6177500,1147.8,53730.0,TMI_nT
463800,6177525,1163.9,53727.3,TMI_nT
463800,6177550,1147.1,53684.3,TMI_nT
463800,6177575,1163.7,53641.6,TMI_nT
463800,6177600,1142.7,53631.1,TMI_nT
463800,6177625,1155.9,53628.7,TMI_nT
463800,6177650,1167.4,53633.4,TMI_nT
463800,6177675,1146.2,53616.4,TMI_nT
463800,6177700,1148.6,53596.7,TMI_nT
463800,6177725,1157.6,53616.4,TMI_nT
463800,6177750,1134.8,53621.3,TMI_nT
463800,6177775,1161.7,53618.9,TMI_nT
463800,6177800,1149.4,53635.3,TMI_nT
463800,6177825,1149.4,53694.1,TMI_nT
463800,6177850,1164.7,53701.2,TMI_nT
463800,6177875,1146.5,53718.1,TMI_nT
463800,6177900,1143.1,53708.0,TMI_nT
463800,6177925,1154.7,53770.2,TMI_nT
463800,6177950,1141.2,53803.6,TMI_nT
463800,6177975,1133.6,53818.4,TMI_nT
463800,6178000,1154.2,53830.8,TMI_nT
463800,6178025,1156.5,53838.9,TMI_nT
463800,6178050,1138.5,53908.8,TMI_nT
463800,6178075,1163.7,53903.5,TMI_nT
463800,6178100,1153.2,53930.1,TMI_nT
463800,6178125,1139.0,53940.6,TMI_nT
463800,6178150,1160.3,53950.8,TMI_nT
463800,6178175,1155.8,53964.5,TMI_nT
463800,6178200,1143.0,53968.3,TMI_nT
463800,6178225,1141.6,53975.0,TMI_nT
463800,6178250,1149.8,53970.0,TMI_nT
463800,6178275,1142.5,53988.4,TMI_nT
463800,6178300,1142.5,54003.3,TMI_nT
463800,6178325,1154.0,54002.9,TMI_nT
463800,6178350,1152.7,54020.0,TMI_nT
463800,6178375,1150.6,54011.1,TMI_nT
463800,6178400,1156.8,53985.9,TMI_nT
463800,6178425,1149.0,54023.8,TMI_nT
463800,6178450,1157.4,54029.4,TMI_nT
463800,6178475,1148.6,54028.6,TMI_nT
463800,6178500,1150.4,53994.3,TMI_nT
463800,6178525,1151.6,53996.3,TMI_nT
463800,6178550,1151.3,54002.2,TMI_nT
463800,6178575,1142.2,54004.0,TMI_nT
463800,6178600,1160.2,53998.7,TMI_nT
463800,6178625,1139.3,54004.3,TMI_nT
463800,6178650,1147.4,53980.7,TMI_nT
463800,6178675,1140.6,54008.2,TMI_nT
463800,6178700,1154.5,53983.3,TMI_nT
463800,6178725,1157.0,54043.0,TMI_nT
463800,6178750,1149.1,53992.6,TMI_nT
463800,6178775,1139.8,54003.1,TMI_nT
463800,6178800,1148.9,53987.5,TMI_nT
463800,6178825,1152.0,54013.8,TMI_nT
463800,6178850,1154.1,53996.0,TMI_nT
463800,6178875,1142.1,54010.4,TMI_nT
463800,6178900,1155.2,53989.4,TMI_nT
463800,6178925,1153.2,54017.5,TMI_nT
463800,6178950,1161.7,54018.0,TMI_nT
463800,6178975,1153.8,53985.4,TMI_nT
463800,6179000,1159.1,54019.4,TMI_nT
463800,6179025,1145.3,54020.6,TMI_nT
463800,6179050,1156.2,54011.6,TMI_nT
463800,6179075,1151.5,53996.1,TMI_nT
463800,6179100,1143.2,53987.2,TMI_nT
463800,6179125,1158.4,54007.0,TMI_nT
463800,6179150,1162.3,54003.0,TMI_nT
463800,6179175,1142.1,54020.8,TMI_nT
463800,6179200,1146.0,54001.6,TMI_nT
463800,6179225,1155.7,54012.6,TMI_nT
463800,6179250,1157.4,53993.1,TMI_nT
463800,6179275,1159.4,53986.7,TMI_nT
463800,6179300,1148.6,53973.1,TMI_nT
463800,6179325,1155.4,53993.8,TMI_nT
463800,6179350,1132.5,54005.2,TMI_nT
463800,6179375,1145.3,53986.0,TMI_nT
463800,6179400,1163.1,54016.2,TMI_nT
463800,6179425,1161.4,54010.1,TMI_nT
463800,6179450,1153.3,53992.8,TMI_nT
463800,6179475,1141.4,54003.2,TMI_nT
463800,6179500,1147.1,53997.4,TMI_nT
463800,6179525,1154.0,54007.0,TMI_nT
463800,6179550,1145.7,53994.8,TMI_nT
463800,6179575,1154.0,53978.5,TMI_nT
463800,6179600,1149.8,54000.0,TMI_nT
463800,6179625,1146.0,54007.6,TMI_nT
463800,6179650,1145.2,53989.4,TMI_nT
463800,6179675,1151.7,53996.8,TMI_nT
463800,6179700,1146.5,53993.5,TMI_nT
463800,6179725,1146.7,53984.7,TMI_nT
463800,6179750,1144.7,53979.6,TMI_nT
463800,6179775,1151.4,54007.0,TMI_nT
463800,6179800,1148.2,53998.5,TMI_nT
463800,6179825,1140.6,54011.1,TMI_nT
463800,6179850,1144.3,54005.5,TMI_nT
463800,6179875,1148.8,54003.4,TMI_nT
463800,6179900,1152.5,53993.5,TMI_nT
463800,6179925,1140.3,53992.1,TMI_nT
463800,6179950,1140.0,53994.0,TMI_nT
463800,6179975,1145.1,54001.4,TMI_nT
463800,6180000,1152.9,53984.4,TMI_nT
463800,6180025,1148.5,54004.3,TMI_nT
463800,6180050,1157.3,53995.9,TMI_nT
463800,6180075,1152.1,53996.0,TMI_nT
463800,6180100,1154.5,53985.6,TMI_nT
463800,6180125,1154.1,53997.4,TMI_nT
463800,6180150,1144.0,53995.7,TMI_nT
463800,6180175,1148.3,53984.5,TMI_nT
463800,6180200,1139.6,53993.3,TMI_nT
463800,6180225,1158.2,54013.7,TMI_nT
463800,6180250,1132.9,53974.2,TMI_nT
463800,6180275,1151.3,53980.3,TMI_nT
463800,6180300,1140.5,54030.6,TMI_nT
463800,6180325,1160.7,53994.5,TMI_nT
463800,6180350,1158.9,53992.3,TMI_nT
463900,6176700,1149.8,54024.8,TMI_nT
463900,6176725,1157.5,54024.1,TMI_nT
463900,6176750,1148.6,53996.5,TMI_nT
463900,6176775,1150.2,54005.7,TMI_nT
463900,6176800,1142.0,53998.6,TMI_nT
463900,6176825,1149.9,54013.7,TMI_nT
463900,6176850,1151.7,54029.5,TMI_nT
463900,6176875,1160.5,54029.8,TMI_nT
463900,6176900,1121.7,54026.1,TMI_nT
463900,6176925,1153.7,54002.9,TMI_nT
463900,6176950,1145.8,53995.9,TMI_nT
463900,6176975,1150.4,54019.4,TMI_nT
463900,6177000,1163.9,54006.6,TMI_nT
463900,6177025,1158.9,54005.0,TMI_nT
463900,6177050,1150.8,54008.4,TMI_nT
463900,6177075,1143.3,54003.5,TMI_nT
463900,6177100,1139.1,54003.5,TMI_nT
463900,6177125,1150.9,54011.4,TMI_nT
463900,6177150,1156.4,53996.1,TMI_nT
463900,6177175,1134.3,53985.6,TMI_nT
463900,6177200,1139.0,53999.1,TMI_nT
463900,6177225,1151.3,53972.4,TMI_nT
463900,6177250,1143.8,53994.8,TMI_nT
463900,6177275,1162.1,53965.6,TMI_nT
463900,6177300,1156.8,53951.3,TMI_nT
463900,6177325,1144.2,53964.2,TMI_nT
463900,6177350,1143.1,53947.0,TMI_nT
463900,6177375,1148.8,53929.2,TMI_nT
463900,6177400,1136.8,53916.2,TMI_nT
463900,6177425,1145.2,53920.0,TMI_nT
463900,6177450,1148.8,53907.2,TMI_nT
463900,6177475,1154.5,53917.2,TMI_nT
463900,6177500,1139.0,53853.1,TMI_nT
463900,6177525,1146.6,53844.8,TMI_nT
463900,6177550,1141.0,53822.7,TMI_nT
463900,6177575,1137.5,53830.9,TMI_nT
463900,6177600,1151.9,53819.3,TMI_nT
463900,6177625,1154.8,53800.2,TMI_nT
463900,6177650,1158.7,53807.2,TMI_nT
463900,6177675,1148.3,53810.4,TMI_nT
463900,6177700,1153.7,53799.4,TMI_nT
463900,6177725,1136.5,53807.3,TMI_nT
463900,6177750,1145.5,53817.9,TMI_nT
463900,6177775,1151.4,53826.8,TMI_nT
463900,6177800,1150.0,53813.9,TMI_nT
463900,6177825,1144.0,53849.4,TMI_nT
463900,6177850,1148.0,53823.4,TMI_nT
463900,6177875,1162.7,53872.0,TMI_nT
463900,6177900,1133.0,53883.0,TMI_nT
463900,6177925,1146.2,53881.7,TMI_nT
463900,6177950,1141.2,53896.3,TMI_nT
463900,6177975,1140.5,53908.7,TMI_nT
463900,6178000,1150.5,53952.8,TMI_nT
463900,6178025,1140.1,53930.8,TMI_nT
463900,6178050,1154.7,53959.5,TMI_nT
463900,6178075,1152.8,53971.9,TMI_nT
463900,6178100,1144.2,53961.1,TMI_nT
463900,6178125,1146.8,53965.2,TMI_nT
463900,6178150,1145.6,53989.1,TMI_nT
463900,6178175,1156.0,53989.7,TMI_nT
463900,6178200,1157.8,53985.4,TMI_nT
463900,6178225,1153.1,53999.6,TMI_nT
463900,6178250,1151.4,53997.2,TMI_nT
463900,6178275,1143.3,53989.5,TMI_nT
463900,6178300,1157.2,54004.6,TMI_nT
463900,6178325,1154.0,54000.2,TMI_nT
463900,6178350,1143.7,54001.3,TMI_nT
463900,6178375,1153.1,54004.9,TMI_nT
463900,6178400,1145.2,53997.0,TMI_nT
463900,6178425,1151.5,53999.7,TMI_nT
463900,6178450,1152.2,53988.2,TMI_nT
463900,6178475,1151.6,54009.1,TMI_nT
463900,6178500,1152.2,53999.3,TMI_nT
463900,6178525,1143.9,53992.8,TMI_nT
463900,6178550,1139.4,54015.6,TMI_nT
463900,6178575,1145.4,53998.3,TMI_nT
463900,6178600,1138.5,54013.7,TMI_nT
463900,6178625,1141.3,53998.8,TMI_nT
463900,6178650,1147.8,54025.6,TMI_nT
463900,6178675,1150.9,53999.5,TMI_nT
463900,6178700,1133.4,54016.0,TMI_nT
463900,6178725,1151.7,53992.5,TMI_nT
463900,6178750,1138.5,53997.8,TMI_nT
463900,6178775,1151.3,53996.8,TMI_nT
463900,6178800,1165.7,54009.1,TMI_nT
463900,6178825,1138.2,53985.4,TMI_nT
463900,6178850,1157.8,53990.5,TMI_nT
463900,6178875,1137.8,53994.1,TMI_nT
463900,6178900,1144.1,54014.5,TMI_nT
463900,6178925,1151.7,54018.1,TMI_nT
463900,6178950,1157.2,53996.7,TMI_nT
463900,6178975,1162.0,54014.3,TMI_nT
463900,6179000,1147.5,53999.4,TMI_nT
463900,6179025,1158.9,54022.0,TMI_nT
463900,6179050,1143.2,54007.3,TMI_nT
463900,6179075,1138.6,53991.5,TMI_nT
463900,6179100,1148.3,53992.1,TMI_nT
463900,6179125,1155.8,53989.6,TMI_nT
463900,6179150,1143.6,53972.9,TMI_nT
463900,6179175,1154.9,53995.5,TMI_nT
463900,6179200,1140.2,54009.9,TMI_nT
463900,6179225,1141.6,54006.2,TMI_nT
463900,6179250,1140.2,54006.9,TMI_nT
463900,6179275,1161.7,54004.8,TMI_nT
463900,6179300,1158.7,54027.7,TMI_nT
463900,6179325,1145.8,53990.7,TMI_nT
463900,6179350,1145.1,53991.8,TMI_nT
463900,6179375,1145.0,53981.9,TMI_nT
463900,6179400,1167.9,54016.2,TMI_nT
463900,6179425,1151.6,54007.9,TMI_nT
463900,6179450,1137.4,54010.7,TMI_nT
463900,6179475,1156.4,53992.4,TMI_nT
463900,6179500,1147.1,53999.6,TMI_nT
463900,6179525,1134.7,54012.6,TMI_nT
463900,6179550,1143.5,54016.2,TMI_nT
463900,6179575,1150.0,54008.9,TMI_nT
463900,6179600,1157.9,54010.7,TMI_nT
463900,6179625,1156.7,53989.8,TMI_nT
463900,6179650,1161.4,54007.9,TMI_nT
463900,6179675,1159.5,53995.4,TMI_nT
463900,6179700,1146.5,54010.3,TMI_nT
463900,6179725,1147.0,54013.5,TMI_nT
463900,6179750,1149.2,54012.4,TMI_nT
463900,6179775,1150.5,54002.6,TMI_nT
463900,6179800,1149.3,54013.4,TMI_nT
463900,6179825,1154.8,54008.1,TMI_nT
463900,6179850,1157.4,53990.7,TMI_nT
463900,6179875,1154.1,54018.6,TMI_nT
463900,6179900,1143.2,54005.7,TMI_nT
463900,6179925,1137.7,54016.2,TMI_nT
463900,6179950,1162.4,54002.3,TMI_nT
463900,6179975,1154.3,53992.2,TMI_nT
463900,6180000,1155.3,53991.7,TMI_nT
463900,6180025,1146.7,53983.3,TMI_nT
463900,6180050,1150.8,53992.5,TMI_nT
463900,6180075,1162.1,53979.7,TMI_nT
463900,6180100,1146.1,54003.7,TMI_nT
463900,6180125,1149.8,54017.8,TMI_nT
463900,6180150,1152.3,54002.9,TMI_nT
463900,6180175,1151.3,54018.8,TMI_nT
463900,6180200,1150.7,53986.8,TMI_nT
463900,6180225,1149.8,54004.5,TMI_nT
463900,6180250,1143.5,53991.6,TMI_nT
463900,6180275,1153.8,53978.9,TMI_nT
463900,6180300,1144.9,53989.2,TMI_nT
463900,6180325,1158.6,54005.2,TMI_nT
463900,6180350,1147.2,53986.6,TMI_nT
464000,6176700,1154.0,54009.7,TMI_nT
464000,6176725,1143.6,54001.8,TMI_nT
464000,6176750,1145.2,54019.2,TMI_nT
464000,6176775,1149.9,54001.7,TMI_nT
464000,6176800,1147.8,54003.0,TMI_nT
464000,6176825,1148.6,54029.3,TMI_nT
464000,6176850,1146.2,54012.1,TMI_nT
464000,6176875,1151.4,53995.3,TMI_nT
464000,6176900,1160.1,54025.6,TMI_nT
464000,6176925,1147.6,54047.5,TMI_nT
464000,6176950,1141.2,54015.5,TMI_nT
464000,6176975,1157.9,54035.0,TMI_nT
464000,6177000,1154.8,54024.0,TMI_nT
464000,6177025,1129.7,54010.5,TMI_nT
464000,6177050,1155.3,54026.6,TMI_nT
464000,6177075,1143.4,54014.1,TMI_nT
464000,6177100,1152.4,54020.6,TMI_nT
464000,6177125,1141.1,54011.7,TMI_nT
464000,6177150,1149.3,53994.6,TMI_nT
464000,6177175,1141.7,54005.3,TMI_nT
464000,6177200,1146.5,54025.6,TMI_nT
464000,6177225,1152.1,54001.8,TMI_nT
464000,6177250,1143.8,54017.6,TMI_nT
464000,6177275,1139.8,53994.7,TMI_nT
464000,6177300,1153.4,54005.9,TMI_nT
464000,6177325,1152.3,53991.2,TMI_nT
464000,6177350,1149.1,54006.6,TMI_nT
464000,6177375,1145.4,53972.8,TMI_nT
464000,6177400,1154.7,53986.8,TMI_nT
464000,6177425,1144.8,53974.4,TMI_nT
464000,6177450,1154.8,53969.2,TMI_nT
464000,6177475,1148.9,53957.8,TMI_nT
464000,6177500,1153.2,53956.1,TMI_nT
464000,6177525,1147.5,53938.8,TMI_nT
464000,6177550,1154.8,53918.4,TMI_nT
464000,6177575,1162.4,53932.6,TMI_nT
464000,6177600,1151.4,53908.2,TMI_nT
464000,6177625,1144.4,53933.2,TMI_nT
464000,6177650,1152.3,53929.3,TMI_nT
464000,6177675,1148.1,53928.3,TMI_nT
464000,6177700,1150.6,53883.4,TMI_nT
464000,6177725,1144.2,53923.4,TMI_nT
464000,6177750,1154.2,53908.1,TMI_nT
464000,6177775,1162.6,53931.5,TMI_nT
464000,6177800,1159.5,53920.8,TMI_nT
464000,6177825,1146.0,53935.1,TMI_nT
464000,6177850,1157.0,53946.0,TMI_nT
464000,6177875,1162.6,53939.2,TMI_nT
464000,6177900,1140.1,53951.5,TMI_nT
464000,6177925,1158.6,53943.6,TMI_nT
464000,6177950,1150.7,53956.5,TMI_nT
464000,6177975,1149.1,53970.1,TMI_nT
464000,6178000,1146.1,53986.0,TMI_nT
464000,6178025,1131.6,53966.0,TMI_nT
464000,6178050,1147.9,53982.5,TMI_nT
464000,6178075,1144.4,54002.9,TMI_nT
464000,6178100,1147.7,54003.9,TMI_nT
464000,6178125,1142.2,54015.4,TMI_nT
464000,6178150,1155.4,53992.6,TMI_nT
464000,6178175,1156.8,54013.9,TMI_nT
464000,6178200,1158.7,53985.5,TMI_nT
464000,6178225,1137.0,54002.9,TMI_nT
464000,6178250,1147.2,53997.4,TMI_nT
464000,6178275,1160.4,53995.5,TMI_nT
464000,6178300,1159.1,54012.2,TMI_nT
464000,6178325,1136.6,53995.7,TMI_nT
464000,6178350,1150.3,54012.0,TMI_nT
464000,6178375,1155.3,54017.2,TMI_nT
464000,6178400,1156.4,54008.9,TMI_nT
464000,6178425,1151.6,54008.0,TMI_nT
464000,6178450,1160.3,54030.8,TMI_nT
464000,6178475,1137.3,53994.5,TMI_nT
464000,6178500,1146.5,54023.4,TMI_nT
464000,6178525,1146.1,54005.4,TMI_nT
464000,6178550,1146.7,54010.9,TMI_nT
464000,6178575,1135.7,53992.6,TMI_nT
464000,6178600,1141.6,53978.1,TMI_nT
464000,6178625,1142.5,54021.4,TMI_nT
464000,6178650,1159.0,54006.3,TMI_nT
464000,6178675,1145.5,54022.3,TMI_nT
464000,6178700,1147.0,54014.9,TMI_nT
464000,6178725,1157.7,53983.0,TMI_nT
464000,6178750,1143.0,54007.5,TMI_nT
464000,6178775,1152.7,54008.6,TMI_nT
464000,6178800,1142.3,54008.0,TMI_nT
464000,6178825,1152.4,54003.8,TMI_nT
464000,6178850,1148.3,54014.8,TMI_nT
464000,6178875,1153.4,53992.7,TMI_nT
464000,6178900,1145.2,54020.4,TMI_nT
464000,6178925,1158.4,54011.6,TMI_nT
464000,6178950,1160.8,54018.1,TMI_nT
464000,6178975,1161.3,54008.7,TMI_nT
464000,6179000,1143.4,54021.4,TMI_nT
464000,6179025,1151.9,54008.8,TMI_nT
464000,6179050,1147.4,53996.8,TMI_nT
464000,6179075,1155.7,53980.8,TMI_nT
464000,6179100,1159.2,54015.0,TMI_nT
464000,6179125,1145.2,54020.9,TMI_nT
464000,6179150,1162.3,54002.7,TMI_nT
464000,6179175,1144.1,54017.5,TMI_nT
464000,6179200,1148.2,53976.1,TMI_nT
464000,6179225,1150.5,53991.5,TMI_nT
464000,6179250,1138.4,54015.9,TMI_nT
464000,6179275,1140.3,54007.4,TMI_nT
464000,6179300,1150.4,54033.8,TMI_nT
464000,6179325,1141.6,54009.6,TMI_nT
464000,6179350,1142.3,53978.2,TMI_nT
464000,6179375,1159.4,53992.2,TMI_nT
464000,6179400,1156.6,53989.8,TMI_nT
464000,6179425,1149.1,54008.6,TMI_nT
464000,6179450,1145.6,53973.6,TMI_nT
464000,6179475,1154.3,54014.9,TMI_nT
464000,6179500,1138.5,54005.0,TMI_nT
464000,6179525,1152.0,54004.6,TMI_nT
464000,6179550,1153.5,53997.2,TMI_nT
464000,6179575,1133.9,53994.4,TMI_nT
464000,6179600,1144.5,53995.1,TMI_nT
464000,6179625,1155.8,54017.3,TMI_nT
464000,6179650,1145.6,54002.0,TMI_nT
464000,6179675,1162.0,54009.2,TMI_nT
464000,6179700,1144.9,53990.8,TMI_nT
464000,6179725,1153.8,54016.1,TMI_nT
464000,6179750,1159.2,53996.9,TMI_nT
464000,6179775,1142.5,54008.7,TMI_nT
464000,6179800,1149.9,54005.3,TMI_nT
464000,6179825,1154.9,54021.7,TMI_nT
464000,6179850,1151.1,54007.6,TMI_nT
464000,6179875,1138.9,54008.0,TMI_nT
464000,6179900,1153.1,53984.1,TMI_nT
464000,6179925,1146.8,54006.3,TMI_nT
464000,6179950,1141.3,53977.4,TMI_nT
464000,6179975,1151.0,54007.8,TMI_nT
464000,6180000,1142.6,53993.5,TMI_nT
464000,6180025,1148.8,54004.3,TMI_nT
464000,6180050,1146.0,53999.1,TMI_nT
464000,6180075,1152.3,54002.7,TMI_nT
464000,6180100,1163.3,53993.3,TMI_nT
464000,6180125,1151.3,53993.6,TMI_nT
464000,6180150,1142.0,53982.0,TMI_nT
464000,6180175,1155.8,54011.5,TMI_nT
464000,6180200,1144.6,54003.0,TMI_nT
464000,6180225,1142.1,54004.5,TMI_nT
464000,6180250,1129.0,54013.0,TMI_nT
464000,6180275,1143.6,53995.5,TMI_nT
464000,6180300,1148.4,54015.5,TMI_nT
464000,6180325,1161.6,54014.7,TMI_nT
464000,6180350,1136.9,54005.3,TMI_nT
464100,6176700,1146.0,54006.2,TMI_nT
464100,6176725,1153.0,54019.9,TMI_nT
464100,6176750,1156.3,53999.0,TMI_nT
464100,6176775,1147.2,54002.7,TMI_nT
464100,6176800,1149.0,54017.9,TMI_nT
464100,6176825,1159.1,54033.5,TMI_nT
464100,6176850,1141.0,53998.7,TMI_nT
464100,6176875,1150.9,54028.3,TMI_nT
464100,6176900,1150.2,54021.9,TMI_nT
464100,6176925,1156.2,54029.0,TMI_nT
464100,6176950,1144.6,54023.5,TMI_nT
464100,6176975,1137.1,54021.2,TMI_nT
464100,6177000,1144.9,54010.9,TMI_nT
464100,6177025,1142.5,54004.2,TMI_nT
464100,6177050,1159.9,53989.2,TMI_nT
464100,6177075,1148.6,54010.5,TMI_nT
464100,6177100,1158.5,54018.7,TMI_nT
464100,6177125,1146.5,54028.3,TMI_nT
464100,6177150,1142.8,54014.0,TMI_nT
464100,6177175,1150.2,54020.0,TMI_nT
464100,6177200,1156.6,54021.4,TMI_nT
464100,6177225,1154.3,54019.0,TMI_nT
464100,6177250,1140.1,54009.7,TMI_nT
464100,6177275,1163.5,54011.4,TMI_nT
464100,6177300,1144.6,54001.0,TMI_nT
464100,6177325,1163.4,54012.1,TMI_nT
464100,6177350,1130.7,53990.5,TMI_nT
464100,6177375,1150.8,53993.8,TMI_nT
464100,6177400,1147.9,53997.5,TMI_nT
464100,6177425,1144.8,53991.1,TMI_nT
464100,6177450,1152.9,53985.0,TMI_nT
464100,6177475,1137.3,53999.6,TMI_nT
464100,6177500,1153.5,54009.5,TMI_nT
464100,6177525,1147.7,53995.0,TMI_nT
464100,6177550,1141.0,53989.4,TMI_nT
464100,6177575,1161.3,54003.5,TMI_nT
464100,6177600,1139.5,53980.1,TMI_nT
464100,6177625,1154.7,53978.0,TMI_nT
464100,6177650,1143.6,53976.0,TMI_nT
464100,6177675,1143.0,53982.1,TMI_nT
464100,6177700,1157.6,53996.0,TMI_nT
464100,6177725,1144.3,53988.1,TMI_nT
464100,6177750,1158.9,53983.2,TMI_nT
464100,6177775,1151.6,53956.6,TMI_nT
464100,6177800,1164.5,53999.8,TMI_nT
464100,6177825,1152.2,53973.1,TMI_nT
464100,6177850,1159.6,53998.7,TMI_nT
464100,6177875,1133.9,53966.0,TMI_nT
464100,6177900,1154.0,53991.9,TMI_nT
464100,6177925,1147.4,53990.6,TMI_nT
464100,6177950,1161.8,54009.4,TMI_nT
464100,6177975,1151.3,53988.9,TMI_nT
464100,6178000,1163.9,53984.0,TMI_nT
464100,6178025,1141.4,53982.7,TMI_nT
464100,6178050,1141.6,53990.4,TMI_nT
464100,6178075,1168.6,54017.8,TMI_nT
464100,6178100,1147.3,54006.8,TMI_nT
464100,6178125,1142.7,54013.4,TMI_nT
464100,6178150,1149.7,54021.6,TMI_nT
464100,6178175,1144.5,54011.3,TMI_nT
464100,6178200,1137.0,54004.4,TMI_nT
464100,6178225,1157.1,54007.5,TMI_nT
464100,6178250,1141.9,53985.4,TMI_nT
464100,6178275,1147.5,54002.1,TMI_nT
464100,6178300,1149.6,54006.9,TMI_nT
464100,6178325,1149.7,54011.5,TMI_nT
464100,6178350,1152.5,53988.0,TMI_nT
464100,6178375,1152.1,54022.6,TMI_nT
464100,6178400,1151.9,53986.9,TMI_nT
464100,6178425,1142.1,54013.9,TMI_nT
464100,6178450,1160.2,54009.0,TMI_nT
464100,6178475,1151.0,54027.4,TMI_nT
464100,6178500,1148.7,54014.0,TMI_nT
464100,6178525,1161.1,54003.0,TMI_nT
464100,6178550,1154.9,54019.3,TMI_nT
464100,6178575,1161.7,54001.4,TMI_nT
464100,6178600,1139.7,54020.1,TMI_nT
464100,6178625,1151.3,54020.6,TMI_nT
464100,6178650,1133.9,54010.7,TMI_nT
464100,6178675,1157.9,53989.7,TMI_nT
464100,6178700,1156.5,53998.0,TMI_nT
464100,6178725,1138.2,53991.2,TMI_nT
464100,6178750,1157.3,54029.9,TMI_nT
464100,6178775,1151.8,54005.4,TMI_nT
464100,6178800,1152.8,53998.3,TMI_nT
464100,6178825,1146.7,54020.9,TMI_nT
464100,6178850,1136.5,54012.4,TMI_nT
464100,6178875,1158.0,54028.1,TMI_nT
464100,6178900,1147.3,54006.0,TMI_nT
464100,6178925,1146.0,54023.2,TMI_nT
464100,6178950,1147.5,54010.6,TMI_nT
464100,6178975,1158.3,53995.0,TMI_nT
464100,6179000,1153.7,54001.1,TMI_nT
464100,6179025,1148.9,54001.7,TMI_nT
464100,6179050,1144.8,54003.7,TMI_nT
464100,6179075,1149.3,54014.5,TMI_nT
464100,6179100,1156.0,54016.0,TMI_nT
464100,6179125,1146.1,54020.2,TMI_nT
464100,6179150,1148.6,54013.4,TMI_nT
464100,6179175,1144.3,54005.0,TMI_nT
464100,6179200,1155.0,53999.5,TMI_nT
464100,6179225,1144.2,54001.0,TMI_nT
464100,6179250,1152.9,54015.2,TMI_nT
464100,6179275,1150.8,53990.3,TMI_nT
464100,6179300,1158.8,54018.3,TMI_nT
464100,6179325,1141.1,53998.3,TMI_nT
464100,6179350,1160.8,54000.2,TMI_nT
464100,6179375,1131.7,54013.4,TMI_nT
464100,6179400,1132.3,54014.7,TMI_nT
464100,6179425,1156.8,54027.5,TMI_nT
464100,6179450,1150.9,53999.5,TMI_nT
464100,6179475,1146.1,54012.0,TMI_nT
464100,6179500,1149.0,54009.6,TMI_nT
464100,6179525,1162.2,54000.9,TMI_nT
464100,6179550,1150.4,53979.3,TMI_nT
464100,6179575,1148.5,53987.0,TMI_nT
464100,6179600,1170.4,53995.1,TMI_nT
464100,6179625,1148.9,53997.3,TMI_nT
464100,6179650,1157.1,53996.0,TMI_nT
464100,6179675,1144.8,53997.2,TMI_nT
464100,6179700,1156.2,54025.6,TMI_nT
464100,6179725,1169.3,54006.3,TMI_nT
464100,6179750,1143.5,53995.4,TMI_nT
464100,6179775,1159.6,53993.4,TMI_nT
464100,6179800,1159.5,53995.4,TMI_nT
464100,6179825,1135.5,53995.1,TMI_nT
464100,6179850,1152.3,53993.0,TMI_nT
464100,6179875,1160.4,54016.8,TMI_nT
464100,6179900,1155.5,54006.8,TMI_nT
464100,6179925,1152.1,53970.6,TMI_nT
464100,6179950,1147.5,54002.7,TMI_nT
464100,6179975,1157.0,53994.1,TMI_nT
464100,6180000,1165.7,54015.7,TMI_nT
464100,6180025,1143.6,53999.6,TMI_nT
464100,6180050,1147.4,54024.4,TMI_nT
464100,6180075,1138.9,53995.5,TMI_nT
464100,6180100,1154.8,54006.6,TMI_nT
464100,6180125,1151.8,54011.6,TMI_nT
464100,6180150,1154.4,54007.9,TMI_nT
464100,6180175,1159.4,54007.5,TMI_nT
464100,6180200,1151.5,54011.4,TMI_nT
464100,6180225,1156.4,53994.7,TMI_nT
464100,6180250,1148.8,53994.1,TMI_nT
464100,6180275,1167.1,53992.3,TMI_nT
464100,6180300,1155.3,53989.1,TMI_nT
464100,6180325,1157.0,54008.8,TMI_nT
464100,6180350,1150.7,54000.1,TMI_nT
464200,6176700,1128.3,54013.6,TMI_nT
464200,6176725,1160.9,54006.7,TMI_nT
464200,6176750,1151.1,54006.0,TMI_nT
464200,6176775,1142.3,54047.3,TMI_nT
464200,6176800,1148.0,54009.5,TMI_nT
464200,6176825,1143.1,53991.5,TMI_nT
464200,6176850,1154.4,53998.2,TMI_nT
464200,6176875,1132.9,54012.3,TMI_nT
464200,6176900,1157.8,54024.9,TMI_nT
464200,6176925,1157.6,54010.7,TMI_nT
464200,6176950,1142.7,54022.0,TMI_nT
464200,6176975,1151.5,54018.2,TMI_nT
464200,6177000,1141.8,54004.7,TMI_nT
464200,6177025,1168.5,54019.5,TMI_nT
464200,6177050,1151.7,54014.0,TMI_nT
464200,6177075,1147.9,54001.6,TMI_nT
464200,6177100,1147.0,54011.7,TMI_nT
464200,6177125,1149.6,54006.1,TMI_nT
464200,6177150,1159.9,54007.0,TMI_nT
464200,6177175,1143.9,54038.1,TMI_nT
464200,6177200,1153.5,54008.8,TMI_nT
464200,6177225,1143.9,54019.9,TMI_nT
464200,6177250,1154.7,54005.7,TMI_nT
464200,6177275,1167.7,53992.5,TMI_nT
464200,6177300,1147.6,54015.3,TMI_nT
464200,6177325,1141.4,54009.4,TMI_nT
464200,6177350,1149.3,54032.2,TMI_nT
464200,6177375,1164.1,54004.8,TMI_nT
464200,6177400,1148.4,54021.7,TMI_nT
464200,6177425,1147.3,54013.9,TMI_nT
464200,6177450,1148.2,54003.6,TMI_nT
464200,6177475,1158.8,54010.8,TMI_nT
464200,6177500,1132.6,54030.3,TMI_nT
464200,6177525,1158.2,54033.7,TMI_nT
464200,6177550,1146.6,54005.4,TMI_nT
464200,6177575,1159.6,53982.2,TMI_nT
464200,6177600,1155.2,53991.0,TMI_nT
464200,6177625,1137.0,53998.7,TMI_nT
464200,6177650,1153.9,54008.4,TMI_nT
464200,6177675,1156.9,53991.9,TMI_nT
464200,6177700,1153.9,54024.7,TMI_nT
464200,6177725,1144.1,54008.2,TMI_nT
464200,6177750,1146.8,53990.6,TMI_nT
464200,6177775,1150.1,54004.1,TMI_nT
464200,6177800,1169.9,54001.2,TMI_nT
464200,6177825,1142.2,54010.8,TMI_nT
464200,6177850,1136.1,53990.0,TMI_nT
464200,6177875,1154.6,53992.8,TMI_nT
464200,6177900,1144.5,54001.9,TMI_nT
464200,6177925,1154.4,54013.0,TMI_nT
464200,6177950,1149.9,54010.8,TMI_nT
464200,6177975,1139.5,54006.4,TMI_nT
464200,6178000,1143.5,53985.2,TMI_nT
464200,6178025,1143.4,53998.3,TMI_nT
464200,6178050,1146.2,54006.0,TMI_nT
464200,6178075,1149.2,53992.8,TMI_nT
464200,6178100,1146.1,54012.7,TMI_nT
464200,6178125,1152.5,54018.8,TMI_nT
464200,6178150,1147.0,54013.8,TMI_nT
464200,6178175,1155.5,54014.2,TMI_nT
464200,6178200,1158.5,53986.2,TMI_nT
464200,6178225,1155.2,54003.2,TMI_nT
464200,6178250,1146.5,53981.7,TMI_nT
464200,6178275,1148.8,53989.0,TMI_nT
464200,6178300,1153.3,54011.6,TMI_nT
464200,6178325,1140.0,54009.6,TMI_nT
464200,6178350,1139.2,54024.9,TMI_nT
464200,6178375,1143.8,54005.2,TMI_nT
464200,6178400,1138.8,54001.9,TMI_nT
464200,6178425,1156.0,54022.1,TMI_nT
464200,6178450,1148.8,54009.8,TMI_nT
464200,6178475,1149.1,53997.4,TMI_nT
464200,6178500,1150.7,53997.9,TMI_nT
464200,6178525,1148.0,54013.4,TMI_nT
464200,6178550,1154.7,54013.4,TMI_nT
464200,6178575,1165.8,54018.2,TMI_nT
464200,6178600,1140.1,53991.3,TMI_nT
464200,6178625,1148.4,53993.7,TMI_nT
464200,6178650,1145.8,53989.1,TMI_nT
464200,6178675,1155.8,54018.2,TMI_nT
464200,6178700,1156.8,54027.7,TMI_nT
464200,6178725,1145.8,54020.1,TMI_nT
464200,6178750,1157.0,54003.5,TMI_nT
464200,6178775,1134.7,54018.0,TMI_nT
464200,6178800,1142.2,53990.9,TMI_nT
464200,6178825,1160.5,53997.2,TMI_nT
464200,6178850,1152.6,54029.1,TMI_nT
464200,6178875,1165.5,54011.4,TMI_nT
464200,6178900,1154.5,54012.6,TMI_nT
464200,6178925,1153.0,54011.6,TMI_nT
464200,6178950,1155.8,54023.2,TMI_nT
464200,6178975,1146.9,54007.9,TMI_nT
464200,6179000,1136.7,54009.9,TMI_nT
464200,6179025,1151.0,54012.2,TMI_nT
464200,6179050,1140.7,54010.4,TMI_nT
464200,6179075,1151.5,54012.1,TMI_nT
464200,6179100,1153.0,54006.3,TMI_nT
464200,6179125,1138.3,53996.3,TMI_nT
464200,6179150,1132.4,54011.6,TMI_nT
464200,6179175,1166.5,54013.2,TMI_nT
464200,6179200,1156.8,54010.4,TMI_nT
464200,6179225,1158.4,54025.4,TMI_nT
464200,6179250,1143.0,54033.1,TMI_nT
464200,6179275,1153.9,54001.6,TMI_nT
464200,6179300,1149.9,53986.2,TMI_nT
464200,6179325,1160.4,54006.3,TMI_nT
464200,6179350,1156.1,54018.2,TMI_nT
464200,6179375,1150.5,54013.7,TMI_nT
464200,6179400,1156.1,54008.7,TMI_nT
464200,6179425,1144.2,54017.2,TMI_nT
464200,6179450,1149.4,54010.4,TMI_nT
464200,6179475,1159.2,54008.1,TMI_nT
464200,6179500,1142.6,54001.8,TMI_nT
464200,6179525,1145.4,53993.8,TMI_nT
464200,6179550,1148.7,54011.9,TMI_nT
464200,6179575,1156.2,53997.3,TMI_nT
464200,6179600,1155.6,54006.3,TMI_nT
464200,6179625,1165.1,54030.6,TMI_nT
464200,6179650,1152.7,54008.3,TMI_nT
464200,6179675,1160.2,54017.5,TMI_nT
464200,6179700,1140.2,53999.7,TMI_nT
464200,6179725,1151.8,54014.3,TMI_nT
464200,6179750,1154.3,54011.1,TMI_nT
464200,6179775,1145.9,53995.3,TMI_nT
464200,6179800,1148.7,54016.5,TMI_nT
464200,6179825,1147.8,53994.1,TMI_nT
464200,6179850,1145.9,54008.2,TMI_nT
464200,6179875,1156.5,54024.1,TMI_nT
464200,6179900,1151.8,53985.3,TMI_nT
464200,6179925,1176.4,54021.9,TMI_nT
464200,6179950,1150.2,53997.4,TMI_nT
464200,6179975,1154.5,53986.6,TMI_nT
464200,6180000,1152.3,54008.5,TMI_nT
464200,6180025,1156.3,53989.7,TMI_nT
464200,6180050,1160.9,54024.5,TMI_nT
464200,6180075,1149.6,54006.8,TMI_nT
464200,6180100,1148.9,54013.2,TMI_nT
464200,6180125,1136.3,53972.0,TMI_nT
464200,6180150,1160.6,54018.6,TMI_nT
464200,6180175,1143.6,54000.6,TMI_nT
464200,6180200,1139.7,53998.4,TMI_nT
464200,6180225,1164.0,53998.9,TMI_nT
464200,6180250,1143.6,53994.3,TMI_nT
464200,6180275,1151.6,53985.6,TMI_nT
464200,6180300,1155.2,53990.2,TMI_nT
464200,6180325,1163.5,53997.8,TMI_nT
464200,6180350,1153.8,54008.5,TMI_nT
464300,6176700,1150.2,53999.9,TMI_nT
464300,6176725,1152.7,54020.3,TMI_nT
464300,6176750,1151.0,54020.9,TMI_nT
464300,6176775,1130.7,54002.5,TMI_nT
464300,6176800,1158.1,54003.0,TMI_nT
464300,6176825,1159.1,54025.9,TMI_nT
464300,6176850,1151.8,54020.1,TMI_nT
464300,6176875,1136.3,54016.3,TMI_nT
464300,6176900,1144.8,54018.1,TMI_nT
464300,6176925,1142.1,54008.6,TMI_nT
464300,6176950,1157.3,54015.0,TMI_nT
464300,6176975,1142.2,54025.3,TMI_nT
464300,6177000,1149.4,54018.5,TMI_nT
464300,6177025,1157.5,53991.3,TMI_nT
464300,6177050,1154.6,54007.6,TMI_nT
464300,6177075,1156.2,54005.8,TMI_nT
464300,6177100,1152.1,54030.1,TMI_nT
464300,6177125,1144.8,54021.5,TMI_nT
464300,6177150,1141.0,54011.1,TMI_nT
464300,6177175,1159.5,54027.4,TMI_nT
464300,6177200,1150.3,54008.9,TMI_nT
464300,6177225,1139.5,54006.5,TMI_nT
464300,6177250,1140.4,54008.1,TMI_nT
464300,6177275,1152.4,53990.8,TMI_nT
464300,6177300,1149.7,54002.0,TMI_nT
464300,6177325,1150.7,53981.8,TMI_nT
464300,6177350,1145.0,54005.2,TMI_nT
464300,6177375,1149.0,54023.8,TMI_nT
464300,6177400,1150.4,54016.7,TMI_nT
464300,6177425,1143.7,54018.6,TMI_nT
464300,6177450,1148.1,54012.5,TMI_nT
464300,6177475,1145.4,54020.9,TMI_nT
464300,6177500,1154.2,54021.2,TMI_nT
464300,6177525,1155.8,54004.9,TMI_nT
464300,6177550,1144.9,54006.9,TMI_nT
464300,6177575,1141.4,54001.8,TMI_nT
464300,6177600,1148.4,54015.0,TMI_nT
464300,6177625,1156.8,54007.4,TMI_nT
464300,6177650,1150.9,54021.5,TMI_nT
464300,6177675,1153.9,53987.5,TMI_nT
464300,6177700,1142.9,53987.2,TMI_nT
464300,6177725,1162.3,54008.7,TMI_nT
464300,6177750,1137.7,53980.8,TMI_nT
464300,6177775,1155.5,54001.9,TMI_nT
464300,6177800,1143.6,53990.9,TMI_nT
464300,6177825,1157.1,54025.1,TMI_nT
464300,6177850,1158.1,54003.3,TMI_nT
464300,6177875,1142.7,54011.6,TMI_nT
464300,6177900,1145.0,54002.1,TMI_nT
464300,6177925,1153.7,53997.7,TMI_nT
464300,6177950,1138.5,54022.8,TMI_nT
464300,6177975,1141.6,54018.8,TMI_nT
464300,6178000,1152.4,54009.9,TMI_nT
464300,6178025,1149.8,54023.0,TMI_nT
464300,6178050,1163.0,54013.8,TMI_nT
464300,6178075,1158.4,54030.2,TMI_nT
464300,6178100,1154.1,54019.8,TMI_nT
464300,6178125,1155.9,54030.5,TMI_nT
464300,6178150,1150.8,54002.6,TMI_nT
464300,6178175,1138.9,54015.6,TMI_nT
464300,6178200,1163.7,54003.7,TMI_nT
464300,6178225,1154.1,53996.9,TMI_nT
464300,6178250,1157.7,54014.3,TMI_nT
464300,6178275,1143.8,54001.1,TMI_nT
464300,6178300,1145.0,54011.0,TMI_nT
464300,6178325,1151.5,54028.8,TMI_nT
464300,6178350,1142.0,54020.4,TMI_nT
464300,6178375,1169.9,54017.2,TMI_nT
464300,6178400,1141.0,54009.3,TMI_nT
464300,6178425,1146.2,54023.6,TMI_nT
464300,6178450,1141.0,53994.3,TMI_nT
464300,6178475,1154.2,53995.5,TMI_nT
464300,6178500,1143.0,53999.4,TMI_nT
464300,6178525,1153.4,54005.0,TMI_nT
464300,6178550,1159.9,54020.1,TMI_nT
464300,6178575,1158.1,54005.3,TMI_nT
464300,6178600,1163.7,53999.8,TMI_nT
464300,6178625,1152.1,54016.5,TMI_nT
464300,6178650,1157.8,53989.9,TMI_nT
464300,6178675,1145.1,54003.3,TMI_nT
464300,6178700,1145.2,53998.9,TMI_nT
464300,6178725,1153.4,54014.6,TMI_nT
464300,6178750,1165.0,54009.2,TMI_nT
464300,6178775,1152.3,53993.5,TMI_nT
464300,6178800,1154.5,53992.5,TMI_nT
464300,6178825,1151.1,54015.2,TMI_nT
464300,6178850,1154.7,54014.3,TMI_nT
464300,6178875,1138.9,54013.9,TMI_nT
464300,6178900,1164.0,54018.5,TMI_nT
464300,6178925,1147.9,54021.4,TMI_nT
464300,6178950,1152.0,54031.4,TMI_nT
464300,6178975,1155.5,54021.8,TMI_nT
464300,6179000,1137.3,54024.9,TMI_nT
464300,6179025,1154.2,53998.0,TMI_nT
464300,6179050,1147.1,54004.5,TMI_nT
464300,6179075,1145.5,54025.3,TMI_nT
464300,6179100,1153.0,54010.9,TMI_nT
464300,6179125,1131.5,54004.4,TMI_nT
464300,6179150,1147.9,53984.7,TMI_nT
464300,6179175,1144.2,54033.3,TMI_nT
464300,6179200,1166.6,54006.5,TMI_nT
464300,6179225,1154.1,54007.2,TMI_nT
464300,6179250,1143.3,54010.3,TMI_nT
464300,6179275,1146.0,53996.2,TMI_nT
464300,6179300,1144.1,54006.3,TMI_nT
464300,6179325,1152.1,54000.4,TMI_nT
464300,6179350,1168.9,54020.6,TMI_nT
464300,6179375,1152.3,53997.6,TMI_nT
464300,6179400,1145.0,53994.2,TMI_nT
464300,6179425,1163.8,53985.3,TMI_nT
464300,6179450,1157.7,54000.7,TMI_nT
464300,6179475,1131.2,53993.0,TMI_nT
464300,6179500,1137.1,54026.1,TMI_nT
464300,6179525,1159.6,53993.1,TMI_nT
464300,6179550,1148.5,54006.5,TMI_nT
464300,6179575,1147.7,54021.3,TMI_nT
464300,6179600,1140.1,54014.8,TMI_nT
464300,6179625,1145.5,54022.2,TMI_nT
464300,6179650,1144.3,54007.1,TMI_nT
464300,6179675,1147.8,53995.1,TMI_nT
464300,6179700,1148.0,54015.8,TMI_nT
464300,6179725,1146.2,54007.0,TMI_nT
464300,6179750,1138.3,54020.5,TMI_nT
464300,6179775,1161.3,53984.4,TMI_nT
464300,6179800,1163.8,53978.5,TMI_nT
464300,6179825,1153.5,54004.1,TMI_nT
464300,6179850,1144.7,54008.1,TMI_nT
464300,6179875,1166.3,54010.3,TMI_nT
464300,6179900,1144.3,54018.6,TMI_nT
464300,6179925,1140.6,54018.8,TMI_nT
464300,6179950,1151.2,54001.2,TMI_nT
464300,6179975,1138.9,54018.6,TMI_nT
464300,6180000,1146.7,54016.2,TMI_nT
464300,6180025,1158.0,53983.8,TMI_nT
464300,6180050,1134.0,53998.4,TMI_nT
464300,6180075,1136.5,54012.9,TMI_nT
464300,6180100,1141.0,53998.7,TMI_nT
464300,6180125,1158.7,53993.4,TMI_nT
464300,6180150,1137.9,54010.6,TMI_nT
464300,6180175,1150.5,54000.2,TMI_nT
464300,6180200,1153.7,54019.1,TMI_nT
464300,6180225,1139.7,53988.2,TMI_nT
464300,6180250,1156.1,54010.6,TMI_nT
464300,6180275,1145.0,53995.3,TMI_nT
464300,6180300,1152.3,54008.5,TMI_nT
464300,6180325,1147.8,53970.7,TMI_nT
464300,6180350,1138.1,54012.1,TMI_nT
464400,6176700,1140.0,54028.0,TMI_nT
464400,6176725,1143.2,54020.3,TMI_nT
464400,6176750,1151.8,53998.0,TMI_nT
464400,6176775,1162.2,54016.1,TMI_nT
464400,6176800,1137.3,54027.2,TMI_nT
464400,6176825,1157.9,54021.0,TMI_nT
464400,6176850,1164.9,54027.2,TMI_nT
464400,6176875,1144.3,54040.3,TMI_nT
464400,6176900,1169.2,54021.5,TMI_nT
464400,6176925,1144.6,54032.0,TMI_nT
464400,6176950,1137.5,53998.3,TMI_nT
464400,6176975,1149.1,54024.4,TMI_nT
464400,6177000,1145.4,54014.2,TMI_nT
464400,6177025,1154.9,54006.0,TMI_nT
464400,6177050,1153.4,54015.9,TMI_nT
464400,6177075,1164.3,53996.4,TMI_nT
464400,6177100,1158.6,54030.1,TMI_nT
464400,6177125,1157.1,53991.1,TMI_nT
464400,6177150,1153.4,53998.6,TMI_nT
464400,6177175,1158.6,54029.6,TMI_nT
464400,6177200,1164.8,54024.3,TMI_nT
464400,6177225,1143.5,54017.4,TMI_nT
464400,6177250,1150.2,54009.0,TMI_nT
464400,6177275,1141.5,54025.3,TMI_nT
464400,6177300,1149.8,54024.9,TMI_nT
464400,6177325,1142.5,54009.5,TMI_nT
464400,6177350,1152.4,54009.2,TMI_nT
464400,6177375,1156.0,54012.4,TMI_nT
464400,6177400,1138.2,53995.3,TMI_nT
464400,6177425,1158.9,54002.1,TMI_nT
464400,6177450,1150.3,54012.7,TMI_nT
464400,6177475,1155.2,54021.3,TMI_nT
464400,6177500,1138.6,54007.7,TMI_nT
464400,6177525,1137.8,54009.7,TMI_nT
464400,6177550,1143.9,54013.1,TMI_nT
464400,6177575,1151.6,54017.2,TMI_nT
464400,6177600,1155.1,54009.3,TMI_nT
464400,6177625,1135.2,54047.5,TMI_nT
464400,6177650,1142.2,54042.5,TMI_nT
464400,6177675,1142.3,53997.0,TMI_nT
464400,6177700,1151.7,54022.0,TMI_nT
464400,6177725,1145.4,54005.7,TMI_nT
464400,6177750,1154.7,54003.9,TMI_nT
464400,6177775,1148.0,54028.0,TMI_nT
464400,6177800,1147.0,54004.7,TMI_nT
464400,6177825,1149.6,53985.1,TMI_nT
464400,6177850,1147.0,54017.3,TMI_nT
464400,6177875,1159.0,54006.6,TMI_nT
464400,6177900,1153.1,54016.3,TMI_nT
464400,6177925,1151.1,54018.5,TMI_nT
464400,6177950,1139.0,54028.2,TMI_nT
464400,6177975,1131.7,54011.9,TMI_nT
464400,6178000,1166.0,54007.2,TMI_nT
464400,6178025,1141.2,53996.8,TMI_nT
464400,6178050,1156.9,54011.2,TMI_nT
464400,6178075,1145.7,54020.2,TMI_nT
464400,6178100,1149.5,54032.3,TMI_nT
464400,6178125,1162.7,54025.5,TMI_nT
464400,6178150,1138.0,54000.0,TMI_nT
464400,6178175,1151.5,54018.1,TMI_nT
464400,6178200,1152.1,54012.0,TMI_nT
464400,6178225,1162.5,54010.3,TMI_nT
464400,6178250,1160.2,53975.3,TMI_nT
464400,6178275,1149.0,54014.4,TMI_nT
464400,6178300,1159.9,53999.5,TMI_nT
464400,6178325,1150.9,53997.2,TMI_nT
464400,6178350,1136.8,54024.6,TMI_nT
464400,6178375,1152.5,54014.7,TMI_nT
464400,6178400,1146.3,54015.9,TMI_nT
464400,6178425,1158.3,54017.7,TMI_nT
464400,6178450,1166.7,54007.0,TMI_nT
464400,6178475,1144.6,53996.9,TMI_nT
464400,6178500,1148.3,54024.8,TMI_nT
464400,6178525,1146.4,53999.1,TMI_nT
464400,6178550,1156.4,54028.4,TMI_nT
464400,6178575,1135.0,53999.0,TMI_nT
464400,6178600,1152.0,54027.9,TMI_nT
464400,6178625,1142.7,54004.8,TMI_nT
464400,6178650,1139.4,53984.9,TMI_nT
464400,6178675,1146.1,54013.3,TMI_nT
464400,6178700,1157.4,54029.3,TMI_nT
464400,6178725,1142.6,54002.4,TMI_nT
464400,6178750,1147.0,54024.9,TMI_nT
464400,6178775,1150.8,54041.0,TMI_nT
464400,6178800,1133.7,53992.8,TMI_nT
464400,6178825,1161.6,54000.3,TMI_nT
464400,6178850,1130.0,54006.0,TMI_nT
464400,6178875,1147.7,54001.4,TMI_nT
464400,6178900,1153.5,54025.2,TMI_nT
464400,6178925,1152.4,54006.9,TMI_nT
464400,6178950,1158.5,54035.3,TMI_nT
464400,6178975,1155.5,53999.6,TMI_nT
464400,6179000,1168.6,54022.0,TMI_nT
464400,6179025,1147.4,54011.7,TMI_nT
464400,6179050,1146.2,54012.5,TMI_nT
464400,6179075,1143.6,54009.9,TMI_nT
464400,6179100,1138.3,54008.3,TMI_nT
464400,6179125,1156.4,54018.0,TMI_nT
464400,6179150,1156.0,53988.0,TMI_nT
464400,6179175,1161.3,54001.0,TMI_nT
464400,6179200,1158.7,54019.7,TMI_nT
464400,6179225,1141.7,54014.6,TMI_nT
464400,6179250,1151.1,53982.5,TMI_nT
464400,6179275,1151.5,53992.0,TMI_nT
464400,6179300,1156.2,53989.3,TMI_nT
464400,6179325,1139.8,54013.3,TMI_nT
464400,6179350,1153.4,53995.4,TMI_nT
464400,6179375,1151.8,54017.5,TMI_nT
464400,6179400,1151.3,53998.5,TMI_nT
464400,6179425,1145.7,54004.0,TMI_nT
464400,6179450,1150.3,53989.7,TMI_nT
464400,6179475,1149.0,53996.7,TMI_nT
464400,6179500,1156.7,53982.2,TMI_nT
464400,6179525,1150.6,53999.6,TMI_nT
464400,6179550,1162.4,54024.2,TMI_nT
464400,6179575,1141.8,54014.0,TMI_nT
464400,6179600,1152.4,54004.9,TMI_nT
464400,6179625,1151.1,54009.1,TMI_nT
464400,6179650,1155.3,54015.6,TMI_nT
464400,6179675,1156.6,54020.3,TMI_nT
464400,6179700,1147.4,53997.3,TMI_nT
464400,6179725,1153.3,54005.3,TMI_nT
464400,6179750,1149.9,53999.5,TMI_nT
464400,6179775,1145.7,54001.3,TMI_nT
464400,6179800,1157.3,54010.2,TMI_nT
464400,6179825,1158.2,54026.4,TMI_nT
464400,6179850,1160.2,54000.3,TMI_nT
464400,6179875,1153.3,53987.7,TMI_nT
464400,6179900,1145.6,53998.1,TMI_nT
464400,6179925,1146.6,54028.5,TMI_nT
464400,6179950,1154.7,54007.6,TMI_nT
464400,6179975,1139.1,54004.2,TMI_nT
464400,6180000,1147.3,54008.3,TMI_nT
464400,6180025,1149.8,54003.0,TMI_nT
464400,6180050,1153.3,54009.7,TMI_nT
464400,6180075,1151.8,53985.9,TMI_nT
464400,6180100,1134.7,54025.2,TMI_nT
464400,6180125,1144.5,53992.8,TMI_nT
464400,6180150,1135.4,53980.0,TMI_nT
464400,6180175,1159.2,53992.2,TMI_nT
464400,6180200,1142.5,53999.2,TMI_nT
464400,6180225,1153.9,54001.5,TMI_nT
464400,6180250,1150.3,54009.2,TMI_nT
464400,6180275,1152.1,54035.0,TMI_nT
464400,6180300,1145.8,54008.4,TMI_nT
464400,6180325,1140.7,53992.8,TMI_nT
464400,6180350,1154.4,53987.5,TMI_nT
464500,6176700,1145.0,54020.3,TMI_nT
464500,6176725,1158.5,54014.1,TMI_nT
464500,6176750,1150.3,54015.7,TMI_nT
464500,6176775,1154.0,54021.6,TMI_nT
464500,6176800,1130.3,54008.9,TMI_nT
464500,6176825,1152.8,53994.5,TMI_nT
464500,6176850,1147.3,54010.9,TMI_nT
464500,6176875,1143.6,53997.1,TMI_nT
464500,6176900,1150.3,54019.0,TMI_nT
464500,6176925,1140.8,54004.6,TMI_nT
464500,6176950,1148.0,54040.5,TMI_nT
464500,6176975,1139.3,54016.0,TMI_nT
464500,6177000,1147.8,54007.8,TMI_nT
464500,6177025,1150.7,54003.3,TMI_nT
464500,6177050,1144.0,54003.1,TMI_nT
464500,6177075,1136.7,54007.3,TMI_nT
464500,6177100,1151.0,53997.9,TMI_nT
464500,6177125,1148.5,54004.3,TMI_nT
464500,6177150,1152.7,54014.8,TMI_nT
464500,6177175,1144.8,54026.2,TMI_nT
464500,6177200,1151.6,54002.6,TMI_nT
464500,6177225,1147.2,54026.6,TMI_nT
464500,6177250,1148.4,54015.4,TMI_nT
464500,6177275,1155.1,54014.2,TMI_nT
464500,6177300,1154.8,54011.1,TMI_nT
464500,6177325,1167.2,54020.9,TMI_nT
464500,6177350,1159.2,54007.1,TMI_nT
464500,6177375,1140.2,54025.3,TMI_nT
464500,6177400,1154.9,54022.4,TMI_nT
464500,6177425,1130.3,54008.2,TMI_nT
464500,6177450,1139.6,54024.3,TMI_nT
464500,6177475,1135.8,54013.2,TMI_nT
464500,6177500,1135.3,54022.3,TMI_nT
464500,6177525,1145.5,54008.0,TMI_nT
464500,6177550,1138.1,54014.9,TMI_nT
464500,6177575,1153.9,54020.4,TMI_nT
464500,6177600,1147.7,54010.4,TMI_nT
464500,6177625,1162.8,53981.6,TMI_nT
464500,6177650,1155.2,54011.8,TMI_nT
464500,6177675,1150.4,54016.6,TMI_nT
464500,6177700,1144.9,54022.6,TMI_nT
464500,6177725,1162.6,54026.5,TMI_nT
464500,6177750,1148.7,54016.5,TMI_nT
464500,6177775,1153.3,54025.8,TMI_nT
464500,6177800,1147.3,54009.4,TMI_nT
464500,6177825,1156.1,54015.3,TMI_nT
464500,6177850,1156.3,54007.7,TMI_nT
464500,6177875,1154.7,54037.2,TMI_nT
464500,6177900,1154.6,54012.8,TMI_nT
464500,6177925,1141.0,54008.2,TMI_nT
464500,6177950,1139.0,54004.3,TMI_nT
464500,6177975,1146.2,54024.8,TMI_nT
464500,6178000,1154.1,53991.0,TMI_nT
464500,6178025,1152.4,54017.4,TMI_nT
464500,6178050,1141.1,53996.9,TMI_nT
464500,6178075,1145.2,54034.0,TMI_nT
464500,6178100,1151.0,54018.3,TMI_nT
464500,6178125,1138.2,53996.1,TMI_nT
464500,6178150,1147.5,54018.5,TMI_nT
464500,6178175,1158.3,54009.1,TMI_nT
464500,6178200,1149.5,53992.9,TMI_nT
464500,6178225,1156.7,54026.4,TMI_nT
464500,6178250,1153.8,54008.9,TMI_nT
464500,6178275,1143.0,54019.6,TMI_nT
464500,6178300,1156.9,53994.3,TMI_nT
464500,6178325,1164.6,54012.5,TMI_nT
464500,6178350,1158.0,54004.1,TMI_nT
464500,6178375,1153.9,54021.7,TMI_nT
464500,6178400,1142.4,54011.9,TMI_nT
464500,6178425,1146.1,54008.0,TMI_nT
464500,6178450,1141.6,54011.7,TMI_nT
464500,6178475,1164.3,54014.3,TMI_nT
464500,6178500,1154.2,54000.7,TMI_nT
464500,6178525,1154.0,53988.4,TMI_nT
464500,6178550,1142.7,54014.1,TMI_nT
464500,6178575,1150.8,54017.5,TMI_nT
464500,6178600,1150.9,54032.5,TMI_nT
464500,6178625,1148.8,54015.4,TMI_nT
464500,6178650,1170.8,53997.1,TMI_nT
464500,6178675,1152.4,54012.7,TMI_nT
464500,6178700,1138.3,54011.4,TMI_nT
464500,6178725,1136.6,53994.0,TMI_nT
464500,6178750,1154.0,54026.1,TMI_nT
464500,6178775,1138.6,54006.1,TMI_nT
464500,6178800,1149.2,54000.0,TMI_nT
464500,6178825,1157.0,53995.1,TMI_nT
464500,6178850,1147.7,54000.2,TMI_nT
464500,6178875,1132.5,54008.5,TMI_nT
464500,6178900,1150.3,54019.3,TMI_nT
464500,6178925,1146.9,53982.9,TMI_nT
464500,6178950,1141.7,54005.4,TMI_nT
464500,6178975,1159.6,54013.5,TMI_nT
464500,6179000,1138.7,54013.4,TMI_nT
464500,6179025,1134.2,54001.0,TMI_nT
464500,6179050,1142.0,54011.4,TMI_nT
464500,6179075,1156.4,54012.2,TMI_nT
464500,6179100,1151.7,54019.3,TMI_nT
464500,6179125,1137.0,54005.6,TMI_nT
464500,6179150,1167.7,54034.8,TMI_nT
464500,6179175,1153.5,54007.4,TMI_nT
464500,6179200,1146.9,53994.6,TMI_nT
464500,6179225,1145.3,54008.6,TMI_nT
464500,6179250,1152.5,54029.3,TMI_nT
464500,6179275,1146.7,54000.6,TMI_nT
464500,6179300,1137.3,54010.9,TMI_nT
464500,6179325,1149.7,54013.7,TMI_nT
464500,6179350,1152.8,54018.6,TMI_nT
464500,6179375,1144.6,53999.9,TMI_nT
464500,6179400,1153.4,54024.2,TMI_nT
464500,6179425,1154.8,54014.6,TMI_nT
464500,6179450,1141.2,54006.3,TMI_nT
464500,6179475,1148.5,54028.9,TMI_nT
464500,6179500,1149.3,54022.7,TMI_nT
464500,6179525,1143.1,54020.4,TMI_nT
464500,6179550,1147.8,53991.2,TMI_nT
464500,6179575,1155.3,54001.1,TMI_nT
464500,6179600,1137.6,54010.9,TMI_nT
464500,6179625,1138.8,53997.8,TMI_nT
464500,6179650,1149.3,53997.6,TMI_nT
464500,6179675,1159.3,53999.0,TMI_nT
464500,6179700,1143.2,54011.4,TMI_nT
464500,6179725,1157.3,54021.7,TMI_nT
464500,6179750,1147.1,54008.5,TMI_nT
464500,6179775,1156.4,54029.3,TMI_nT
464500,6179800,1151.3,53993.1,TMI_nT
464500,6179825,1157.2,53995.9,TMI_nT
464500,6179850,1144.9,53993.5,TMI_nT
464500,6179875,1153.8,53998.3,TMI_nT
464500,6179900,1150.1,53993.0,TMI_nT
464500,6179925,1156.8,53979.7,TMI_nT
464500,6179950,1151.4,53973.2,TMI_nT
464500,6179975,1146.0,54008.3,TMI_nT
464500,6180000,1159.0,54018.4,TMI_nT
464500,6180025,1159.1,54018.0,TMI_nT
464500,6180050,1147.0,54008.9,TMI_nT
464500,6180075,1158.8,54008.1,TMI_nT
464500,6180100,1130.8,54004.2,TMI_nT
464500,6180125,1164.4,53984.6,TMI_nT
464500,6180150,1145.1,53994.7,TMI_nT
464500,6180175,1157.2,54015.8,TMI_nT
464500,6180200,1151.2,54011.1,TMI_nT
464500,6180225,1167.7,53978.8,TMI_nT
464500,6180250,1158.7,53999.7,TMI_nT
464500,6180275,1145.7,54005.8,TMI_nT
464500,6180300,1148.7,54000.8,TMI_nT
464500,6180325,1139.7,54023.7,TMI_nT
464500,6180350,1164.4,54008.6,TMI_nT
