hole_id,from,to,rqd_pct
17HR-268,0.0,3.0,28.9
17HR-268,3.0,6.0,33.4
17HR-268,6.0,9.0,44.6
17HR-268,9.0,12.0,49.7
17HR-268,12.0,15.0,64.4
17HR-268,15.0,18.0,48.0
17HR-268,18.0,21.0,88.2
17HR-268,21.0,24.0,80.1
17HR-268,24.0,27.0,86.8
17HR-268,27.0,30.0,88.6
17HR-268,30.0,33.0,93.7
17HR-268,33.0,36.0,78.3
17HR-268,36.0,39.0,53.5
17HR-268,39.0,42.0,55.1
17HR-268,42.0,45.0,45.0
17HR-268,45.0,48.0,35.0
17HR-268,48.0,51.0,61.0
17HR-268,51.0,54.0,59.7
17HR-268,54.0,57.0,34.3
17HR-268,57.0,60.0,54.5
17HR-268,60.0,63.0,53.6
17HR-268,63.0,66.0,55.0
17HR-268,66.0,69.0,93.6
17HR-268,69.0,72.0,94.3
17HR-268,72.0,75.0,68.8
17HR-268,75.0,78.0,74.1
17HR-268,78.0,81.0,94.9
17HR-268,81.0,84.0,79.2
17HR-268,84.0,87.0,82.6
17HR-268,87.0,90.0,84.4
17HR-268,90.0,93.0,88.2
17HR-268,93.0,96.0,74.1
17HR-268,96.0,99.0,37.1
17HR-268,99.0,102.0,59.1
17HR-268,102.0,105.0,60.3
17HR-268,105.0,108.0,65.2
17HR-268,108.0,111.0,90.9
17HR-268,111.0,114.0,93.6
17HR-268,114.0,117.0,88.1
17HR-268,117.0,120.0,92.4
17HR-268,120.0,123.0,72.6
17HR-268,123.0,126.0,67.0
17HR-268,126.0,129.0,84.2
17HR-268,129.0,132.0,76.3
17HR-268,132.0,135.0,86.8
17HR-268,135.0,138.0,77.4
17HR-268,138.0,141.0,75.2
17HR-268,141.0,144.0,83.2
17HR-268,144.0,147.0,61.2
17HR-268,147.0,150.0,70.2
17HR-268,150.0,153.0,76.0
17HR-268,153.0,156.0,88.4
17HR-268,156.0,159.0,75.3
17HR-268,159.0,162.0,85.1
17HR-268,162.0,165.0,93.7
17HR-268,165.0,168.0,69.1
17HR-268,168.0,171.0,92.3
17HR-268,171.0,174.0,66.4
17HR-268,174.0,177.0,74.9
17HR-268,177.0,180.0,85.5
17HR-268,180.0,183.0,92.9
17HR-268,183.0,184.0,82.7
17HR-269,0.0,3.0,22.2
17HR-269,3.0,6.0,83.6
17HR-269,6.0,9.0,84.7
17HR-269,9.0,12.0,62.9
17HR-269,12.0,15.0,74.6
17HR-269,15.0,18.0,78.3
17HR-269,18.0,21.0,80.6
17HR-269,21.0,24.0,64.7
17HR-269,24.0,27.0,61.0
17HR-269,27.0,30.0,92.9
17HR-269,30.0,33.0,61.6
17HR-269,33.0,36.0,79.3
17HR-269,36.0,39.0,78.0
17HR-269,39.0,42.0,68.1
17HR-269,42.0,45.0,93.0
17HR-269,45.0,48.0,76.5
17HR-269,48.0,51.0,83.2
17HR-269,51.0,54.0,72.0
17HR-269,54.0,57.0,71.1
17HR-269,57.0,60.0,76.8
17HR-269,60.0,63.0,77.1
17HR-269,63.0,66.0,71.4
17HR-269,66.0,69.0,68.8
17HR-269,69.0,72.0,82.5
17HR-269,72.0,75.0,64.7
17HR-269,75.0,78.0,76.8
17HR-269,78.0,81.0,72.8
17HR-269,81.0,84.0,89.3
17HR-269,84.0,87.0,76.3
17HR-269,87.0,90.0,72.9
17HR-269,90.0,93.0,77.9
17HR-269,93.0,96.0,85.6
17HR-269,96.0,99.0,70.6
17HR-269,99.0,102.0,80.4
17HR-269,102.0,105.0,88.5
17HR-269,105.0,108.0,90.2
17HR-269,108.0,111.0,85.4
17HR-269,111.0,114.0,82.6
17HR-269,114.0,117.0,77.8
17HR-269,117.0,120.0,78.6
17HR-269,120.0,123.0,90.0
17HR-269,123.0,126.0,94.3
17HR-269,126.0,129.0,81.6
17HR-269,129.0,132.0,89.9
17HR-269,132.0,135.0,94.1
17HR-269,135.0,138.0,80.9
17HR-269,138.0,141.0,77.1
17HR-269,141.0,144.0,83.1
17HR-269,144.0,147.0,72.6
17HR-269,147.0,150.0,62.7
17HR-269,150.0,153.0,79.7
17HR-269,153.0,156.0,87.9
17HR-269,156.0,159.0,86.6
17HR-269,159.0,162.0,93.7
17HR-269,162.0,165.0,93.6
17HR-269,165.0,168.0,78.5
17HR-269,168.0,171.0,90.4
17HR-269,171.0,174.0,82.1
17HR-269,174.0,177.0,92.4
17HR-269,177.0,180.0,94.3
17HR-269,180.0,183.0,61.0
17HR-269,183.0,186.0,68.4
17HR-269,186.0,189.0,75.0
17HR-269,189.0,192.0,59.9
17HR-269,192.0,195.0,34.4
17HR-269,195.0,198.0,37.4
17HR-269,198.0,201.0,90.1
17HR-269,201.0,204.0,87.2
17HR-269,204.0,207.0,55.1
17HR-269,207.0,210.0,34.8
17HR-269,210.0,213.0,53.7
17HR-269,213.0,216.0,60.0
17HR-269,216.0,219.0,42.7
17HR-269,219.0,222.0,52.8
17HR-269,222.0,225.0,78.6
17HR-269,225.0,228.0,85.4
17HR-269,228.0,231.0,66.6
17HR-269,231.0,234.0,81.2
17HR-269,234.0,237.0,84.7
17HR-269,237.0,240.0,65.4
17HR-269,240.0,243.0,65.0
17HR-269,243.0,246.0,57.9
17HR-269,246.0,249.0,58.0
17HR-269,249.0,252.0,80.1
17HR-269,252.0,255.0,88.1
17HR-269,255.0,258.0,90.3
17HR-269,258.0,261.0,69.8
17HR-269,261.0,264.0,70.5
17HR-269,264.0,267.0,88.7
17HR-269,267.0,270.0,64.9
17HR-269,270.0,273.0,93.7
17HR-269,273.0,276.0,84.3
17HR-269,276.0,279.0,64.5
17HR-269,279.0,282.0,65.9
17HR-269,282.0,285.0,84.3
17HR-269,285.0,288.0,86.3
17HR-269,288.0,291.0,83.8
17HR-269,291.0,294.0,74.5
17HR-269,294.0,297.0,81.8
17HR-269,297.0,300.0,91.9
17HR-269,300.0,303.0,63.5
17HR-269,303.0,306.0,40.5
17HR-269,306.0,309.0,78.0
17HR-269,309.0,312.0,91.1
17HR-269,312.0,315.0,63.2
17HR-269,315.0,318.0,83.8
17HR-269,318.0,321.0,74.2
17HR-269,321.0,324.0,91.5
17HR-269,324.0,327.0,65.1
17HR-269,327.0,330.0,77.8
17HR-269,330.0,333.0,76.5
17HR-269,333.0,336.0,62.0
17HR-269,336.0,339.0,72.4
17HR-269,339.0,342.0,89.5
17HR-269,342.0,345.0,84.4
17HR-269,345.0,348.0,58.6
17HR-269,348.0,351.0,41.5
17HR-269,351.0,354.0,61.0
17HR-269,354.0,357.0,77.6
17HR-269,357.0,360.0,90.4
17HR-269,360.0,363.0,33.2
17HR-269,363.0,366.0,53.2
17HR-269,366.0,369.0,67.0
17HR-269,369.0,372.0,89.5
17HR-269,372.0,375.0,68.4
17HR-269,375.0,378.0,83.2
17HR-269,378.0,381.0,77.3
17HR-269,381.0,384.0,73.0
17HR-269,384.0,387.0,48.8
17HR-269,387.0,390.0,60.5
17HR-269,390.0,393.0,85.2
17HR-269,393.0,396.0,76.1
17HR-269,396.0,399.0,72.7
17HR-269,399.0,402.0,67.3
17HR-269,402.0,405.0,70.8
17HR-269,405.0,408.0,85.8
17HR-269,408.0,411.0,62.7
17HR-269,411.0,414.0,49.6
17HR-269,414.0,417.0,46.9
17HR-269,417.0,420.0,90.8
17HR-269,420.0,423.0,67.4
17HR-269,423.0,426.0,66.8
17HR-269,426.0,429.0,86.5
17HR-269,429.0,432.0,72.4
17HR-269,432.0,435.0,53.8
17HR-269,435.0,438.0,54.1
17HR-269,438.0,441.0,34.0
17HR-269,441.0,444.0,67.1
17HR-269,444.0,447.0,75.2
17HR-269,447.0,450.0,61.5
17HR-269,450.0,453.0,63.8
17HR-269,453.0,456.0,45.0
17HR-269,456.0,459.0,49.1
17HR-269,459.0,462.0,35.1
17HR-269,462.0,465.0,61.4
17HR-269,465.0,468.0,52.2
17HR-269,468.0,471.0,39.4
17HR-269,471.0,474.0,55.9
17HR-269,474.0,477.0,73.9
17HR-269,477.0,480.0,76.7
17HR-269,480.0,483.0,46.1
17HR-269,483.0,486.0,39.6
17HR-269,486.0,489.0,72.4
17HR-269,489.0,492.0,94.5
17HR-269,492.0,495.0,63.8
17HR-269,495.0,498.0,65.0
17HR-269,498.0,501.0,37.8
17HR-269,501.0,504.0,42.6
17HR-269,504.0,507.0,43.2
17HR-269,507.0,510.0,52.2
17HR-269,510.0,513.0,31.7
17HR-269,513.0,516.0,84.4
17HR-269,516.0,519.0,79.6
17HR-269,519.0,522.0,86.4
17HR-269,522.0,525.0,63.9
17HR-269,525.0,528.0,32.8
17HR-269,528.0,531.0,76.4
17HR-269,531.0,534.0,79.1
17HR-269,534.0,537.0,87.9
17HR-269,537.0,540.0,88.7
17HR-269,540.0,543.0,93.1
17HR-269,543.0,546.0,88.5
17HR-269,546.0,549.0,40.4
17HR-269,549.0,552.0,32.8
17HR-269,552.0,555.0,61.5
17HR-269,555.0,558.0,78.5
17HR-269,558.0,561.0,75.8
17HR-269,561.0,564.0,63.8
17HR-269,564.0,567.0,58.0
17HR-269,567.0,570.0,58.0
17HR-269,570.0,573.0,63.6
17HR-269,573.0,576.0,51.5
17HR-269,576.0,579.0,48.9
17HR-269,579.0,582.0,35.4
17HR-269,582.0,585.0,41.1
17HR-269,585.0,588.0,30.9
17HR-269,588.0,591.0,43.7
17HR-269,591.0,594.0,35.9
17HR-269,594.0,597.0,90.1
17HR-269,597.0,600.0,60.6
17HR-269,600.0,603.0,61.6
17HR-269,603.0,606.0,94.0
17HR-269,606.0,609.0,56.3
17HR-269,609.0,612.0,48.2
17HR-269,612.0,615.0,55.6
17HR-269,615.0,618.0,60.0
17HR-269,618.0,621.0,71.7
17HR-269,621.0,624.0,65.4
17HR-269,624.0,627.0,93.5
17HR-269,627.0,630.0,68.5
17HR-269,630.0,632.0,85.1
17HR-270,0.0,3.0,41.3
17HR-270,3.0,6.0,70.0
17HR-270,6.0,9.0,88.7
17HR-270,9.0,12.0,79.5
17HR-270,12.0,15.0,67.0
17HR-270,15.0,18.0,73.9
17HR-270,18.0,21.0,89.7
17HR-270,21.0,24.0,90.6
17HR-270,24.0,27.0,81.3
17HR-270,27.0,30.0,85.8
17HR-270,30.0,33.0,80.0
17HR-270,33.0,36.0,84.7
17HR-270,36.0,39.0,47.1
17HR-270,39.0,42.0,57.0
17HR-270,42.0,45.0,64.2
17HR-270,45.0,48.0,68.4
17HR-270,48.0,51.0,91.1
17HR-270,51.0,54.0,85.9
17HR-270,54.0,57.0,87.5
17HR-270,57.0,60.0,49.2
17HR-270,60.0,63.0,60.0
17HR-270,63.0,66.0,55.9
17HR-270,66.0,69.0,36.5
17HR-270,69.0,72.0,46.1
17HR-270,72.0,75.0,67.7
17HR-270,75.0,78.0,87.1
17HR-270,78.0,81.0,62.6
17HR-270,81.0,84.0,51.8
17HR-270,84.0,87.0,46.3
17HR-270,87.0,90.0,45.9
17HR-270,90.0,93.0,63.1
17HR-270,93.0,96.0,89.9
17HR-270,96.0,99.0,85.2
17HR-270,99.0,102.0,88.8
17HR-270,102.0,105.0,84.3
17HR-270,105.0,108.0,82.1
17HR-270,108.0,111.0,69.7
17HR-270,111.0,114.0,91.1
17HR-270,114.0,117.0,76.3
17HR-270,117.0,120.0,84.3
17HR-270,120.0,123.0,62.4
17HR-270,123.0,126.0,73.6
17HR-270,126.0,129.0,78.4
17HR-270,129.0,132.0,45.1
17HR-270,132.0,135.0,41.0
17HR-270,135.0,138.0,63.2
17HR-270,138.0,141.0,84.5
17HR-270,141.0,144.0,69.8
17HR-270,144.0,147.0,84.7
17HR-270,147.0,150.0,48.3
17HR-270,150.0,153.0,34.5
17HR-270,153.0,156.0,93.2
17HR-270,156.0,159.0,88.3
17HR-270,159.0,162.0,92.0
17HR-270,162.0,165.0,93.2
17HR-270,165.0,168.0,69.3
17HR-270,168.0,171.0,83.6
17HR-270,171.0,174.0,60.5
17HR-270,174.0,177.0,69.9
17HR-270,177.0,180.0,66.0
17HR-270,180.0,183.0,92.6
17HR-270,183.0,186.0,87.2
17HR-270,186.0,189.0,69.7
17HR-270,189.0,192.0,94.4
17HR-270,192.0,195.0,86.3
17HR-270,195.0,198.0,94.8
17HR-270,198.0,201.0,62.6
17HR-270,201.0,204.0,79.2
17HR-270,204.0,207.0,69.3
17HR-270,207.0,210.0,39.3
17HR-270,210.0,213.0,30.3
17HR-270,213.0,216.0,73.7
17HR-270,216.0,219.0,63.2
17HR-270,219.0,222.0,73.0
17HR-270,222.0,225.0,86.4
17HR-270,225.0,228.0,54.2
17HR-270,228.0,231.0,55.9
17HR-270,231.0,234.0,60.0
17HR-270,234.0,237.0,61.9
17HR-270,237.0,240.0,60.6
17HR-270,240.0,243.0,85.1
17HR-270,243.0,246.0,81.9
17HR-270,246.0,249.0,82.2
17HR-270,249.0,252.0,60.7
17HR-270,252.0,255.0,77.1
17HR-270,255.0,258.0,86.9
17HR-270,258.0,261.0,80.8
17HR-270,261.0,264.0,63.8
17HR-270,264.0,267.0,86.9
17HR-270,267.0,270.0,67.0
17HR-270,270.0,273.0,88.1
17HR-270,273.0,276.0,65.5
17HR-270,276.0,279.0,67.0
17HR-270,279.0,282.0,67.7
17HR-270,282.0,285.0,73.1
17HR-270,285.0,288.0,61.2
17HR-270,288.0,291.0,61.3
17HR-270,291.0,294.0,78.4
17HR-270,294.0,297.0,77.6
17HR-270,297.0,300.0,75.7
17HR-270,300.0,303.0,78.5
17HR-270,303.0,306.0,86.9
17HR-270,306.0,309.0,91.4
17HR-270,309.0,312.0,93.8
17HR-270,312.0,315.0,74.0
17HR-270,315.0,318.0,62.7
17HR-270,318.0,321.0,63.7
17HR-270,321.0,324.0,74.0
17HR-270,324.0,327.0,42.4
17HR-270,327.0,330.0,32.8
17HR-270,330.0,333.0,36.5
17HR-270,333.0,336.0,38.6
17HR-270,336.0,339.0,38.4
17HR-270,339.0,342.0,31.4
17HR-270,342.0,345.0,59.7
17HR-270,345.0,348.0,30.2
17HR-270,348.0,351.0,67.2
17HR-270,351.0,354.0,93.2
17HR-270,354.0,357.0,70.8
17HR-270,357.0,360.0,43.7
17HR-270,360.0,363.0,56.4
17HR-270,363.0,366.0,63.7
17HR-270,366.0,369.0,60.7
17HR-270,369.0,372.0,47.2
17HR-270,372.0,375.0,41.8
17HR-270,375.0,378.0,42.3
17HR-270,378.0,381.0,58.5
17HR-270,381.0,384.0,38.6
17HR-270,384.0,387.0,31.6
17HR-270,387.0,390.0,61.1
17HR-270,390.0,393.0,34.8
17HR-270,393.0,396.0,75.4
17HR-270,396.0,399.0,77.9
17HR-270,399.0,402.0,63.3
17HR-270,402.0,405.0,65.2
17HR-270,405.0,408.0,81.1
17HR-270,408.0,411.0,88.4
17HR-270,411.0,414.0,76.6
17HR-270,414.0,417.0,90.3
17HR-270,417.0,420.0,87.5
17HR-271,0.0,3.0,35.0
17HR-271,3.0,6.0,56.1
17HR-271,6.0,9.0,59.9
17HR-271,9.0,12.0,81.4
17HR-271,12.0,15.0,89.3
17HR-271,15.0,18.0,93.2
17HR-271,18.0,21.0,89.5
17HR-271,21.0,24.0,79.3
17HR-271,24.0,27.0,77.6
17HR-271,27.0,30.0,88.9
17HR-271,30.0,33.0,85.8
17HR-271,33.0,36.0,39.9
17HR-271,36.0,39.0,51.1
17HR-271,39.0,42.0,38.7
17HR-271,42.0,45.0,62.6
17HR-271,45.0,48.0,70.5
17HR-271,48.0,51.0,67.7
17HR-271,51.0,54.0,81.9
17HR-271,54.0,57.0,67.5
17HR-271,57.0,60.0,73.4
17HR-271,60.0,63.0,49.8
17HR-271,63.0,66.0,45.6
17HR-271,66.0,69.0,41.2
17HR-271,69.0,72.0,64.8
17HR-271,72.0,75.0,44.6
17HR-271,75.0,78.0,41.4
17HR-271,78.0,81.0,63.1
17HR-271,81.0,84.0,34.9
17HR-271,84.0,87.0,76.2
17HR-271,87.0,90.0,69.3
17HR-271,90.0,93.0,55.2
17HR-271,93.0,96.0,30.4
17HR-271,96.0,99.0,50.4
17HR-271,99.0,102.0,94.5
17HR-271,102.0,105.0,77.6
17HR-271,105.0,108.0,85.6
17HR-271,108.0,111.0,72.9
17HR-271,111.0,114.0,78.3
17HR-271,114.0,117.0,72.4
17HR-271,117.0,120.0,75.3
17HR-271,120.0,123.0,58.3
17HR-271,123.0,126.0,34.8
17HR-271,126.0,129.0,41.5
17HR-271,129.0,132.0,48.7
17HR-271,132.0,135.0,41.3
17HR-271,135.0,138.0,57.0
17HR-271,138.0,141.0,32.7
17HR-271,141.0,144.0,48.2
17HR-271,144.0,147.0,64.1
17HR-271,147.0,150.0,84.7
17HR-271,150.0,153.0,69.2
17HR-271,153.0,156.0,52.6
17HR-271,156.0,159.0,44.0
17HR-271,159.0,162.0,67.6
17HR-271,162.0,165.0,77.3
17HR-271,165.0,168.0,72.7
17HR-271,168.0,171.0,74.4
17HR-271,171.0,174.0,84.5
17HR-271,174.0,177.0,65.5
17HR-271,177.0,180.0,82.7
17HR-271,180.0,183.0,82.6
17HR-271,183.0,186.0,48.9
17HR-271,186.0,189.0,34.2
17HR-271,189.0,192.0,40.7
17HR-271,192.0,195.0,37.3
17HR-271,195.0,198.0,32.6
17HR-271,198.0,201.0,51.4
17HR-271,201.0,204.0,61.9
17HR-271,204.0,207.0,62.3
17HR-271,207.0,210.0,37.8
17HR-271,210.0,213.0,61.0
17HR-271,213.0,216.0,69.6
17HR-271,216.0,219.0,75.8
17HR-271,219.0,222.0,73.5
17HR-271,222.0,225.0,83.6
17HR-271,225.0,228.0,87.4
17HR-271,228.0,231.0,48.2
17HR-271,231.0,234.0,44.1
17HR-271,234.0,237.0,79.8
17HR-271,237.0,240.0,78.8
17HR-271,240.0,243.0,70.8
17HR-271,243.0,246.0,87.8
17HR-271,246.0,249.0,84.4
17HR-271,249.0,252.0,62.6
17HR-271,252.0,255.0,75.1
17HR-271,255.0,258.0,62.4
17HR-271,258.0,261.0,89.0
17HR-271,261.0,264.0,82.8
17HR-271,264.0,267.0,82.8
17HR-271,267.0,270.0,61.6
17HR-271,270.0,273.0,91.9
17HR-271,273.0,276.0,44.9
17HR-271,276.0,279.0,52.2
17HR-271,279.0,282.0,44.8
17HR-271,282.0,285.0,68.0
17HR-271,285.0,288.0,94.1
17HR-271,288.0,291.0,66.6
17HR-271,291.0,294.0,80.4
17HR-271,294.0,297.0,89.9
17HR-271,297.0,300.0,72.6
17HR-271,300.0,303.0,69.7
17HR-271,303.0,306.0,74.1
17HR-271,306.0,309.0,86.6
17HR-271,309.0,312.0,77.9
17HR-271,312.0,315.0,85.5
17HR-271,315.0,318.0,92.4
17HR-271,318.0,321.0,42.2
17HR-271,321.0,324.0,45.3
17HR-271,324.0,327.0,64.0
17HR-271,327.0,330.0,77.4
17HR-271,330.0,333.0,93.6
17HR-271,333.0,336.0,39.8
17HR-271,336.0,339.0,43.6
17HR-271,339.0,342.0,40.4
17HR-271,342.0,345.0,66.0
17HR-271,345.0,348.0,65.1
17HR-271,348.0,351.0,94.3
17HR-271,351.0,354.0,92.8
17HR-271,354.0,357.0,66.5
17HR-271,357.0,360.0,89.2
17HR-271,360.0,363.0,79.2
17HR-271,363.0,366.0,64.5
17HR-271,366.0,369.0,94.4
17HR-271,369.0,372.0,88.8
17HR-271,372.0,375.0,60.8
17HR-271,375.0,378.0,65.5
17HR-271,378.0,381.0,72.9
17HR-271,381.0,384.0,81.9
17HR-271,384.0,387.0,86.7
17HR-271,387.0,390.0,88.1
17HR-271,390.0,393.0,75.5
17HR-271,393.0,396.0,62.2
17HR-271,396.0,399.0,77.0
17HR-271,399.0,402.0,78.1
17HR-271,402.0,405.0,77.3
17HR-271,405.0,408.0,68.9
17HR-271,408.0,411.0,80.1
17HR-271,411.0,414.0,93.7
17HR-271,414.0,417.0,87.1
17HR-271,417.0,420.0,64.2
17HR-271,420.0,423.0,80.8
17HR-271,423.0,426.0,78.9
17HR-271,426.0,429.0,91.6
17HR-271,429.0,432.0,72.1
17HR-271,432.0,435.0,77.2
17HR-271,435.0,438.0,74.4
17HR-271,438.0,441.0,60.4
17HR-271,441.0,444.0,73.0
17HR-271,444.0,447.0,93.8
17HR-271,447.0,450.0,70.2
17HR-271,450.0,453.0,78.5
17HR-271,453.0,456.0,91.9
17HR-271,456.0,459.0,85.4
17HR-271,459.0,462.0,83.3
17HR-271,462.0,465.0,83.7
17HR-271,465.0,468.0,84.7
17HR-271,468.0,471.0,84.5
17HR-271,471.0,474.0,74.4
17HR-271,474.0,477.0,62.1
17HR-271,477.0,480.0,79.1
17HR-271,480.0,483.0,77.3
17HR-271,483.0,486.0,71.9
17HR-271,486.0,489.0,62.4
17HR-271,489.0,492.0,91.2
17HR-271,492.0,495.0,69.1
17HR-271,495.0,498.0,70.6
17HR-271,498.0,501.0,78.2
17HR-271,501.0,504.0,62.4
17HR-271,504.0,507.0,75.8
17HR-271,507.0,510.0,78.2
17HR-272,0.0,3.0,60.5
17HR-272,3.0,6.0,36.6
17HR-272,6.0,9.0,43.9
17HR-272,9.0,12.0,59.9
17HR-272,12.0,15.0,31.1
17HR-272,15.0,18.0,33.2
17HR-272,18.0,21.0,35.6
17HR-272,21.0,24.0,36.4
17HR-272,24.0,27.0,51.9
17HR-272,27.0,30.0,54.3
17HR-272,30.0,33.0,43.4
17HR-272,33.0,36.0,45.0
17HR-272,36.0,39.0,35.2
17HR-272,39.0,42.0,30.4
17HR-272,42.0,45.0,71.4
17HR-272,45.0,48.0,71.7
17HR-272,48.0,51.0,79.8
17HR-272,51.0,54.0,87.0
17HR-272,54.0,57.0,68.2
17HR-272,57.0,60.0,65.3
17HR-272,60.0,63.0,34.6
17HR-272,63.0,66.0,64.5
17HR-272,66.0,69.0,30.7
17HR-272,69.0,72.0,53.5
17HR-272,72.0,75.0,57.5
17HR-272,75.0,78.0,33.1
17HR-272,78.0,81.0,74.3
17HR-272,81.0,84.0,75.6
17HR-272,84.0,87.0,62.2
17HR-272,87.0,90.0,93.6
17HR-272,90.0,93.0,74.9
17HR-272,93.0,96.0,54.5
17HR-272,96.0,99.0,38.8
17HR-272,99.0,102.0,33.1
17HR-272,102.0,105.0,83.3
17HR-272,105.0,108.0,79.3
17HR-272,108.0,111.0,64.3
17HR-272,111.0,114.0,85.1
17HR-272,114.0,117.0,84.6
17HR-272,117.0,120.0,83.1
17HR-272,120.0,123.0,89.7
17HR-272,123.0,126.0,66.1
17HR-272,126.0,129.0,67.2
17HR-272,129.0,132.0,87.6
17HR-272,132.0,135.0,71.8
17HR-272,135.0,138.0,82.5
17HR-272,138.0,141.0,77.7
17HR-272,141.0,144.0,78.9
17HR-272,144.0,147.0,82.6
17HR-272,147.0,150.0,76.6
17HR-272,150.0,153.0,73.1
17HR-272,153.0,156.0,87.7
17HR-272,156.0,159.0,88.9
17HR-272,159.0,162.0,37.1
17HR-272,162.0,165.0,50.3
17HR-272,165.0,168.0,48.8
17HR-272,168.0,171.0,63.8
17HR-272,171.0,174.0,93.8
17HR-272,174.0,177.0,65.9
17HR-272,177.0,180.0,70.3
17HR-272,180.0,183.0,81.3
17HR-272,183.0,186.0,94.9
17HR-272,186.0,189.0,70.5
17HR-272,189.0,192.0,94.7
17HR-272,192.0,195.0,90.7
17HR-272,195.0,198.0,68.6
17HR-272,198.0,201.0,87.7
17HR-272,201.0,204.0,71.1
17HR-272,204.0,207.0,76.5
17HR-272,207.0,210.0,76.5
17HR-272,210.0,213.0,63.6
17HR-272,213.0,216.0,93.0
17HR-272,216.0,219.0,79.2
17HR-272,219.0,222.0,88.7
17HR-272,222.0,225.0,61.3
17HR-272,225.0,228.0,57.5
17HR-272,228.0,231.0,75.8
17HR-272,231.0,234.0,86.4
17HR-272,234.0,237.0,86.5
17HR-272,237.0,240.0,80.7
17HR-272,240.0,243.0,90.2
17HR-272,243.0,246.0,64.3
17HR-272,246.0,249.0,81.4
17HR-272,249.0,252.0,84.5
17HR-272,252.0,255.0,36.8
17HR-272,255.0,258.0,50.9
17HR-272,258.0,261.0,41.9
17HR-272,261.0,264.0,35.0
17HR-272,264.0,267.0,34.1
17HR-272,267.0,270.0,82.9
17HR-272,270.0,273.0,87.0
17HR-272,273.0,276.0,87.3
17HR-272,276.0,279.0,74.4
17HR-272,279.0,282.0,47.0
17HR-272,282.0,285.0,34.9
17HR-272,285.0,288.0,52.2
17HR-272,288.0,291.0,39.2
17HR-272,291.0,294.0,33.7
17HR-272,294.0,297.0,41.2
17HR-272,297.0,300.0,44.3
17HR-272,300.0,303.0,66.4
17HR-272,303.0,306.0,90.6
17HR-272,306.0,309.0,90.1
17HR-272,309.0,312.0,63.9
17HR-272,312.0,315.0,59.8
17HR-272,315.0,318.0,53.7
17HR-272,318.0,321.0,63.5
17HR-272,321.0,324.0,55.4
17HR-272,324.0,327.0,91.2
17HR-272,327.0,330.0,90.7
17HR-272,330.0,333.0,79.3
17HR-272,333.0,336.0,69.9
17HR-272,336.0,339.0,72.2
17HR-272,339.0,342.0,81.9
17HR-272,342.0,345.0,84.3
17HR-272,345.0,348.0,68.9
17HR-272,348.0,351.0,62.4
17HR-272,351.0,354.0,41.6
17HR-272,354.0,357.0,31.9
17HR-272,357.0,360.0,87.2
17HR-272,360.0,363.0,69.6
17HR-272,363.0,366.0,61.0
17HR-272,366.0,369.0,78.7
17HR-272,369.0,372.0,86.2
17HR-272,372.0,375.0,50.7
17HR-272,375.0,378.0,63.7
17HR-272,378.0,381.0,70.6
17HR-272,381.0,384.0,82.3
17HR-272,384.0,387.0,80.6
17HR-272,387.0,390.0,92.7
17HR-272,390.0,393.0,62.2
17HR-272,393.0,396.0,82.1
17HR-272,396.0,399.0,63.6
17HR-272,399.0,402.0,60.1
17HR-272,402.0,405.0,60.9
17HR-272,405.0,408.0,88.7
17HR-272,408.0,411.0,76.8
17HR-272,411.0,414.0,69.2
17HR-272,414.0,417.0,88.0
17HR-272,417.0,420.0,82.9
17HR-272,420.0,423.0,61.2
17HR-272,423.0,426.0,90.4
17HR-272,426.0,429.0,89.7
17HR-272,429.0,432.0,86.8
17HR-272,432.0,435.0,69.9
17HR-272,435.0,438.0,85.1
17HR-272,438.0,441.0,62.2
17HR-272,441.0,444.0,78.3
17HR-272,444.0,447.0,72.0
17HR-272,447.0,450.0,90.8
17HR-272,450.0,453.0,71.8
17HR-272,453.0,456.0,86.2
17HR-272,456.0,459.0,62.3
17HR-272,459.0,462.0,63.6
17HR-272,462.0,465.0,80.5
17HR-272,465.0,468.0,43.6
17HR-272,468.0,471.0,35.0
17HR-272,471.0,474.0,31.5
17HR-272,474.0,477.0,52.5
17HR-272,477.0,480.0,44.0
17HR-272,480.0,483.0,69.6
17HR-272,483.0,486.0,60.1
17HR-272,486.0,489.0,37.1
17HR-272,489.0,492.0,31.1
17HR-272,492.0,495.0,76.1
17HR-272,495.0,498.0,70.0
17HR-272,498.0,501.0,72.7
17HR-272,501.0,504.0,70.5
17HR-272,504.0,507.0,76.6
17HR-272,507.0,510.0,75.9
17HR-272,510.0,513.0,71.7
17HR-272,513.0,516.0,68.1
17HR-272,516.0,519.0,71.5
17HR-272,519.0,522.0,65.1
17HR-272,522.0,525.0,53.8
17HR-272,525.0,528.0,54.8
17HR-272,528.0,531.0,62.1
17HR-272,531.0,534.0,94.8
17HR-272,534.0,537.0,60.7
17HR-272,537.0,540.0,90.0
17HR-272,540.0,543.0,71.3
17HR-272,543.0,546.0,67.9
17HR-272,546.0,549.0,77.5
17HR-272,549.0,552.0,60.4
17HR-272,552.0,555.0,54.1
17HR-272,555.0,558.0,30.4
17HR-272,558.0,561.0,94.4
17HR-272,561.0,564.0,64.0
17HR-272,564.0,567.0,84.1
17HR-272,567.0,570.0,77.4
17HR-272,570.0,573.0,90.3
17HR-272,573.0,576.0,91.0
17HR-272,576.0,579.0,60.5
17HR-272,579.0,582.0,75.8
17HR-272,582.0,585.0,91.4
17HR-272,585.0,588.0,64.3
17HR-272,588.0,591.0,76.4
17HR-272,591.0,594.0,64.6
17HR-272,594.0,597.0,85.7
17HR-272,597.0,600.0,89.0
17HR-272,600.0,603.0,88.3
17HR-272,603.0,606.0,69.9
17HR-272,606.0,609.0,90.6
17HR-272,609.0,612.0,62.0
17HR-272,612.0,615.0,73.1
17HR-272,615.0,618.0,79.9
17HR-272,618.0,621.0,68.6
17HR-272,621.0,624.0,63.1
17HR-272,624.0,627.0,66.6
17HR-272,627.0,630.0,36.9
17HR-272,630.0,633.0,63.9
17HR-272,633.0,636.0,30.2
17HR-272,636.0,639.0,82.6
17HR-272,639.0,642.0,65.4
17HR-272,642.0,645.0,69.4
17HR-272,645.0,648.0,69.4
17HR-272,648.0,651.0,82.1
17HR-272,651.0,654.0,64.1
17HR-272,654.0,657.0,74.8
17HR-272,657.0,660.0,71.5
17HR-272,660.0,663.0,67.2
17HR-272,663.0,666.0,61.3
17HR-272,666.0,669.0,73.3
17HR-272,669.0,672.0,73.8
17HR-272,672.0,675.0,93.7
17HR-272,675.0,678.0,67.5
17HR-272,678.0,681.0,89.0
17HR-272,681.0,684.0,81.1
17HR-272,684.0,687.0,93.0
17HR-272,687.0,690.0,73.3
17HR-272,690.0,693.0,72.5
17HR-272,693.0,696.0,84.4
17HR-272,696.0,699.0,74.6
17HR-272,699.0,702.0,83.5
17HR-272,702.0,705.0,77.0
17HR-272,705.0,708.0,80.4
17HR-272,708.0,711.0,81.9
17HR-272,711.0,714.0,76.1
17HR-272,714.0,717.0,69.6
17HR-272,717.0,720.0,70.3
17HR-272,720.0,723.0,92.3
17HR-272,723.0,726.0,63.9
17HR-272,726.0,729.0,61.4
17HR-272,729.0,732.0,88.6
17HR-272,732.0,735.0,93.9
17HR-272,735.0,738.0,64.5
17HR-272,738.0,741.0,89.1
17HR-272,741.0,744.0,88.7
17HR-272,744.0,747.0,71.3
17HR-272,747.0,750.0,72.8
17HR-272,750.0,753.0,83.9
17HR-272,753.0,756.0,81.0
17HR-272,756.0,759.0,61.1
17HR-272,759.0,762.0,86.5
17HR-272,762.0,765.0,68.7
17HR-272,765.0,768.0,92.6
17HR-272,768.0,770.0,70.1
17HR-273,0.0,3.0,27.0
17HR-273,3.0,6.0,60.4
17HR-273,6.0,9.0,79.0
17HR-273,9.0,12.0,71.5
17HR-273,12.0,15.0,39.5
17HR-273,15.0,18.0,50.6
17HR-273,18.0,21.0,57.3
17HR-273,21.0,24.0,40.7
17HR-273,24.0,27.0,38.8
17HR-273,27.0,30.0,37.5
17HR-273,30.0,33.0,81.9
17HR-273,33.0,36.0,81.0
17HR-273,36.0,39.0,87.4
17HR-273,39.0,42.0,77.8
17HR-273,42.0,45.0,70.9
17HR-273,45.0,48.0,92.8
17HR-273,48.0,51.0,70.9
17HR-273,51.0,54.0,88.4
17HR-273,54.0,57.0,91.3
17HR-273,57.0,60.0,32.5
17HR-273,60.0,63.0,37.5
17HR-273,63.0,66.0,36.3
17HR-273,66.0,69.0,45.6
17HR-273,69.0,72.0,43.1
17HR-273,72.0,75.0,38.7
17HR-273,75.0,78.0,39.0
17HR-273,78.0,81.0,61.7
17HR-273,81.0,84.0,78.5
17HR-273,84.0,87.0,49.8
17HR-273,87.0,90.0,44.4
17HR-273,90.0,93.0,57.4
17HR-273,93.0,96.0,46.8
17HR-273,96.0,99.0,49.4
17HR-273,99.0,102.0,31.3
17HR-273,102.0,105.0,95.0
17HR-273,105.0,108.0,91.4
17HR-273,108.0,111.0,81.6
17HR-273,111.0,114.0,69.9
17HR-273,114.0,117.0,61.8
17HR-273,117.0,120.0,74.5
17HR-273,120.0,123.0,69.7
17HR-273,123.0,126.0,74.6
17HR-273,126.0,129.0,33.0
17HR-273,129.0,132.0,47.4
17HR-273,132.0,135.0,42.2
17HR-273,135.0,138.0,33.7
17HR-273,138.0,141.0,43.4
17HR-273,141.0,144.0,33.3
17HR-273,144.0,147.0,75.4
17HR-273,147.0,150.0,71.3
17HR-273,150.0,153.0,64.2
17HR-273,153.0,156.0,92.7
17HR-273,156.0,159.0,88.0
17HR-273,159.0,162.0,61.8
17HR-273,162.0,165.0,86.7
17HR-273,165.0,168.0,61.1
17HR-273,168.0,171.0,63.0
17HR-273,171.0,174.0,67.7
17HR-273,174.0,177.0,63.5
17HR-273,177.0,180.0,63.8
17HR-273,180.0,183.0,69.2
17HR-273,183.0,186.0,69.0
17HR-273,186.0,189.0,89.2
17HR-273,189.0,192.0,86.4
17HR-273,192.0,195.0,85.4
17HR-273,195.0,198.0,86.3
17HR-273,198.0,201.0,83.6
17HR-273,201.0,204.0,63.5
17HR-273,204.0,207.0,62.4
17HR-273,207.0,210.0,70.2
17HR-273,210.0,213.0,94.1
17HR-273,213.0,216.0,37.7
17HR-273,216.0,219.0,58.1
17HR-273,219.0,222.0,43.9
17HR-273,222.0,225.0,90.7
17HR-273,225.0,228.0,67.1
17HR-273,228.0,231.0,80.8
17HR-273,231.0,234.0,77.8
17HR-273,234.0,237.0,39.0
17HR-273,237.0,240.0,43.3
17HR-273,240.0,243.0,82.1
17HR-273,243.0,246.0,68.3
17HR-273,246.0,249.0,60.2
17HR-273,249.0,252.0,60.4
17HR-273,252.0,255.0,88.8
17HR-273,255.0,258.0,73.4
17HR-273,258.0,261.0,89.7
17HR-273,261.0,264.0,60.0
17HR-273,264.0,267.0,63.3
17HR-273,267.0,270.0,79.8
17HR-273,270.0,273.0,89.2
17HR-273,273.0,276.0,70.9
17HR-273,276.0,279.0,64.6
17HR-273,279.0,282.0,68.4
17HR-273,282.0,285.0,82.4
17HR-273,285.0,288.0,89.6
17HR-273,288.0,291.0,62.5
17HR-273,291.0,294.0,92.4
17HR-273,294.0,297.0,94.1
17HR-273,297.0,300.0,94.3
17HR-273,300.0,303.0,68.3
17HR-273,303.0,306.0,65.3
17HR-273,306.0,309.0,93.2
17HR-273,309.0,312.0,82.5
17HR-273,312.0,315.0,68.7
17HR-273,315.0,318.0,66.8
17HR-273,318.0,321.0,84.8
17HR-273,321.0,324.0,87.5
17HR-273,324.0,327.0,74.2
17HR-273,327.0,330.0,88.7
17HR-273,330.0,333.0,92.3
17HR-273,333.0,336.0,73.8
17HR-273,336.0,339.0,70.9
17HR-273,339.0,342.0,78.9
17HR-273,342.0,345.0,91.2
17HR-273,345.0,348.0,62.0
17HR-273,348.0,351.0,87.8
17HR-273,351.0,354.0,85.5
17HR-273,354.0,357.0,85.2
17HR-273,357.0,360.0,68.6
17HR-273,360.0,362.0,70.8
17HR-274,0.0,3.0,18.3
17HR-274,3.0,6.0,87.1
17HR-274,6.0,9.0,75.0
17HR-274,9.0,12.0,60.8
17HR-274,12.0,15.0,45.4
17HR-274,15.0,18.0,54.0
17HR-274,18.0,21.0,42.9
17HR-274,21.0,24.0,40.1
17HR-274,24.0,27.0,73.1
17HR-274,27.0,30.0,75.5
17HR-274,30.0,33.0,76.9
17HR-274,33.0,36.0,94.6
17HR-274,36.0,39.0,87.7
17HR-274,39.0,42.0,30.7
17HR-274,42.0,45.0,30.1
17HR-274,45.0,48.0,70.6
17HR-274,48.0,51.0,89.6
17HR-274,51.0,54.0,92.1
17HR-274,54.0,57.0,87.0
17HR-274,57.0,60.0,70.2
17HR-274,60.0,63.0,70.1
17HR-274,63.0,66.0,62.0
17HR-274,66.0,69.0,93.3
17HR-274,69.0,72.0,77.4
17HR-274,72.0,75.0,63.4
17HR-274,75.0,78.0,66.9
17HR-274,78.0,81.0,77.0
17HR-274,81.0,84.0,70.0
17HR-274,84.0,87.0,71.2
17HR-274,87.0,90.0,60.8
17HR-274,90.0,93.0,82.4
17HR-274,93.0,96.0,90.6
17HR-274,96.0,99.0,64.2
17HR-274,99.0,102.0,81.9
17HR-274,102.0,105.0,40.9
17HR-274,105.0,108.0,55.3
17HR-274,108.0,111.0,74.3
17HR-274,111.0,114.0,94.3
17HR-274,114.0,117.0,83.4
17HR-274,117.0,120.0,87.8
17HR-274,120.0,123.0,61.3
17HR-274,123.0,126.0,63.2
17HR-274,126.0,129.0,39.1
17HR-274,129.0,132.0,40.6
17HR-274,132.0,135.0,72.0
17HR-274,135.0,138.0,65.1
17HR-274,138.0,141.0,91.2
17HR-274,141.0,144.0,87.3
17HR-274,144.0,147.0,81.5
17HR-274,147.0,150.0,69.1
17HR-274,150.0,153.0,74.6
17HR-274,153.0,156.0,94.3
17HR-274,156.0,159.0,86.2
17HR-274,159.0,162.0,32.0
17HR-274,162.0,165.0,56.0
17HR-274,165.0,168.0,38.5
17HR-274,168.0,171.0,56.5
17HR-274,171.0,174.0,63.8
17HR-274,174.0,177.0,70.5
17HR-274,177.0,180.0,82.0
17HR-274,180.0,183.0,56.1
17HR-274,183.0,186.0,62.4
17HR-274,186.0,189.0,61.2
17HR-274,189.0,192.0,49.0
17HR-274,192.0,195.0,60.8
17HR-274,195.0,198.0,62.5
17HR-274,198.0,201.0,87.9
17HR-274,201.0,204.0,94.1
17HR-274,204.0,207.0,52.0
17HR-274,207.0,210.0,50.3
17HR-274,210.0,213.0,91.8
17HR-274,213.0,216.0,70.3
17HR-274,216.0,219.0,91.3
17HR-274,219.0,222.0,77.3
17HR-274,222.0,225.0,62.0
17HR-274,225.0,228.0,65.5
17HR-274,228.0,231.0,57.7
17HR-274,231.0,234.0,41.6
17HR-274,234.0,237.0,38.6
17HR-274,237.0,240.0,34.6
17HR-274,240.0,243.0,71.7
17HR-274,243.0,246.0,63.5
17HR-274,246.0,249.0,72.8
17HR-274,249.0,252.0,93.1
17HR-274,252.0,255.0,62.1
17HR-274,255.0,258.0,92.2
17HR-274,258.0,261.0,81.1
17HR-274,261.0,264.0,68.9
17HR-274,264.0,267.0,62.0
17HR-274,267.0,270.0,56.6
17HR-274,270.0,273.0,62.6
17HR-274,273.0,276.0,64.5
17HR-274,276.0,279.0,60.6
17HR-274,279.0,282.0,54.6
17HR-274,282.0,285.0,64.2
17HR-274,285.0,288.0,62.5
17HR-274,288.0,291.0,81.9
17HR-274,291.0,294.0,76.6
17HR-274,294.0,297.0,69.5
17HR-274,297.0,299.0,94.7
17HR-275,0.0,3.0,49.1
17HR-275,3.0,6.0,62.4
17HR-275,6.0,9.0,69.7
17HR-275,9.0,12.0,91.6
17HR-275,12.0,15.0,83.2
17HR-275,15.0,18.0,84.3
17HR-275,18.0,21.0,78.1
17HR-275,21.0,24.0,76.5
17HR-275,24.0,27.0,60.7
17HR-275,27.0,30.0,72.5
17HR-275,30.0,33.0,35.0
17HR-275,33.0,36.0,41.3
17HR-275,36.0,39.0,41.9
17HR-275,39.0,42.0,30.6
17HR-275,42.0,45.0,42.9
17HR-275,45.0,48.0,50.6
17HR-275,48.0,51.0,58.5
17HR-275,51.0,54.0,40.6
17HR-275,54.0,57.0,55.5
17HR-275,57.0,60.0,54.7
17HR-275,60.0,63.0,84.6
17HR-275,63.0,66.0,71.6
17HR-275,66.0,69.0,92.5
17HR-275,69.0,72.0,75.9
17HR-275,72.0,75.0,62.3
17HR-275,75.0,78.0,79.2
17HR-275,78.0,81.0,83.0
17HR-275,81.0,84.0,38.5
17HR-275,84.0,87.0,32.8
17HR-275,87.0,90.0,93.7
17HR-275,90.0,93.0,61.2
17HR-275,93.0,96.0,68.5
17HR-275,96.0,99.0,51.4
17HR-275,99.0,102.0,36.4
17HR-275,102.0,105.0,62.0
17HR-275,105.0,108.0,34.3
17HR-275,108.0,111.0,33.6
17HR-275,111.0,114.0,94.7
17HR-275,114.0,117.0,73.7
17HR-275,117.0,120.0,82.3
17HR-275,120.0,123.0,76.1
17HR-275,123.0,126.0,75.0
17HR-275,126.0,129.0,31.0
17HR-275,129.0,132.0,37.1
17HR-275,132.0,135.0,40.0
17HR-275,135.0,138.0,31.0
17HR-275,138.0,141.0,30.6
17HR-275,141.0,144.0,92.4
17HR-275,144.0,147.0,68.8
17HR-275,147.0,150.0,82.5
17HR-275,150.0,153.0,91.4
17HR-275,153.0,156.0,80.1
17HR-275,156.0,159.0,68.0
17HR-275,159.0,162.0,41.1
17HR-275,162.0,165.0,56.7
17HR-275,165.0,168.0,34.8
17HR-275,168.0,171.0,90.9
17HR-275,171.0,174.0,86.3
17HR-275,174.0,177.0,63.2
17HR-275,177.0,180.0,87.3
17HR-275,180.0,183.0,76.5
17HR-275,183.0,186.0,60.4
17HR-275,186.0,189.0,38.2
17HR-275,189.0,192.0,61.6
17HR-275,192.0,195.0,89.8
17HR-275,195.0,198.0,70.3
17HR-275,198.0,201.0,87.1
17HR-275,201.0,204.0,89.7
17HR-275,204.0,207.0,73.3
17HR-275,207.0,210.0,90.2
17HR-275,210.0,213.0,73.4
17HR-275,213.0,216.0,73.0
17HR-275,216.0,219.0,67.4
17HR-275,219.0,222.0,87.7
17HR-275,222.0,225.0,92.6
17HR-275,225.0,228.0,61.6
17HR-275,228.0,231.0,83.1
17HR-275,231.0,234.0,72.1
17HR-275,234.0,237.0,32.2
17HR-275,237.0,240.0,44.1
17HR-275,240.0,243.0,93.2
17HR-275,243.0,246.0,93.3
17HR-275,246.0,249.0,63.7
17HR-275,249.0,252.0,60.9
17HR-275,252.0,255.0,93.5
17HR-275,255.0,258.0,88.6
17HR-275,258.0,261.0,93.3
17HR-275,261.0,264.0,80.4
17HR-275,264.0,267.0,83.8
17HR-275,267.0,270.0,77.3
17HR-275,270.0,273.0,57.5
17HR-275,273.0,276.0,33.6
17HR-275,276.0,279.0,48.5
17HR-275,279.0,282.0,55.0
17HR-275,282.0,285.0,61.5
17HR-275,285.0,288.0,66.1
17HR-275,288.0,291.0,65.2
17HR-275,291.0,294.0,64.7
17HR-275,294.0,297.0,52.2
17HR-275,297.0,300.0,39.0
17HR-275,300.0,303.0,56.4
17HR-275,303.0,306.0,31.2
17HR-275,306.0,309.0,74.3
17HR-275,309.0,312.0,84.9
17HR-275,312.0,315.0,83.1
17HR-275,315.0,318.0,88.7
17HR-275,318.0,321.0,69.1
17HR-275,321.0,324.0,81.2
17HR-275,324.0,327.0,71.6
17HR-275,327.0,330.0,90.0
17HR-275,330.0,333.0,63.9
17HR-275,333.0,336.0,84.5
17HR-275,336.0,339.0,72.4
17HR-275,339.0,342.0,94.5
17HR-275,342.0,345.0,68.9
17HR-275,345.0,348.0,80.6
17HR-275,348.0,351.0,67.5
17HR-275,351.0,354.0,68.7
17HR-275,354.0,357.0,60.9
17HR-275,357.0,360.0,87.3
17HR-275,360.0,363.0,66.8
17HR-275,363.0,366.0,88.7
17HR-275,366.0,369.0,93.4
17HR-275,369.0,371.0,91.6
17HR-276,0.0,3.0,45.0
17HR-276,3.0,6.0,22.6
17HR-276,6.0,9.0,36.8
17HR-276,9.0,12.0,84.3
17HR-276,12.0,15.0,61.8
17HR-276,15.0,18.0,89.0
17HR-276,18.0,21.0,75.8
17HR-276,21.0,24.0,60.2
17HR-276,24.0,27.0,83.7
17HR-276,27.0,30.0,84.4
17HR-276,30.0,33.0,80.4
17HR-276,33.0,36.0,51.2
17HR-276,36.0,39.0,33.9
17HR-276,39.0,42.0,88.5
17HR-276,42.0,45.0,69.3
17HR-276,45.0,48.0,65.1
17HR-276,48.0,51.0,71.6
17HR-276,51.0,54.0,62.4
17HR-276,54.0,57.0,82.7
17HR-276,57.0,60.0,93.6
17HR-276,60.0,63.0,90.3
17HR-276,63.0,66.0,72.5
17HR-276,66.0,69.0,75.9
17HR-276,69.0,72.0,79.0
17HR-276,72.0,75.0,62.2
17HR-276,75.0,78.0,91.3
17HR-276,78.0,81.0,84.6
17HR-276,81.0,84.0,66.9
17HR-276,84.0,87.0,81.8
17HR-276,87.0,90.0,75.6
17HR-276,90.0,93.0,84.7
17HR-276,93.0,96.0,66.4
17HR-276,96.0,99.0,77.9
17HR-276,99.0,102.0,56.8
17HR-276,102.0,105.0,38.3
17HR-276,105.0,108.0,76.7
17HR-276,108.0,111.0,65.7
17HR-276,111.0,114.0,66.6
17HR-276,114.0,117.0,60.1
17HR-276,117.0,120.0,66.9
17HR-276,120.0,123.0,65.1
17HR-276,123.0,126.0,77.5
17HR-276,126.0,129.0,83.9
17HR-276,129.0,132.0,52.5
17HR-276,132.0,135.0,57.4
17HR-276,135.0,138.0,45.3
17HR-276,138.0,141.0,37.7
17HR-276,141.0,144.0,47.7
17HR-276,144.0,147.0,75.0
17HR-276,147.0,150.0,83.9
17HR-276,150.0,153.0,73.9
17HR-276,153.0,156.0,68.3
17HR-276,156.0,159.0,69.5
17HR-276,159.0,162.0,74.9
17HR-276,162.0,165.0,70.2
17HR-276,165.0,168.0,63.6
17HR-276,168.0,171.0,78.2
17HR-276,171.0,174.0,44.2
17HR-276,174.0,177.0,57.5
17HR-276,177.0,180.0,79.9
17HR-276,180.0,183.0,60.6
17HR-276,183.0,186.0,63.8
17HR-276,186.0,189.0,75.9
17HR-276,189.0,192.0,52.5
17HR-276,192.0,195.0,58.8
17HR-276,195.0,198.0,62.7
17HR-276,198.0,201.0,33.1
17HR-276,201.0,204.0,57.2
17HR-276,204.0,207.0,59.2
17HR-276,207.0,210.0,65.8
17HR-276,210.0,213.0,89.7
17HR-276,213.0,216.0,68.0
17HR-276,216.0,219.0,77.5
17HR-276,219.0,222.0,93.1
17HR-276,222.0,225.0,72.6
17HR-276,225.0,228.0,64.1
17HR-276,228.0,231.0,70.9
17HR-276,231.0,234.0,77.8
17HR-276,234.0,237.0,93.5
17HR-276,237.0,240.0,89.3
17HR-276,240.0,243.0,86.3
17HR-276,243.0,246.0,71.6
17HR-276,246.0,249.0,90.4
17HR-276,249.0,252.0,69.0
17HR-276,252.0,255.0,86.0
17HR-276,255.0,258.0,72.8
17HR-276,258.0,261.0,81.7
17HR-276,261.0,264.0,70.0
17HR-276,264.0,267.0,70.0
17HR-276,267.0,270.0,86.0
17HR-276,270.0,273.0,70.1
17HR-276,273.0,276.0,60.7
17HR-276,276.0,279.0,65.7
17HR-276,279.0,282.0,84.3
17HR-276,282.0,285.0,87.7
17HR-276,285.0,288.0,75.0
17HR-276,288.0,291.0,89.9
17HR-276,291.0,294.0,61.7
17HR-276,294.0,297.0,91.8
17HR-276,297.0,300.0,68.4
17HR-276,300.0,303.0,86.9
17HR-276,303.0,306.0,87.0
17HR-276,306.0,309.0,65.1
17HR-276,309.0,312.0,74.6
17HR-276,312.0,315.0,89.6
17HR-276,315.0,318.0,61.7
17HR-276,318.0,321.0,84.2
17HR-276,321.0,324.0,60.7
17HR-276,324.0,327.0,91.0
17HR-276,327.0,330.0,75.7
17HR-276,330.0,333.0,80.5
17HR-276,333.0,336.0,82.8
17HR-276,336.0,339.0,81.9
17HR-276,339.0,342.0,87.4
17HR-276,342.0,345.0,71.3
17HR-276,345.0,348.0,88.5
17HR-276,348.0,351.0,77.9
17HR-276,351.0,354.0,76.6
17HR-276,354.0,357.0,94.8
17HR-276,357.0,360.0,63.0
17HR-276,360.0,363.0,93.8
17HR-276,363.0,366.0,92.3
17HR-276,366.0,369.0,88.7
17HR-276,369.0,372.0,62.2
17HR-276,372.0,375.0,93.7
17HR-276,375.0,378.0,67.3
17HR-276,378.0,381.0,80.6
17HR-276,381.0,384.0,50.8
17HR-276,384.0,387.0,56.9
17HR-276,387.0,390.0,89.6
17HR-276,390.0,393.0,63.2
17HR-276,393.0,396.0,82.9
17HR-276,396.0,399.0,67.8
17HR-276,399.0,402.0,62.0
17HR-276,402.0,405.0,40.7
17HR-276,405.0,408.0,76.4
17HR-276,408.0,411.0,68.1
17HR-276,411.0,414.0,75.1
17HR-276,414.0,417.0,88.9
17HR-276,417.0,420.0,90.6
17HR-276,420.0,423.0,89.0
17HR-276,423.0,426.0,67.5
17HR-276,426.0,429.0,81.9
17HR-276,429.0,432.0,64.7
17HR-276,432.0,435.0,73.1
17HR-276,435.0,438.0,58.2
17HR-276,438.0,441.0,56.1
17HR-276,441.0,444.0,63.0
17HR-276,444.0,447.0,43.0
17HR-276,447.0,450.0,63.2
17HR-276,450.0,453.0,58.3
17HR-276,453.0,456.0,45.9
17HR-276,456.0,459.0,38.6
17HR-276,459.0,462.0,61.7
17HR-276,462.0,465.0,43.5
17HR-276,465.0,468.0,33.9
17HR-276,468.0,471.0,47.9
17HR-276,471.0,474.0,46.4
17HR-276,474.0,477.0,45.9
17HR-276,477.0,480.0,73.0
17HR-276,480.0,483.0,89.5
17HR-276,483.0,486.0,60.8
17HR-276,486.0,489.0,79.1
17HR-276,489.0,492.0,71.2
17HR-276,492.0,495.0,63.1
17HR-276,495.0,498.0,60.1
17HR-276,498.0,501.0,41.1
17HR-276,501.0,503.0,61.4
17HR-277,0.0,3.0,27.4
17HR-277,3.0,6.0,24.2
17HR-277,6.0,9.0,82.7
17HR-277,9.0,12.0,79.2
17HR-277,12.0,15.0,51.3
17HR-277,15.0,18.0,51.0
17HR-277,18.0,21.0,42.0
17HR-277,21.0,24.0,48.9
17HR-277,24.0,27.0,40.2
17HR-277,27.0,30.0,36.0
17HR-277,30.0,33.0,56.8
17HR-277,33.0,36.0,32.5
17HR-277,36.0,39.0,64.5
17HR-277,39.0,42.0,50.7
17HR-277,42.0,45.0,63.5
17HR-277,45.0,48.0,45.4
17HR-277,48.0,51.0,54.8
17HR-277,51.0,54.0,35.8
17HR-277,54.0,57.0,35.5
17HR-277,57.0,60.0,72.4
17HR-277,60.0,63.0,84.6
17HR-277,63.0,66.0,91.8
17HR-277,66.0,69.0,67.8
17HR-277,69.0,72.0,46.0
17HR-277,72.0,75.0,59.8
17HR-277,75.0,78.0,59.3
17HR-277,78.0,81.0,94.2
17HR-277,81.0,84.0,61.2
17HR-277,84.0,87.0,62.8
17HR-277,87.0,90.0,84.6
17HR-277,90.0,93.0,83.2
17HR-277,93.0,96.0,75.1
17HR-277,96.0,99.0,61.3
17HR-277,99.0,102.0,71.3
17HR-277,102.0,105.0,39.0
17HR-277,105.0,108.0,48.9
17HR-277,108.0,111.0,38.5
17HR-277,111.0,114.0,87.7
17HR-277,114.0,117.0,83.8
17HR-277,117.0,120.0,69.4
17HR-277,120.0,123.0,92.4
17HR-277,123.0,126.0,89.5
17HR-277,126.0,129.0,91.3
17HR-277,129.0,132.0,90.4
17HR-277,132.0,135.0,80.9
17HR-277,135.0,138.0,77.7
17HR-277,138.0,141.0,87.5
17HR-277,141.0,144.0,65.8
17HR-277,144.0,147.0,72.7
17HR-277,147.0,150.0,82.5
17HR-277,150.0,153.0,72.9
17HR-277,153.0,156.0,85.7
17HR-277,156.0,159.0,87.7
17HR-277,159.0,162.0,53.4
17HR-277,162.0,165.0,54.9
17HR-277,165.0,168.0,54.4
17HR-277,168.0,171.0,53.0
17HR-277,171.0,174.0,43.0
17HR-277,174.0,177.0,44.2
17HR-277,177.0,180.0,88.6
17HR-277,180.0,183.0,92.6
17HR-277,183.0,186.0,67.7
17HR-277,186.0,189.0,75.2
17HR-277,189.0,192.0,89.1
17HR-277,192.0,195.0,60.0
17HR-277,195.0,198.0,91.7
17HR-277,198.0,201.0,61.7
17HR-277,201.0,204.0,91.6
17HR-277,204.0,207.0,93.5
17HR-277,207.0,210.0,92.2
17HR-277,210.0,213.0,64.3
17HR-277,213.0,216.0,86.4
17HR-277,216.0,219.0,71.7
17HR-277,219.0,222.0,91.6
17HR-277,222.0,225.0,60.0
17HR-277,225.0,228.0,57.6
17HR-277,228.0,231.0,40.9
17HR-277,231.0,234.0,76.7
17HR-277,234.0,237.0,81.6
17HR-277,237.0,240.0,92.4
17HR-277,240.0,243.0,79.9
17HR-277,243.0,246.0,92.6
17HR-277,246.0,249.0,73.1
17HR-277,249.0,252.0,94.3
17HR-277,252.0,255.0,72.0
17HR-277,255.0,258.0,92.6
17HR-277,258.0,261.0,85.1
17HR-277,261.0,264.0,79.2
17HR-277,264.0,267.0,74.7
17HR-277,267.0,270.0,73.2
17HR-277,270.0,273.0,85.0
17HR-277,273.0,276.0,67.7
17HR-277,276.0,279.0,93.9
17HR-277,279.0,282.0,62.3
17HR-277,282.0,285.0,75.8
17HR-277,285.0,288.0,69.4
17HR-277,288.0,291.0,62.3
17HR-277,291.0,294.0,78.9
17HR-277,294.0,297.0,64.2
17HR-277,297.0,300.0,62.4
17HR-277,300.0,303.0,65.3
17HR-277,303.0,306.0,65.2
17HR-277,306.0,309.0,77.8
17HR-277,309.0,312.0,79.7
17HR-277,312.0,315.0,81.1
17HR-277,315.0,318.0,67.1
17HR-277,318.0,321.0,85.3
17HR-277,321.0,324.0,77.0
17HR-277,324.0,327.0,82.6
17HR-277,327.0,330.0,62.5
17HR-277,330.0,333.0,53.9
17HR-277,333.0,336.0,76.1
17HR-277,336.0,339.0,93.1
17HR-277,339.0,342.0,69.8
17HR-277,342.0,345.0,88.5
17HR-277,345.0,348.0,66.5
17HR-277,348.0,351.0,79.2
17HR-277,351.0,354.0,74.8
17HR-277,354.0,357.0,68.2
17HR-277,357.0,360.0,71.2
17HR-277,360.0,363.0,67.1
17HR-277,363.0,366.0,67.1
17HR-277,366.0,369.0,92.7
17HR-277,369.0,372.0,72.7
17HR-277,372.0,375.0,76.7
17HR-277,375.0,378.0,75.8
17HR-277,378.0,381.0,84.0
17HR-277,381.0,384.0,60.7
17HR-277,384.0,387.0,78.3
17HR-277,387.0,390.0,66.1
17HR-277,390.0,393.0,89.3
17HR-277,393.0,396.0,62.8
17HR-277,396.0,399.0,88.3
17HR-277,399.0,402.0,88.5
17HR-277,402.0,405.0,84.3
17HR-278,0.0,3.0,41.8
17HR-278,3.0,6.0,49.1
17HR-278,6.0,9.0,53.1
17HR-278,9.0,12.0,31.6
17HR-278,12.0,15.0,43.2
17HR-278,15.0,18.0,68.1
17HR-278,18.0,21.0,81.6
17HR-278,21.0,24.0,77.3
17HR-278,24.0,27.0,64.9
17HR-278,27.0,30.0,75.5
17HR-278,30.0,33.0,64.1
17HR-278,33.0,36.0,60.1
17HR-278,36.0,39.0,67.6
17HR-278,39.0,42.0,80.4
17HR-278,42.0,45.0,86.4
17HR-278,45.0,48.0,66.4
17HR-278,48.0,51.0,90.4
17HR-278,51.0,54.0,81.2
17HR-278,54.0,57.0,71.9
17HR-278,57.0,60.0,92.9
17HR-278,60.0,63.0,66.6
17HR-278,63.0,66.0,79.0
17HR-278,66.0,69.0,89.4
17HR-278,69.0,72.0,70.4
17HR-278,72.0,75.0,73.0
17HR-278,75.0,78.0,72.3
17HR-278,78.0,81.0,91.3
17HR-278,81.0,84.0,79.2
17HR-278,84.0,87.0,67.5
17HR-278,87.0,90.0,71.2
17HR-278,90.0,93.0,82.9
17HR-278,93.0,96.0,79.2
17HR-278,96.0,99.0,73.3
17HR-278,99.0,102.0,64.6
17HR-278,102.0,105.0,68.0
17HR-278,105.0,108.0,65.9
17HR-278,108.0,111.0,82.2
17HR-278,111.0,114.0,85.7
17HR-278,114.0,117.0,92.9
17HR-278,117.0,120.0,92.5
17HR-278,120.0,123.0,75.2
17HR-278,123.0,126.0,78.6
17HR-278,126.0,129.0,71.7
17HR-278,129.0,132.0,61.0
17HR-278,132.0,135.0,31.6
17HR-278,135.0,138.0,35.7
17HR-278,138.0,141.0,41.8
17HR-278,141.0,144.0,42.5
17HR-278,144.0,147.0,76.8
17HR-278,147.0,150.0,70.1
17HR-278,150.0,153.0,89.1
17HR-278,153.0,156.0,93.3
17HR-278,156.0,159.0,77.5
17HR-278,159.0,162.0,68.6
17HR-278,162.0,165.0,74.9
17HR-278,165.0,168.0,72.1
17HR-278,168.0,171.0,89.9
17HR-278,171.0,174.0,70.5
17HR-278,174.0,177.0,86.0
17HR-278,177.0,180.0,94.7
17HR-278,180.0,183.0,75.8
17HR-278,183.0,186.0,90.8
17HR-278,186.0,189.0,78.7
17HR-278,189.0,192.0,70.2
17HR-278,192.0,195.0,66.2
17HR-278,195.0,198.0,72.3
17HR-278,198.0,201.0,85.3
17HR-278,201.0,204.0,93.3
17HR-278,204.0,207.0,69.7
17HR-278,207.0,210.0,68.8
17HR-278,210.0,213.0,61.3
17HR-278,213.0,216.0,61.9
17HR-278,216.0,219.0,89.0
17HR-278,219.0,222.0,94.0
17HR-278,222.0,225.0,85.5
17HR-278,225.0,228.0,73.6
17HR-278,228.0,231.0,66.0
17HR-278,231.0,234.0,62.5
17HR-278,234.0,237.0,70.4
17HR-278,237.0,240.0,82.1
17HR-278,240.0,243.0,88.7
17HR-278,243.0,246.0,82.4
17HR-278,246.0,249.0,75.5
17HR-278,249.0,252.0,62.4
17HR-278,252.0,255.0,61.9
17HR-278,255.0,258.0,83.1
17HR-278,258.0,261.0,73.3
17HR-278,261.0,264.0,90.7
17HR-278,264.0,267.0,77.3
17HR-278,267.0,270.0,73.4
17HR-278,270.0,273.0,86.7
17HR-278,273.0,276.0,76.8
17HR-278,276.0,279.0,77.3
17HR-278,279.0,282.0,63.3
17HR-278,282.0,285.0,48.9
17HR-278,285.0,288.0,60.5
17HR-278,288.0,291.0,70.4
17HR-278,291.0,294.0,94.8
17HR-278,294.0,297.0,90.6
17HR-278,297.0,300.0,72.3
17HR-278,300.0,303.0,92.9
17HR-278,303.0,306.0,67.2
17HR-278,306.0,309.0,75.5
17HR-278,309.0,312.0,81.3
17HR-278,312.0,315.0,85.0
17HR-278,315.0,318.0,82.4
17HR-278,318.0,321.0,84.6
17HR-278,321.0,324.0,92.4
17HR-278,324.0,327.0,65.1
17HR-278,327.0,330.0,87.6
17HR-278,330.0,333.0,61.1
17HR-278,333.0,336.0,88.9
17HR-278,336.0,339.0,90.9
17HR-278,339.0,342.0,89.6
17HR-278,342.0,345.0,82.3
17HR-278,345.0,348.0,82.0
17HR-278,348.0,351.0,70.1
17HR-278,351.0,354.0,61.1
17HR-278,354.0,357.0,63.7
17HR-278,357.0,360.0,72.8
17HR-278,360.0,363.0,70.7
17HR-278,363.0,366.0,70.6
17HR-278,366.0,369.0,47.9
17HR-278,369.0,372.0,31.0
17HR-278,372.0,375.0,59.6
17HR-278,375.0,378.0,84.5
17HR-278,378.0,381.0,65.8
17HR-278,381.0,384.0,65.2
17HR-278,384.0,387.0,82.5
17HR-278,387.0,390.0,72.6
17HR-278,390.0,393.0,85.8
17HR-278,393.0,396.0,65.0
17HR-278,396.0,399.0,61.0
17HR-278,399.0,402.0,91.4
17HR-278,402.0,405.0,90.6
17HR-278,405.0,408.0,47.2
17HR-278,408.0,411.0,64.2
17HR-278,411.0,414.0,68.3
17HR-278,414.0,417.0,80.0
17HR-278,417.0,420.0,77.5
17HR-278,420.0,423.0,91.0
17HR-278,423.0,426.0,83.2
17HR-278,426.0,429.0,88.5
17HR-278,429.0,432.0,66.1
17HR-278,432.0,435.0,74.5
17HR-278,435.0,438.0,82.0
17HR-278,438.0,441.0,92.9
17HR-278,441.0,444.0,69.5
17HR-278,444.0,447.0,62.3
17HR-278,447.0,450.0,49.9
17HR-278,450.0,453.0,63.2
17HR-278,453.0,456.0,58.6
17HR-278,456.0,459.0,53.6
17HR-278,459.0,462.0,31.5
17HR-278,462.0,465.0,59.4
17HR-278,465.0,468.0,43.8
17HR-278,468.0,471.0,35.2
17HR-278,471.0,474.0,35.0
17HR-278,474.0,477.0,32.9
17HR-278,477.0,480.0,40.9
17HR-278,480.0,483.0,58.4
17HR-278,483.0,486.0,42.7
17HR-278,486.0,489.0,61.7
17HR-278,489.0,492.0,50.9
17HR-278,492.0,495.0,63.3
17HR-278,495.0,498.0,62.0
17HR-278,498.0,501.0,55.6
17HR-278,501.0,504.0,42.8
17HR-278,504.0,507.0,71.9
17HR-278,507.0,510.0,82.6
17HR-278,510.0,513.0,57.7
17HR-278,513.0,516.0,34.6
17HR-278,516.0,519.0,43.7
17HR-278,519.0,522.0,72.7
17HR-278,522.0,525.0,90.6
17HR-278,525.0,528.0,37.7
17HR-278,528.0,531.0,64.4
17HR-278,531.0,534.0,30.9
17HR-278,534.0,537.0,41.0
17HR-278,537.0,540.0,31.1
17HR-278,540.0,543.0,46.4
17HR-278,543.0,546.0,34.9
17HR-278,546.0,549.0,59.9
17HR-278,549.0,552.0,83.2
17HR-278,552.0,555.0,88.6
17HR-278,555.0,558.0,65.6
17HR-278,558.0,561.0,83.8
17HR-278,561.0,564.0,89.7
17HR-278,564.0,567.0,76.1
17HR-278,567.0,570.0,35.6
17HR-278,570.0,573.0,54.1
17HR-278,573.0,576.0,55.2
17HR-278,576.0,579.0,62.2
17HR-278,579.0,582.0,48.8
17HR-278,582.0,585.0,40.6
17HR-278,585.0,588.0,79.8
17HR-278,588.0,591.0,89.5
17HR-278,591.0,594.0,87.8
17HR-278,594.0,597.0,64.7
17HR-278,597.0,600.0,82.7
17HR-278,600.0,603.0,68.7
17HR-278,603.0,606.0,89.9
17HR-278,606.0,609.0,82.4
17HR-278,609.0,612.0,60.2
17HR-278,612.0,615.0,63.2
17HR-278,615.0,618.0,65.7
17HR-278,618.0,621.0,79.3
17HR-278,621.0,624.0,73.7
17HR-278,624.0,627.0,94.0
17HR-278,627.0,630.0,85.2
17HR-278,630.0,630.3,83.0
17HR-279,0.0,3.0,75.6
17HR-279,3.0,6.0,61.6
17HR-279,6.0,9.0,83.1
17HR-279,9.0,12.0,73.5
17HR-279,12.0,15.0,72.4
17HR-279,15.0,18.0,69.3
17HR-279,18.0,21.0,74.3
17HR-279,21.0,24.0,61.6
17HR-279,24.0,27.0,62.2
17HR-279,27.0,30.0,62.8
17HR-279,30.0,33.0,67.6
17HR-279,33.0,36.0,68.2
17HR-279,36.0,39.0,66.7
17HR-279,39.0,42.0,89.6
17HR-279,42.0,45.0,89.4
17HR-279,45.0,48.0,66.2
17HR-279,48.0,51.0,92.8
17HR-279,51.0,54.0,69.1
17HR-279,54.0,57.0,77.3
17HR-279,57.0,60.0,84.0
17HR-279,60.0,63.0,91.1
17HR-279,63.0,66.0,88.6
17HR-279,66.0,69.0,62.7
17HR-279,69.0,72.0,94.4
17HR-279,72.0,75.0,83.0
17HR-279,75.0,78.0,64.9
17HR-279,78.0,81.0,75.0
17HR-279,81.0,84.0,68.4
17HR-279,84.0,87.0,75.2
17HR-279,87.0,90.0,66.1
17HR-279,90.0,93.0,74.0
17HR-279,93.0,96.0,70.2
17HR-279,96.0,99.0,68.4
17HR-279,99.0,102.0,60.7
17HR-279,102.0,105.0,95.0
17HR-279,105.0,108.0,74.7
17HR-279,108.0,111.0,77.2
17HR-279,111.0,114.0,79.5
17HR-279,114.0,117.0,68.1
17HR-279,117.0,120.0,63.5
17HR-279,120.0,123.0,65.2
17HR-279,123.0,126.0,85.2
17HR-279,126.0,129.0,61.9
17HR-279,129.0,132.0,75.2
17HR-279,132.0,135.0,87.8
17HR-279,135.0,138.0,78.9
17HR-279,138.0,141.0,73.5
17HR-279,141.0,144.0,94.8
17HR-279,144.0,147.0,90.1
17HR-279,147.0,150.0,73.3
17HR-279,150.0,153.0,85.3
17HR-279,153.0,156.0,88.8
17HR-279,156.0,159.0,80.9
17HR-279,159.0,162.0,70.6
17HR-279,162.0,165.0,65.7
17HR-279,165.0,168.0,66.2
17HR-279,168.0,171.0,95.0
17HR-279,171.0,174.0,62.3
17HR-279,174.0,177.0,83.9
17HR-279,177.0,180.0,80.9
17HR-279,180.0,183.0,84.3
17HR-279,183.0,186.0,60.5
17HR-279,186.0,189.0,75.5
17HR-279,189.0,192.0,66.4
17HR-279,192.0,195.0,70.4
17HR-279,195.0,198.0,61.0
17HR-279,198.0,201.0,65.8
17HR-279,201.0,204.0,66.3
17HR-279,204.0,207.0,91.0
17HR-279,207.0,210.0,76.3
17HR-279,210.0,213.0,78.2
17HR-279,213.0,216.0,62.2
17HR-279,216.0,219.0,72.9
17HR-279,219.0,222.0,95.0
17HR-279,222.0,225.0,85.7
17HR-279,225.0,228.0,75.9
17HR-279,228.0,231.0,77.7
17HR-279,231.0,234.0,77.2
17HR-279,234.0,237.0,83.6
17HR-279,237.0,240.0,72.2
17HR-279,240.0,243.0,64.5
17HR-279,243.0,246.0,69.9
17HR-279,246.0,249.0,88.7
17HR-279,249.0,252.0,74.0
17HR-279,252.0,255.0,89.3
17HR-279,255.0,258.0,62.4
17HR-279,258.0,261.0,82.8
17HR-279,261.0,264.0,61.5
17HR-279,264.0,267.0,71.6
17HR-279,267.0,270.0,86.6
17HR-279,270.0,273.0,90.5
17HR-279,273.0,276.0,73.3
17HR-279,276.0,279.0,81.3
17HR-279,279.0,282.0,93.6
17HR-279,282.0,285.0,94.8
17HR-279,285.0,288.0,83.0
17HR-279,288.0,291.0,74.0
17HR-279,291.0,294.0,85.0
17HR-279,294.0,297.0,89.9
17HR-279,297.0,300.0,64.8
17HR-279,300.0,303.0,69.1
17HR-279,303.0,306.0,77.9
17HR-279,306.0,309.0,84.1
17HR-279,309.0,312.0,73.3
17HR-279,312.0,315.0,82.0
17HR-279,315.0,318.0,82.1
17HR-279,318.0,321.0,67.0
17HR-279,321.0,324.0,70.5
17HR-279,324.0,327.0,85.4
17HR-279,327.0,330.0,62.4
17HR-279,330.0,333.0,78.3
17HR-279,333.0,336.0,65.6
17HR-279,336.0,339.0,65.7
17HR-279,339.0,342.0,83.3
17HR-279,342.0,345.0,85.7
17HR-279,345.0,348.0,65.9
17HR-279,348.0,351.0,63.6
17HR-279,351.0,354.0,79.2
17HR-279,354.0,357.0,70.9
17HR-280,0.0,3.0,32.8
17HR-280,3.0,6.0,16.3
17HR-280,6.0,9.0,83.6
17HR-280,9.0,12.0,66.8
17HR-280,12.0,15.0,79.1
17HR-280,15.0,18.0,66.1
17HR-280,18.0,21.0,60.6
17HR-280,21.0,24.0,68.9
17HR-280,24.0,27.0,88.7
17HR-280,27.0,30.0,92.0
17HR-280,30.0,33.0,87.3
17HR-280,33.0,36.0,89.7
17HR-280,36.0,39.0,67.8
17HR-280,39.0,42.0,73.7
17HR-280,42.0,45.0,73.0
17HR-280,45.0,48.0,86.8
17HR-280,48.0,51.0,67.6
17HR-280,51.0,54.0,89.1
17HR-280,54.0,57.0,91.0
17HR-280,57.0,60.0,79.2
17HR-280,60.0,63.0,72.5
17HR-280,63.0,66.0,81.2
17HR-280,66.0,69.0,87.9
17HR-280,69.0,72.0,72.7
17HR-280,72.0,75.0,78.6
17HR-280,75.0,78.0,74.6
17HR-280,78.0,81.0,64.3
17HR-280,81.0,84.0,87.8
17HR-280,84.0,87.0,89.2
17HR-280,87.0,90.0,72.7
17HR-280,90.0,93.0,88.1
17HR-280,93.0,96.0,93.8
17HR-280,96.0,99.0,73.5
17HR-280,99.0,102.0,79.8
17HR-280,102.0,105.0,93.6
17HR-280,105.0,108.0,81.6
17HR-280,108.0,111.0,83.4
17HR-280,111.0,114.0,76.0
17HR-280,114.0,117.0,60.1
17HR-280,117.0,120.0,88.4
17HR-280,120.0,123.0,60.4
17HR-280,123.0,126.0,72.5
17HR-280,126.0,129.0,81.4
17HR-281,0.0,3.0,44.0
17HR-281,3.0,6.0,36.6
17HR-281,6.0,9.0,16.2
17HR-281,9.0,12.0,72.0
17HR-281,12.0,15.0,79.9
17HR-281,15.0,18.0,82.9
17HR-281,18.0,21.0,82.3
17HR-281,21.0,24.0,90.9
17HR-281,24.0,27.0,91.5
17HR-281,27.0,30.0,65.8
17HR-281,30.0,33.0,86.8
17HR-281,33.0,36.0,61.6
17HR-281,36.0,39.0,63.3
17HR-281,39.0,42.0,89.8
17HR-281,42.0,45.0,89.9
17HR-281,45.0,48.0,65.7
17HR-281,48.0,51.0,81.6
17HR-281,51.0,54.0,67.2
17HR-281,54.0,57.0,81.4
17HR-281,57.0,60.0,81.3
17HR-281,60.0,63.0,77.6
17HR-281,63.0,66.0,82.2
17HR-281,66.0,69.0,61.3
17HR-281,69.0,72.0,61.4
17HR-281,72.0,75.0,81.4
17HR-281,75.0,78.0,79.9
17HR-281,78.0,81.0,82.9
17HR-281,81.0,84.0,75.9
17HR-281,84.0,87.0,77.3
17HR-281,87.0,90.0,84.5
17HR-281,90.0,93.0,81.2
17HR-281,93.0,96.0,70.1
17HR-281,96.0,99.0,74.4
17HR-281,99.0,102.0,75.4
17HR-281,102.0,105.0,88.9
17HR-281,105.0,108.0,85.2
17HR-281,108.0,111.0,67.2
17HR-281,111.0,114.0,86.2
17HR-281,114.0,117.0,81.4
17HR-281,117.0,120.0,64.7
17HR-281,120.0,123.0,75.8
17HR-281,123.0,126.0,62.7
17HR-281,126.0,129.0,93.3
17HR-281,129.0,132.0,73.5
17HR-281,132.0,135.0,93.1
17HR-281,135.0,138.0,82.7
17HR-281,138.0,141.0,75.4
17HR-281,141.0,144.0,93.2
17HR-281,144.0,147.0,71.4
17HR-281,147.0,150.0,73.5
17HR-281,150.0,153.0,86.8
17HR-281,153.0,156.0,63.8
17HR-281,156.0,159.0,90.8
17HR-281,159.0,162.0,62.0
17HR-281,162.0,165.0,80.8
17HR-281,165.0,168.0,80.9
17HR-281,168.0,171.0,84.8
17HR-281,171.0,174.0,89.9
17HR-281,174.0,177.0,66.6
17HR-281,177.0,180.0,86.7
17HR-281,180.0,183.0,84.5
17HR-281,183.0,186.0,65.7
17HR-281,186.0,189.0,88.4
17HR-281,189.0,192.0,85.0
17HR-281,192.0,195.0,68.7
17HR-281,195.0,198.0,67.2
17HR-281,198.0,201.0,93.9
17HR-281,201.0,204.0,76.7
17HR-281,204.0,207.0,67.2
17HR-281,207.0,210.0,91.1
17HR-281,210.0,213.0,87.7
17HR-281,213.0,216.0,90.4
17HR-281,216.0,219.0,92.5
17HR-281,219.0,222.0,94.1
17HR-281,222.0,225.0,86.2
17HR-281,225.0,228.0,60.7
17HR-281,228.0,231.0,63.6
17HR-281,231.0,234.0,78.5
17HR-281,234.0,237.0,62.1
17HR-281,237.0,240.0,81.1
17HR-281,240.0,243.0,84.8
17HR-281,243.0,246.0,93.1
17HR-281,246.0,249.0,89.4
17HR-281,249.0,252.0,73.0
17HR-281,252.0,255.0,86.9
17HR-281,255.0,258.0,61.5
17HR-281,258.0,261.0,60.0
17HR-281,261.0,264.0,71.2
17HR-281,264.0,267.0,70.4
17HR-281,267.0,270.0,67.5
17HR-281,270.0,273.0,88.1
17HR-281,273.0,276.0,67.9
17HR-281,276.0,279.0,66.2
17HR-281,279.0,282.0,73.2
17HR-281,282.0,285.0,78.5
17HR-281,285.0,288.0,88.6
17HR-281,288.0,291.0,85.9
17HR-281,291.0,294.0,73.7
17HR-281,294.0,297.0,81.6
17HR-281,297.0,300.0,64.8
17HR-281,300.0,303.0,72.8
17HR-281,303.0,306.0,81.3
17HR-281,306.0,309.0,79.7
17HR-281,309.0,312.0,68.9
17HR-281,312.0,315.0,69.7
17HR-281,315.0,318.0,60.8
17HR-281,318.0,321.0,75.1
17HR-281,321.0,324.0,89.7
17HR-281,324.0,327.0,87.9
17HR-281,327.0,330.0,78.9
17HR-281,330.0,333.0,68.4
17HR-281,333.0,336.0,88.2
17HR-281,336.0,339.0,80.2
17HR-281,339.0,342.0,79.0
17HR-281,342.0,345.0,81.4
17HR-281,345.0,348.0,92.9
17HR-281,348.0,351.0,93.8
17HR-281,351.0,354.0,76.3
17HR-281,354.0,357.0,75.2
17HR-281,357.0,360.0,61.2
17HR-281,360.0,363.0,94.3
17HR-281,363.0,366.0,74.1
17HR-281,366.0,369.0,84.2
17HR-281,369.0,372.0,85.0
17HR-281,372.0,375.0,67.3
17HR-281,375.0,378.0,91.4
17HR-281,378.0,381.0,85.7
17HR-281,381.0,384.0,71.2
17HR-281,384.0,387.0,65.9
17HR-281,387.0,390.0,85.8
17HR-281,390.0,393.0,67.6
17HR-281,393.0,396.0,86.0
17HR-281,396.0,399.0,83.7
17HR-281,399.0,402.0,69.5
17HR-281,402.0,405.0,74.1
17HR-281,405.0,408.0,69.4
17HR-281,408.0,411.0,76.5
17HR-281,411.0,414.0,75.9
17HR-281,414.0,417.0,66.8
17HR-281,417.0,420.0,75.8
17HR-281,420.0,423.0,64.5
17HR-281,423.0,426.0,93.3
17HR-281,426.0,429.0,74.5
17HR-281,429.0,432.0,30.0
17HR-281,432.0,435.0,59.5
17HR-281,435.0,438.0,57.0
17HR-281,438.0,441.0,43.3
17HR-281,441.0,444.0,34.0
17HR-281,444.0,447.0,92.9
17HR-281,447.0,450.0,87.1
17HR-281,450.0,453.0,67.2
17HR-281,453.0,456.0,50.4
17HR-281,456.0,459.0,63.0
17HR-281,459.0,462.0,50.4
17HR-281,462.0,465.0,62.6
17HR-281,465.0,468.0,45.6
17HR-281,468.0,471.0,37.0
17HR-281,471.0,474.0,52.8
17HR-281,474.0,477.0,64.6
17HR-281,477.0,480.0,80.6
17HR-281,480.0,483.0,74.7
17HR-281,483.0,486.0,93.2
17HR-281,486.0,489.0,72.7
17HR-281,489.0,492.0,83.8
17HR-281,492.0,495.0,79.2
17HR-281,495.0,498.0,66.3
17HR-281,498.0,501.0,62.0
17HR-281,501.0,504.0,85.9
17HR-281,504.0,507.0,86.8
17HR-281,507.0,510.0,64.6
17HR-281,510.0,513.0,76.7
17HR-281,513.0,516.0,89.1
17HR-281,516.0,519.0,92.9
17HR-281,519.0,522.0,87.1
17HR-281,522.0,525.0,90.2
17HR-281,525.0,528.0,81.6
17HR-281,528.0,531.0,93.6
17HR-281,531.0,534.0,73.7
17HR-281,534.0,537.0,64.2
17HR-281,537.0,540.0,88.3
17HR-281,540.0,543.0,75.4
17HR-281,543.0,546.0,79.6
17HR-281,546.0,549.0,54.9
17HR-281,549.0,552.0,39.8
17HR-281,552.0,555.0,74.0
17HR-281,555.0,558.0,79.8
17HR-281,558.0,561.0,62.2
17HR-281,561.0,564.0,76.6
17HR-281,564.0,567.0,87.2
17HR-281,567.0,570.0,33.3
17HR-281,570.0,573.0,47.8
17HR-281,573.0,576.0,79.0
17HR-281,576.0,579.0,85.6
17HR-281,579.0,582.0,76.9
17HR-281,582.0,585.0,61.8
17HR-281,585.0,588.0,69.8
17HR-281,588.0,591.0,87.5
17HR-281,591.0,594.0,80.3
17HR-281,594.0,597.0,72.8
17HR-281,597.0,600.0,63.8
17HR-281,600.0,603.0,85.8
17HR-281,603.0,606.0,73.3
17HR-281,606.0,609.0,92.5
17HR-281,609.0,612.0,62.9
17HR-281,612.0,615.0,75.6
17HR-281,615.0,618.0,90.7
17HR-281,618.0,621.0,62.4
17HR-281,621.0,624.0,66.8
17HR-281,624.0,627.0,94.5
17HR-281,627.0,630.0,92.5
17HR-281,630.0,633.0,90.2
17HR-281,633.0,636.0,73.8
17HR-281,636.0,639.0,77.7
17HR-281,639.0,642.0,79.1
17HR-281,642.0,645.0,65.0
17HR-281,645.0,648.0,92.2
17HR-281,648.0,651.0,61.4
17HR-281,651.0,654.0,76.5
17HR-281,654.0,656.0,61.6
17HR-282,0.0,3.0,38.6
17HR-282,3.0,6.0,62.5
17HR-282,6.0,9.0,90.3
17HR-282,9.0,12.0,88.6
17HR-282,12.0,15.0,79.8
17HR-282,15.0,18.0,61.7
17HR-282,18.0,21.0,66.0
17HR-282,21.0,24.0,76.5
17HR-282,24.0,27.0,62.0
17HR-282,27.0,30.0,83.1
17HR-282,30.0,33.0,72.0
17HR-282,33.0,36.0,90.2
17HR-282,36.0,39.0,94.9
17HR-282,39.0,42.0,81.5
17HR-282,42.0,45.0,90.7
17HR-282,45.0,48.0,39.0
17HR-282,48.0,51.0,63.3
17HR-282,51.0,54.0,76.2
17HR-282,54.0,57.0,84.1
17HR-282,57.0,60.0,88.0
17HR-282,60.0,63.0,63.9
17HR-282,63.0,66.0,55.2
17HR-282,66.0,69.0,36.5
17HR-282,69.0,72.0,37.8
17HR-282,72.0,75.0,32.0
17HR-282,75.0,78.0,38.5
17HR-282,78.0,81.0,44.6
17HR-282,81.0,84.0,64.7
17HR-282,84.0,87.0,33.2
17HR-282,87.0,90.0,57.2
17HR-282,90.0,93.0,41.1
17HR-282,93.0,96.0,52.0
17HR-282,96.0,99.0,49.5
17HR-282,99.0,102.0,43.6
17HR-282,102.0,105.0,37.3
17HR-282,105.0,108.0,58.3
17HR-282,108.0,111.0,33.3
17HR-282,111.0,114.0,60.5
17HR-282,114.0,117.0,42.8
17HR-282,117.0,120.0,64.1
17HR-282,120.0,123.0,46.7
17HR-282,123.0,126.0,36.3
17HR-282,126.0,129.0,56.0
17HR-282,129.0,132.0,57.2
17HR-282,132.0,135.0,60.4
17HR-282,135.0,138.0,74.4
17HR-282,138.0,141.0,88.1
17HR-282,141.0,144.0,71.4
17HR-282,144.0,147.0,85.3
17HR-282,147.0,150.0,94.9
17HR-282,150.0,153.0,83.5
17HR-282,153.0,156.0,67.6
17HR-282,156.0,159.0,92.8
17HR-282,159.0,162.0,77.8
17HR-282,162.0,165.0,90.1
17HR-282,165.0,168.0,72.6
17HR-282,168.0,171.0,68.4
17HR-282,171.0,174.0,81.8
17HR-282,174.0,177.0,82.3
17HR-282,177.0,180.0,47.5
17HR-282,180.0,183.0,33.6
17HR-282,183.0,186.0,69.9
17HR-282,186.0,189.0,86.7
17HR-282,189.0,192.0,79.4
17HR-282,192.0,195.0,76.2
17HR-282,195.0,198.0,62.1
17HR-282,198.0,201.0,84.5
17HR-282,201.0,204.0,82.5
17HR-282,204.0,207.0,60.8
17HR-282,207.0,210.0,88.7
17HR-282,210.0,213.0,78.3
17HR-282,213.0,216.0,84.0
17HR-282,216.0,219.0,79.0
17HR-282,219.0,222.0,61.1
17HR-282,222.0,225.0,72.7
17HR-282,225.0,228.0,80.9
17HR-282,228.0,231.0,34.3
17HR-282,231.0,234.0,60.4
17HR-282,234.0,237.0,64.2
17HR-282,237.0,240.0,41.8
17HR-282,240.0,243.0,38.2
17HR-282,243.0,246.0,52.1
17HR-282,246.0,249.0,44.8
17HR-282,249.0,252.0,47.1
17HR-282,252.0,255.0,91.6
17HR-282,255.0,258.0,66.5
17HR-282,258.0,261.0,65.7
17HR-282,261.0,264.0,66.4
17HR-282,264.0,267.0,70.4
17HR-282,267.0,270.0,60.9
17HR-282,270.0,273.0,81.2
17HR-282,273.0,276.0,73.8
17HR-282,276.0,279.0,82.9
17HR-282,279.0,282.0,79.6
17HR-282,282.0,285.0,66.8
17HR-282,285.0,288.0,64.0
17HR-282,288.0,291.0,67.7
17HR-282,291.0,294.0,64.7
17HR-282,294.0,297.0,75.6
17HR-282,297.0,300.0,75.8
17HR-282,300.0,303.0,80.9
17HR-282,303.0,306.0,62.2
17HR-282,306.0,309.0,69.6
17HR-282,309.0,312.0,89.1
17HR-282,312.0,315.0,77.4
17HR-282,315.0,318.0,66.5
17HR-282,318.0,321.0,78.9
17HR-282,321.0,324.0,93.0
17HR-282,324.0,327.0,63.1
17HR-282,327.0,330.0,90.5
17HR-282,330.0,333.0,90.1
17HR-282,333.0,336.0,82.0
17HR-282,336.0,339.0,76.3
17HR-282,339.0,342.0,84.3
17HR-282,342.0,345.0,82.2
17HR-282,345.0,348.0,70.3
17HR-282,348.0,351.0,87.6
17HR-282,351.0,354.0,73.1
17HR-282,354.0,357.0,65.5
17HR-282,357.0,360.0,74.1
17HR-282,360.0,363.0,83.4
17HR-282,363.0,366.0,65.9
17HR-282,366.0,369.0,76.9
17HR-282,369.0,372.0,78.7
17HR-282,372.0,375.0,87.3
17HR-282,375.0,378.0,73.0
17HR-282,378.0,381.0,87.2
17HR-282,381.0,384.0,85.3
17HR-282,384.0,387.0,59.5
17HR-282,387.0,390.0,58.5
17HR-282,390.0,391.0,64.8
17HR-283,0.0,3.0,32.7
17HR-283,3.0,6.0,83.7
17HR-283,6.0,9.0,67.5
17HR-283,9.0,12.0,66.8
17HR-283,12.0,15.0,87.0
17HR-283,15.0,18.0,84.9
17HR-283,18.0,21.0,89.0
17HR-283,21.0,24.0,86.8
17HR-283,24.0,27.0,78.8
17HR-283,27.0,30.0,72.0
17HR-283,30.0,33.0,92.6
17HR-283,33.0,36.0,87.1
17HR-283,36.0,39.0,69.2
17HR-283,39.0,42.0,71.8
17HR-283,42.0,45.0,88.2
17HR-283,45.0,48.0,87.2
17HR-283,48.0,51.0,91.8
17HR-283,51.0,54.0,65.5
17HR-283,54.0,57.0,65.9
17HR-283,57.0,60.0,68.9
17HR-283,60.0,63.0,77.5
17HR-283,63.0,66.0,86.3
17HR-283,66.0,69.0,81.3
17HR-283,69.0,72.0,69.4
17HR-283,72.0,75.0,86.2
17HR-283,75.0,78.0,71.1
17HR-283,78.0,81.0,77.4
17HR-283,81.0,84.0,81.7
17HR-283,84.0,87.0,71.7
17HR-283,87.0,90.0,75.6
17HR-283,90.0,93.0,79.3
17HR-283,93.0,96.0,84.3
17HR-283,96.0,99.0,92.0
17HR-283,99.0,102.0,70.5
17HR-283,102.0,105.0,86.2
17HR-283,105.0,108.0,73.6
17HR-283,108.0,111.0,71.8
17HR-283,111.0,114.0,83.7
17HR-283,114.0,117.0,90.5
17HR-283,117.0,120.0,64.6
17HR-283,120.0,123.0,78.8
17HR-283,123.0,126.0,76.4
17HR-283,126.0,129.0,74.4
17HR-283,129.0,132.0,88.2
17HR-283,132.0,135.0,73.9
17HR-283,135.0,138.0,61.5
17HR-283,138.0,141.0,78.6
17HR-283,141.0,144.0,94.1
17HR-283,144.0,147.0,75.0
17HR-283,147.0,150.0,61.4
17HR-283,150.0,153.0,94.6
17HR-283,153.0,156.0,79.4
17HR-283,156.0,158.0,67.3
17HR-284,0.0,3.0,39.9
17HR-284,3.0,6.0,19.3
17HR-284,6.0,9.0,65.2
17HR-284,9.0,12.0,88.4
17HR-284,12.0,15.0,71.3
17HR-284,15.0,18.0,91.3
17HR-284,18.0,21.0,64.2
17HR-284,21.0,24.0,38.5
17HR-284,24.0,27.0,47.6
17HR-284,27.0,30.0,43.4
17HR-284,30.0,33.0,37.8
17HR-284,33.0,36.0,36.1
17HR-284,36.0,39.0,68.5
17HR-284,39.0,42.0,83.7
17HR-284,42.0,45.0,68.9
17HR-284,45.0,48.0,62.1
17HR-284,48.0,51.0,49.2
17HR-284,51.0,54.0,56.1
17HR-284,54.0,57.0,64.9
17HR-284,57.0,60.0,42.5
17HR-284,60.0,63.0,31.5
17HR-284,63.0,66.0,57.5
17HR-284,66.0,69.0,57.9
17HR-284,69.0,72.0,75.5
17HR-284,72.0,75.0,74.0
17HR-284,75.0,78.0,82.1
17HR-284,78.0,81.0,80.0
17HR-284,81.0,84.0,73.7
17HR-284,84.0,87.0,72.4
17HR-284,87.0,90.0,84.4
17HR-284,90.0,93.0,82.9
17HR-284,93.0,96.0,81.3
17HR-284,96.0,99.0,77.2
17HR-284,99.0,102.0,49.5
17HR-284,102.0,105.0,33.9
17HR-284,105.0,108.0,68.1
17HR-284,108.0,111.0,78.5
17HR-284,111.0,114.0,70.3
17HR-284,114.0,117.0,64.5
17HR-284,117.0,120.0,73.3
17HR-284,120.0,123.0,79.3
17HR-284,123.0,126.0,79.8
17HR-284,126.0,129.0,60.9
17HR-284,129.0,132.0,72.1
17HR-284,132.0,135.0,66.2
17HR-284,135.0,138.0,88.1
17HR-284,138.0,141.0,73.6
17HR-284,141.0,144.0,86.8
17HR-284,144.0,147.0,74.6
17HR-284,147.0,150.0,62.6
17HR-284,150.0,153.0,87.4
17HR-284,153.0,156.0,70.5
17HR-284,156.0,159.0,78.6
17HR-284,159.0,162.0,61.3
17HR-284,162.0,165.0,71.8
17HR-284,165.0,168.0,62.6
17HR-284,168.0,171.0,70.8
17HR-284,171.0,174.0,53.7
17HR-284,174.0,177.0,40.7
17HR-284,177.0,180.0,60.3
17HR-284,180.0,183.0,60.8
17HR-284,183.0,186.0,65.0
17HR-284,186.0,189.0,86.9
17HR-284,189.0,192.0,33.3
17HR-284,192.0,195.0,48.0
17HR-284,195.0,198.0,67.1
17HR-284,198.0,201.0,89.0
17HR-284,201.0,204.0,82.6
17HR-284,204.0,207.0,86.8
17HR-284,207.0,210.0,79.0
17HR-284,210.0,213.0,72.1
17HR-284,213.0,216.0,54.9
17HR-284,216.0,219.0,35.1
17HR-284,219.0,222.0,80.5
17HR-284,222.0,225.0,71.6
17HR-284,225.0,228.0,31.4
17HR-284,228.0,231.0,54.3
17HR-284,231.0,234.0,61.2
17HR-284,234.0,237.0,66.3
17HR-284,237.0,240.0,95.0
17HR-284,240.0,243.0,62.2
17HR-284,243.0,246.0,68.7
17HR-284,246.0,249.0,73.0
17HR-284,249.0,252.0,86.0
17HR-284,252.0,255.0,65.2
17HR-284,255.0,258.0,62.2
17HR-284,258.0,261.0,76.0
17HR-284,261.0,264.0,61.4
17HR-284,264.0,267.0,71.7
17HR-284,267.0,270.0,66.9
17HR-284,270.0,273.0,93.3
17HR-284,273.0,276.0,65.1
17HR-284,276.0,279.0,68.4
17HR-284,279.0,282.0,88.2
17HR-284,282.0,285.0,76.7
17HR-284,285.0,288.0,35.4
17HR-284,288.0,291.0,36.5
17HR-284,291.0,294.0,58.7
17HR-284,294.0,297.0,77.6
17HR-284,297.0,300.0,61.2
17HR-284,300.0,303.0,81.8
17HR-284,303.0,306.0,38.4
17HR-284,306.0,309.0,63.2
17HR-284,309.0,312.0,61.9
17HR-284,312.0,315.0,86.2
17HR-284,315.0,318.0,93.2
17HR-284,318.0,321.0,40.6
17HR-284,321.0,324.0,35.9
17HR-284,324.0,327.0,38.2
17HR-284,327.0,330.0,58.1
17HR-284,330.0,333.0,69.1
17HR-284,333.0,336.0,62.6
17HR-284,336.0,339.0,76.1
17HR-284,339.0,342.0,76.7
17HR-284,342.0,345.0,73.7
17HR-284,345.0,348.0,87.0
17HR-284,348.0,351.0,86.0
17HR-284,351.0,354.0,71.5
17HR-284,354.0,357.0,64.9
17HR-284,357.0,360.0,66.2
17HR-284,360.0,363.0,73.1
17HR-284,363.0,366.0,66.5
17HR-284,366.0,369.0,75.2
17HR-284,369.0,372.0,65.8
17HR-284,372.0,375.0,83.6
17HR-284,375.0,378.0,67.1
17HR-284,378.0,381.0,83.3
17HR-284,381.0,384.0,68.8
17HR-284,384.0,387.0,67.9
17HR-284,387.0,390.0,88.7
17HR-284,390.0,393.0,54.3
17HR-284,393.0,396.0,47.0
17HR-284,396.0,399.0,80.5
17HR-284,399.0,402.0,68.5
17HR-284,402.0,405.0,74.9
17HR-284,405.0,408.0,65.2
17HR-284,408.0,411.0,60.4
17HR-284,411.0,414.0,90.6
17HR-284,414.0,417.0,33.8
17HR-284,417.0,420.0,63.6
17HR-284,420.0,423.0,64.8
17HR-284,423.0,426.0,55.9
17HR-284,426.0,429.0,72.1
17HR-284,429.0,432.0,74.6
17HR-284,432.0,435.0,85.8
17HR-284,435.0,438.0,89.8
17HR-284,438.0,441.0,37.2
17HR-284,441.0,444.0,43.6
17HR-284,444.0,447.0,45.4
17HR-284,447.0,450.0,67.3
17HR-284,450.0,452.0,82.1
17HR-285,0.0,3.0,24.2
17HR-285,3.0,6.0,16.7
17HR-285,6.0,9.0,46.3
17HR-285,9.0,12.0,81.0
17HR-285,12.0,15.0,93.6
17HR-285,15.0,18.0,75.4
17HR-285,18.0,21.0,92.3
17HR-285,21.0,24.0,67.0
17HR-285,24.0,27.0,77.8
17HR-285,27.0,30.0,87.2
17HR-285,30.0,33.0,94.1
17HR-285,33.0,36.0,80.0
17HR-285,36.0,39.0,80.2
17HR-285,39.0,42.0,76.1
17HR-285,42.0,45.0,91.9
17HR-285,45.0,48.0,66.1
17HR-285,48.0,51.0,81.3
17HR-285,51.0,54.0,62.8
17HR-285,54.0,57.0,80.2
17HR-285,57.0,60.0,91.2
17HR-285,60.0,63.0,90.0
17HR-285,63.0,66.0,79.4
17HR-285,66.0,69.0,63.6
17HR-285,69.0,72.0,82.7
17HR-285,72.0,75.0,83.2
17HR-285,75.0,78.0,86.7
17HR-285,78.0,81.0,77.7
17HR-285,81.0,84.0,77.1
17HR-285,84.0,87.0,89.6
17HR-285,87.0,90.0,88.0
17HR-285,90.0,93.0,73.3
17HR-285,93.0,96.0,66.4
17HR-285,96.0,99.0,73.5
17HR-285,99.0,102.0,70.6
17HR-285,102.0,105.0,68.5
17HR-285,105.0,108.0,89.4
17HR-285,108.0,111.0,67.0
17HR-285,111.0,114.0,94.5
17HR-285,114.0,117.0,66.2
17HR-285,117.0,120.0,42.0
17HR-285,120.0,123.0,44.7
17HR-285,123.0,126.0,61.4
17HR-285,126.0,129.0,54.5
17HR-285,129.0,132.0,65.3
17HR-285,132.0,135.0,68.7
17HR-285,135.0,138.0,63.9
17HR-285,138.0,141.0,47.4
17HR-285,141.0,144.0,51.8
17HR-285,144.0,147.0,30.7
17HR-285,147.0,150.0,59.9
17HR-285,150.0,153.0,44.3
17HR-285,153.0,156.0,53.1
17HR-285,156.0,159.0,84.2
17HR-285,159.0,162.0,86.0
17HR-285,162.0,165.0,44.8
17HR-285,165.0,168.0,44.2
17HR-285,168.0,171.0,45.5
17HR-285,171.0,174.0,60.4
17HR-285,174.0,177.0,39.0
17HR-285,177.0,180.0,63.5
17HR-285,180.0,183.0,66.6
17HR-285,183.0,186.0,48.8
17HR-285,186.0,189.0,52.7
17HR-285,189.0,192.0,50.4
17HR-285,192.0,195.0,34.3
17HR-285,195.0,198.0,54.0
17HR-285,198.0,201.0,57.4
17HR-285,201.0,204.0,58.0
17HR-285,204.0,207.0,51.1
17HR-285,207.0,210.0,85.4
17HR-285,210.0,213.0,86.2
17HR-285,213.0,216.0,72.9
17HR-285,216.0,219.0,68.1
17HR-285,219.0,222.0,86.3
17HR-285,222.0,225.0,94.0
17HR-285,225.0,228.0,44.4
17HR-285,228.0,231.0,61.1
17HR-285,231.0,234.0,33.2
17HR-285,234.0,237.0,33.8
17HR-285,237.0,240.0,38.0
17HR-285,240.0,243.0,69.2
17HR-285,243.0,246.0,91.5
17HR-285,246.0,249.0,83.3
17HR-285,249.0,252.0,52.6
17HR-285,252.0,255.0,37.3
17HR-285,255.0,258.0,64.3
17HR-285,258.0,261.0,77.4
17HR-285,261.0,264.0,60.8
17HR-285,264.0,267.0,58.1
17HR-285,267.0,270.0,62.0
17HR-285,270.0,273.0,67.2
17HR-285,273.0,276.0,63.9
17HR-285,276.0,279.0,66.1
17HR-285,279.0,282.0,76.8
17HR-285,282.0,285.0,78.4
17HR-285,285.0,288.0,60.6
17HR-285,288.0,291.0,60.3
17HR-285,291.0,294.0,45.6
17HR-285,294.0,297.0,33.7
17HR-285,297.0,300.0,49.7
17HR-285,300.0,303.0,36.6
17HR-285,303.0,306.0,59.7
17HR-285,306.0,309.0,31.4
17HR-285,309.0,312.0,55.2
17HR-285,312.0,315.0,49.3
17HR-285,315.0,318.0,64.1
17HR-285,318.0,321.0,72.0
17HR-285,321.0,324.0,67.7
17HR-285,324.0,327.0,70.4
17HR-285,327.0,330.0,88.3
17HR-285,330.0,333.0,77.5
17HR-285,333.0,336.0,84.9
17HR-285,336.0,339.0,60.8
17HR-285,339.0,342.0,93.0
17HR-285,342.0,345.0,65.4
17HR-285,345.0,348.0,79.2
17HR-285,348.0,351.0,73.3
17HR-285,351.0,354.0,82.3
17HR-285,354.0,357.0,77.7
17HR-285,357.0,360.0,83.7
17HR-285,360.0,363.0,62.8
17HR-285,363.0,366.0,89.9
17HR-285,366.0,369.0,93.7
17HR-285,369.0,372.0,67.7
17HR-285,372.0,375.0,65.8
17HR-285,375.0,378.0,74.5
17HR-285,378.0,381.0,64.7
17HR-285,381.0,384.0,89.0
17HR-285,384.0,387.0,89.6
17HR-285,387.0,390.0,86.5
17HR-285,390.0,393.0,77.0
17HR-285,393.0,396.0,46.7
17HR-285,396.0,399.0,50.7
17HR-285,399.0,402.0,78.6
17HR-285,402.0,405.0,70.9
17HR-285,405.0,408.0,94.0
17HR-285,408.0,411.0,84.6
17HR-285,411.0,414.0,62.2
17HR-285,414.0,417.0,89.7
17HR-285,417.0,420.0,78.7
17HR-285,420.0,423.0,95.0
17HR-285,423.0,426.0,73.1
17HR-285,426.0,429.0,75.0
17HR-285,429.0,432.0,61.9
17HR-285,432.0,435.0,78.7
17HR-285,435.0,438.0,67.3
17HR-285,438.0,441.0,85.5
17HR-285,441.0,444.0,71.8
17HR-285,444.0,447.0,74.6
17HR-285,447.0,450.0,93.9
17HR-285,450.0,452.0,94.3
17HR-286,0.0,3.0,46.1
17HR-286,3.0,6.0,63.7
17HR-286,6.0,9.0,76.0
17HR-286,9.0,12.0,89.5
17HR-286,12.0,15.0,67.7
17HR-286,15.0,18.0,94.2
17HR-286,18.0,21.0,89.0
17HR-286,21.0,24.0,85.8
17HR-286,24.0,27.0,81.9
17HR-286,27.0,30.0,75.3
17HR-286,30.0,33.0,93.5
17HR-286,33.0,36.0,77.2
17HR-286,36.0,39.0,71.4
17HR-286,39.0,42.0,89.9
17HR-286,42.0,45.0,71.8
17HR-286,45.0,48.0,91.9
17HR-286,48.0,51.0,82.6
17HR-286,51.0,54.0,82.7
17HR-286,54.0,57.0,77.3
17HR-286,57.0,60.0,83.7
17HR-286,60.0,63.0,88.5
17HR-286,63.0,66.0,90.7
17HR-286,66.0,69.0,79.8
17HR-286,69.0,72.0,77.7
17HR-286,72.0,75.0,71.9
17HR-286,75.0,78.0,75.1
17HR-286,78.0,81.0,78.4
17HR-286,81.0,84.0,79.5
17HR-286,84.0,87.0,74.2
17HR-286,87.0,90.0,79.9
17HR-286,90.0,93.0,75.5
17HR-286,93.0,96.0,86.9
17HR-286,96.0,99.0,45.8
17HR-286,99.0,102.0,33.1
17HR-286,102.0,105.0,30.9
17HR-286,105.0,108.0,86.1
17HR-286,108.0,111.0,60.2
17HR-286,111.0,114.0,60.5
17HR-286,114.0,117.0,91.0
17HR-286,117.0,120.0,77.4
17HR-286,120.0,123.0,86.4
17HR-286,123.0,126.0,79.9
17HR-286,126.0,129.0,85.9
17HR-286,129.0,132.0,75.7
17HR-286,132.0,135.0,90.9
17HR-286,135.0,138.0,59.5
17HR-286,138.0,141.0,50.4
17HR-286,141.0,144.0,57.9
17HR-286,144.0,147.0,47.8
17HR-286,147.0,150.0,62.4
17HR-286,150.0,153.0,31.5
17HR-286,153.0,156.0,49.1
17HR-286,156.0,159.0,64.7
17HR-286,159.0,162.0,49.1
17HR-286,162.0,165.0,34.1
17HR-286,165.0,168.0,84.4
17HR-286,168.0,171.0,86.7
17HR-286,171.0,174.0,90.3
17HR-286,174.0,177.0,73.8
17HR-286,177.0,180.0,47.9
17HR-286,180.0,183.0,47.8
17HR-286,183.0,186.0,55.1
17HR-286,186.0,189.0,41.2
17HR-286,189.0,192.0,88.5
17HR-286,192.0,195.0,62.0
17HR-286,195.0,198.0,81.1
17HR-286,198.0,201.0,71.4
17HR-286,201.0,204.0,87.2
17HR-286,204.0,207.0,63.0
17HR-286,207.0,210.0,61.7
17HR-286,210.0,213.0,83.0
17HR-286,213.0,216.0,64.0
17HR-286,216.0,219.0,85.0
17HR-286,219.0,222.0,87.9
17HR-286,222.0,225.0,94.1
17HR-286,225.0,228.0,89.3
17HR-286,228.0,231.0,71.3
17HR-286,231.0,234.0,70.1
17HR-286,234.0,237.0,86.9
17HR-286,237.0,240.0,94.9
17HR-286,240.0,243.0,64.1
17HR-286,243.0,246.0,44.7
17HR-286,246.0,249.0,48.6
17HR-286,249.0,252.0,38.5
17HR-286,252.0,255.0,79.4
17HR-286,255.0,258.0,87.5
17HR-286,258.0,261.0,82.3
17HR-286,261.0,264.0,63.4
17HR-286,264.0,267.0,66.8
17HR-286,267.0,270.0,79.0
17HR-286,270.0,273.0,72.5
17HR-286,273.0,276.0,80.9
17HR-286,276.0,279.0,92.4
17HR-286,279.0,282.0,92.6
17HR-286,282.0,285.0,82.7
17HR-286,285.0,288.0,82.7
17HR-286,288.0,291.0,89.2
17HR-286,291.0,294.0,94.5
17HR-286,294.0,297.0,83.5
17HR-286,297.0,300.0,69.7
17HR-286,300.0,303.0,66.6
17HR-286,303.0,306.0,65.9
17HR-286,306.0,309.0,65.6
17HR-286,309.0,312.0,77.6
17HR-286,312.0,314.0,90.6
17HR-287,0.0,3.0,45.4
17HR-287,3.0,6.0,68.9
17HR-287,6.0,9.0,68.6
17HR-287,9.0,12.0,69.3
17HR-287,12.0,15.0,86.3
17HR-287,15.0,18.0,62.1
17HR-287,18.0,21.0,74.0
17HR-287,21.0,24.0,63.6
17HR-287,24.0,27.0,68.4
17HR-287,27.0,30.0,82.1
17HR-287,30.0,33.0,72.8
17HR-287,33.0,36.0,82.1
17HR-287,36.0,39.0,63.2
17HR-287,39.0,42.0,75.3
17HR-287,42.0,45.0,74.3
17HR-287,45.0,48.0,84.5
17HR-287,48.0,51.0,83.1
17HR-287,51.0,54.0,73.0
17HR-287,54.0,57.0,80.6
17HR-287,57.0,60.0,86.7
17HR-287,60.0,63.0,82.7
17HR-287,63.0,66.0,60.9
17HR-287,66.0,69.0,76.8
17HR-287,69.0,72.0,69.1
17HR-287,72.0,75.0,62.8
17HR-287,75.0,78.0,70.2
17HR-287,78.0,81.0,81.0
17HR-287,81.0,84.0,87.5
17HR-287,84.0,87.0,77.4
17HR-287,87.0,90.0,84.9
17HR-287,90.0,93.0,66.3
17HR-287,93.0,96.0,80.8
17HR-287,96.0,99.0,72.1
17HR-287,99.0,102.0,68.1
17HR-287,102.0,105.0,76.3
17HR-287,105.0,108.0,89.4
17HR-287,108.0,111.0,60.4
17HR-287,111.0,114.0,72.9
17HR-287,114.0,117.0,66.6
17HR-287,117.0,120.0,86.4
17HR-287,120.0,123.0,76.1
17HR-287,123.0,126.0,64.8
17HR-287,126.0,129.0,69.9
17HR-287,129.0,132.0,91.2
17HR-287,132.0,135.0,89.7
17HR-287,135.0,138.0,45.6
17HR-287,138.0,141.0,37.8
17HR-287,141.0,144.0,63.0
17HR-287,144.0,147.0,74.4
17HR-287,147.0,150.0,90.2
17HR-287,150.0,153.0,83.4
17HR-287,153.0,156.0,62.2
17HR-287,156.0,159.0,88.5
17HR-287,159.0,162.0,36.3
17HR-287,162.0,165.0,62.9
17HR-287,165.0,168.0,42.4
17HR-287,168.0,171.0,56.0
17HR-287,171.0,174.0,38.6
17HR-287,174.0,177.0,32.3
17HR-287,177.0,180.0,69.3
17HR-287,180.0,183.0,60.2
17HR-287,183.0,186.0,69.4
17HR-287,186.0,189.0,65.5
17HR-287,189.0,192.0,49.1
17HR-287,192.0,195.0,35.0
17HR-287,195.0,198.0,39.5
17HR-287,198.0,201.0,49.8
17HR-287,201.0,204.0,47.5
17HR-287,204.0,207.0,42.1
17HR-287,207.0,210.0,50.4
17HR-287,210.0,213.0,57.2
17HR-287,213.0,216.0,36.7
17HR-287,216.0,219.0,56.1
17HR-287,219.0,222.0,39.6
17HR-287,222.0,225.0,64.8
17HR-287,225.0,228.0,68.5
17HR-287,228.0,231.0,90.3
17HR-287,231.0,234.0,86.2
17HR-287,234.0,237.0,88.7
17HR-287,237.0,240.0,89.1
17HR-287,240.0,243.0,65.9
17HR-287,243.0,246.0,88.8
17HR-287,246.0,249.0,91.4
17HR-287,249.0,252.0,82.0
17HR-287,252.0,255.0,83.5
17HR-287,255.0,258.0,85.1
17HR-287,258.0,261.0,77.8
17HR-287,261.0,264.0,64.5
17HR-287,264.0,267.0,91.4
17HR-287,267.0,270.0,79.3
17HR-287,270.0,273.0,73.6
17HR-287,273.0,276.0,94.9
17HR-287,276.0,279.0,66.8
17HR-287,279.0,282.0,67.3
17HR-287,282.0,285.0,70.9
17HR-287,285.0,288.0,88.9
17HR-287,288.0,291.0,85.7
17HR-287,291.0,294.0,83.1
17HR-287,294.0,297.0,89.3
17HR-287,297.0,300.0,80.0
17HR-287,300.0,303.0,84.7
17HR-287,303.0,306.0,60.6
17HR-287,306.0,309.0,69.3
17HR-287,309.0,312.0,67.1
17HR-287,312.0,315.0,81.3
17HR-287,315.0,318.0,94.0
17HR-287,318.0,321.0,61.2
17HR-287,321.0,324.0,84.6
17HR-287,324.0,327.0,94.0
17HR-287,327.0,330.0,68.7
17HR-287,330.0,333.0,72.1
17HR-287,333.0,336.0,78.0
17HR-287,336.0,339.0,90.6
17HR-287,339.0,342.0,75.8
17HR-287,342.0,345.0,72.6
17HR-287,345.0,348.0,69.6
17HR-287,348.0,351.0,75.2
17HR-287,351.0,354.0,85.0
17HR-287,354.0,357.0,83.0
17HR-287,357.0,360.0,64.6
17HR-287,360.0,363.0,59.7
17HR-287,363.0,366.0,51.2
17HR-287,366.0,369.0,89.3
17HR-287,369.0,372.0,94.7
17HR-287,372.0,375.0,84.9
17HR-287,375.0,378.0,64.9
17HR-287,378.0,381.0,60.6
17HR-287,381.0,384.0,94.9
17HR-287,384.0,387.0,64.7
17HR-287,387.0,390.0,77.5
17HR-287,390.0,393.0,86.2
17HR-287,393.0,396.0,73.7
17HR-287,396.0,399.0,76.1
17HR-287,399.0,402.0,85.3
17HR-287,402.0,405.0,85.1
17HR-287,405.0,408.0,91.1
17HR-287,408.0,411.0,73.8
17HR-287,411.0,414.0,69.1
17HR-287,414.0,417.0,63.1
17HR-287,417.0,420.0,69.5
17HR-287,420.0,423.0,65.4
17HR-287,423.0,426.0,81.2
17HR-287,426.0,429.0,90.3
17HR-287,429.0,432.0,77.9
17HR-287,432.0,435.0,63.9
17HR-287,435.0,438.0,35.4
17HR-287,438.0,441.0,44.4
17HR-287,441.0,444.0,90.2
17HR-287,444.0,447.0,91.4
17HR-287,447.0,450.0,82.9
17HR-287,450.0,453.0,61.4
17HR-287,453.0,456.0,61.4
17HR-287,456.0,459.0,53.5
17HR-287,459.0,462.0,32.8
17HR-287,462.0,465.0,74.0
17HR-287,465.0,468.0,63.0
17HR-287,468.0,471.0,77.7
17HR-287,471.0,474.0,86.2
17HR-287,474.0,477.0,70.1
17HR-287,477.0,480.0,83.8
17HR-287,480.0,483.0,72.7
17HR-287,483.0,486.0,71.2
17HR-287,486.0,489.0,60.1
17HR-287,489.0,492.0,78.8
17HR-287,492.0,495.0,62.1
17HR-287,495.0,498.0,86.2
17HR-287,498.0,501.0,67.5
17HR-287,501.0,504.0,87.3
17HR-287,504.0,507.0,77.9
17HR-287,507.0,510.0,79.5
17HR-287,510.0,513.0,60.1
17HR-287,513.0,516.0,63.1
17HR-287,516.0,519.0,67.8
17HR-287,519.0,522.0,93.6
17HR-287,522.0,525.0,69.9
17HR-287,525.0,528.0,91.6
17HR-287,528.0,531.0,77.8
17HR-287,531.0,534.0,62.7
17HR-287,534.0,537.0,68.7
17HR-287,537.0,540.0,73.7
17HR-287,540.0,543.0,63.3
17HR-287,543.0,546.0,69.6
17HR-287,546.0,549.0,91.9
17HR-287,549.0,552.0,86.2
17HR-287,552.0,555.0,70.6
17HR-287,555.0,558.0,77.2
17HR-287,558.0,561.0,73.1
17HR-287,561.0,564.0,68.6
17HR-287,564.0,567.0,70.8
17HR-287,567.0,570.0,67.3
17HR-287,570.0,573.0,89.8
17HR-287,573.0,576.0,78.3
17HR-287,576.0,579.0,86.7
17HR-287,579.0,582.0,76.6
17HR-287,582.0,585.0,88.5
17HR-287,585.0,588.0,91.7
17HR-287,588.0,591.0,70.3
17HR-287,591.0,594.0,69.3
17HR-287,594.0,597.0,73.7
17HR-287,597.0,600.0,88.4
17HR-287,600.0,603.0,78.9
17HR-287,603.0,606.0,76.7
17HR-287,606.0,609.0,75.0
17HR-287,609.0,612.0,66.4
17HR-287,612.0,615.0,61.6
17HR-287,615.0,618.0,65.2
17HR-287,618.0,621.0,70.4
17HR-287,621.0,624.0,70.5
17HR-287,624.0,627.0,79.0
17HR-287,627.0,630.0,87.8
17HR-287,630.0,633.0,78.3
17HR-287,633.0,636.0,75.7
17HR-287,636.0,638.0,72.9
17HR-288,0.0,3.0,74.2
17HR-288,3.0,6.0,65.4
17HR-288,6.0,9.0,48.0
17HR-288,9.0,12.0,34.8
17HR-288,12.0,15.0,33.8
17HR-288,15.0,18.0,60.8
17HR-288,18.0,21.0,33.2
17HR-288,21.0,24.0,35.3
17HR-288,24.0,27.0,52.7
17HR-288,27.0,30.0,72.4
17HR-288,30.0,33.0,69.3
17HR-288,33.0,36.0,61.7
17HR-288,36.0,39.0,80.6
17HR-288,39.0,42.0,61.2
17HR-288,42.0,45.0,68.9
17HR-288,45.0,48.0,66.7
17HR-288,48.0,51.0,77.5
17HR-288,51.0,54.0,75.3
17HR-288,54.0,57.0,70.8
17HR-288,57.0,60.0,91.9
17HR-288,60.0,63.0,72.3
17HR-288,63.0,66.0,90.2
17HR-288,66.0,69.0,68.6
17HR-288,69.0,72.0,65.0
17HR-288,72.0,75.0,67.4
17HR-288,75.0,78.0,78.6
17HR-288,78.0,81.0,86.1
17HR-288,81.0,84.0,72.1
17HR-288,84.0,87.0,75.6
17HR-288,87.0,90.0,84.5
17HR-288,90.0,93.0,65.4
17HR-288,93.0,96.0,91.2
17HR-288,96.0,99.0,93.6
17HR-288,99.0,102.0,63.7
17HR-288,102.0,105.0,36.9
17HR-288,105.0,108.0,56.7
17HR-288,108.0,111.0,74.1
17HR-288,111.0,114.0,93.9
17HR-288,114.0,117.0,67.2
17HR-288,117.0,120.0,63.0
17HR-288,120.0,123.0,64.7
17HR-288,123.0,126.0,69.6
17HR-288,126.0,129.0,81.1
17HR-288,129.0,132.0,93.1
17HR-288,132.0,135.0,70.0
17HR-288,135.0,138.0,82.4
17HR-288,138.0,141.0,60.2
17HR-288,141.0,144.0,62.3
17HR-288,144.0,147.0,34.1
17HR-288,147.0,150.0,57.9
17HR-288,150.0,153.0,32.1
17HR-288,153.0,156.0,37.5
17HR-288,156.0,159.0,91.2
17HR-288,159.0,162.0,71.9
17HR-288,162.0,165.0,41.0
17HR-288,165.0,168.0,42.2
17HR-288,168.0,171.0,47.4
17HR-288,171.0,174.0,45.2
17HR-288,174.0,177.0,62.6
17HR-288,177.0,180.0,42.6
17HR-288,180.0,183.0,49.1
17HR-288,183.0,186.0,69.1
17HR-288,186.0,189.0,69.3
17HR-288,189.0,192.0,80.3
17HR-288,192.0,195.0,73.9
17HR-288,195.0,198.0,60.0
17HR-288,198.0,201.0,89.3
17HR-288,201.0,204.0,76.7
17HR-288,204.0,207.0,64.0
17HR-288,207.0,210.0,83.8
17HR-288,210.0,213.0,47.4
17HR-288,213.0,216.0,54.1
17HR-288,216.0,219.0,82.9
17HR-288,219.0,222.0,84.3
17HR-288,222.0,225.0,37.2
17HR-288,225.0,227.0,32.0
17HR-289,0.0,3.0,28.2
17HR-289,3.0,6.0,29.2
17HR-289,6.0,9.0,23.3
17HR-289,9.0,12.0,42.2
17HR-289,12.0,15.0,30.5
17HR-289,15.0,18.0,86.3
17HR-289,18.0,21.0,94.9
17HR-289,21.0,24.0,93.2
17HR-289,24.0,27.0,87.7
17HR-289,27.0,30.0,91.2
17HR-289,30.0,33.0,35.1
17HR-289,33.0,36.0,54.4
17HR-289,36.0,39.0,64.0
17HR-289,39.0,42.0,69.2
17HR-289,42.0,45.0,79.1
17HR-289,45.0,48.0,80.8
17HR-289,48.0,51.0,50.0
17HR-289,51.0,54.0,37.6
17HR-289,54.0,57.0,64.9
17HR-289,57.0,60.0,41.2
17HR-289,60.0,63.0,50.3
17HR-289,63.0,66.0,47.1
17HR-289,66.0,69.0,32.7
17HR-289,69.0,72.0,79.8
17HR-289,72.0,75.0,91.0
17HR-289,75.0,78.0,81.3
17HR-289,78.0,81.0,75.8
17HR-289,81.0,84.0,61.1
17HR-289,84.0,87.0,86.5
17HR-289,87.0,90.0,80.5
17HR-289,90.0,93.0,94.9
17HR-289,93.0,96.0,92.2
17HR-289,96.0,99.0,72.2
17HR-289,99.0,102.0,69.0
17HR-289,102.0,105.0,46.9
17HR-289,105.0,108.0,35.3
17HR-289,108.0,111.0,66.1
17HR-289,111.0,114.0,68.0
17HR-289,114.0,117.0,84.5
17HR-289,117.0,120.0,77.1
17HR-289,120.0,123.0,70.2
17HR-289,123.0,126.0,77.8
17HR-289,126.0,129.0,64.2
17HR-289,129.0,132.0,83.2
17HR-289,132.0,135.0,71.9
17HR-289,135.0,138.0,66.4
17HR-289,138.0,141.0,61.0
17HR-289,141.0,144.0,51.3
17HR-289,144.0,147.0,33.6
17HR-289,147.0,150.0,64.8
17HR-289,150.0,153.0,71.7
17HR-289,153.0,156.0,63.7
17HR-289,156.0,159.0,80.5
17HR-289,159.0,162.0,92.0
17HR-289,162.0,165.0,78.1
17HR-289,165.0,168.0,86.4
17HR-289,168.0,171.0,32.1
17HR-289,171.0,174.0,38.1
17HR-289,174.0,177.0,45.5
17HR-289,177.0,180.0,47.5
17HR-289,180.0,183.0,53.4
17HR-289,183.0,186.0,49.7
17HR-289,186.0,189.0,84.3
17HR-289,189.0,192.0,79.0
17HR-289,192.0,195.0,66.9
17HR-289,195.0,198.0,89.4
17HR-289,198.0,201.0,94.1
17HR-289,201.0,204.0,86.2
17HR-289,204.0,207.0,64.3
17HR-289,207.0,210.0,62.5
17HR-289,210.0,213.0,63.9
17HR-289,213.0,216.0,86.6
17HR-289,216.0,219.0,72.3
17HR-289,219.0,222.0,80.2
17HR-289,222.0,225.0,62.7
17HR-289,225.0,228.0,67.3
17HR-289,228.0,231.0,70.7
17HR-289,231.0,234.0,82.6
17HR-289,234.0,237.0,83.1
17HR-289,237.0,240.0,78.8
17HR-289,240.0,242.3,94.3
17HR-290,0.0,3.0,80.4
17HR-290,3.0,6.0,36.1
17HR-290,6.0,9.0,37.2
17HR-290,9.0,12.0,62.6
17HR-290,12.0,15.0,37.0
17HR-290,15.0,18.0,46.5
17HR-290,18.0,21.0,49.3
17HR-290,21.0,24.0,38.2
17HR-290,24.0,27.0,63.7
17HR-290,27.0,30.0,50.4
17HR-290,30.0,33.0,46.2
17HR-290,33.0,36.0,46.4
17HR-290,36.0,39.0,79.8
17HR-290,39.0,42.0,94.1
17HR-290,42.0,45.0,42.0
17HR-290,45.0,48.0,53.8
17HR-290,48.0,51.0,61.2
17HR-290,51.0,54.0,92.2
17HR-290,54.0,57.0,56.3
17HR-290,57.0,60.0,48.8
17HR-290,60.0,63.0,81.4
17HR-290,63.0,66.0,61.8
17HR-290,66.0,69.0,63.3
17HR-290,69.0,72.0,94.3
17HR-290,72.0,75.0,70.6
17HR-290,75.0,78.0,34.5
17HR-290,78.0,81.0,42.1
17HR-290,81.0,84.0,61.3
17HR-290,84.0,87.0,78.5
17HR-290,87.0,90.0,77.2
17HR-290,90.0,93.0,75.4
17HR-290,93.0,96.0,76.2
17HR-290,96.0,99.0,62.6
17HR-290,99.0,102.0,60.4
17HR-290,102.0,105.0,88.6
17HR-290,105.0,108.0,60.4
17HR-290,108.0,111.0,75.0
17HR-290,111.0,114.0,71.6
17HR-290,114.0,117.0,92.8
17HR-290,117.0,120.0,88.3
17HR-290,120.0,123.0,69.6
17HR-290,123.0,126.0,81.4
17HR-290,126.0,129.0,65.1
17HR-290,129.0,132.0,82.8
17HR-290,132.0,135.0,52.5
17HR-290,135.0,138.0,37.5
17HR-290,138.0,141.0,79.4
17HR-290,141.0,144.0,72.5
17HR-290,144.0,147.0,70.7
17HR-290,147.0,150.0,86.9
17HR-290,150.0,153.0,75.6
17HR-290,153.0,156.0,73.1
17HR-290,156.0,159.0,89.0
17HR-290,159.0,162.0,66.9
17HR-290,162.0,165.0,56.9
17HR-290,165.0,168.0,60.0
17HR-290,168.0,171.0,33.6
17HR-290,171.0,174.0,53.5
17HR-290,174.0,177.0,60.6
17HR-290,177.0,180.0,44.9
17HR-290,180.0,183.0,32.3
17HR-290,183.0,186.0,46.7
17HR-290,186.0,189.0,38.9
17HR-290,189.0,192.0,37.8
17HR-290,192.0,195.0,35.0
17HR-290,195.0,198.0,36.3
17HR-290,198.0,201.0,36.9
17HR-290,201.0,204.0,51.2
17HR-290,204.0,207.0,46.1
17HR-290,207.0,210.0,55.5
17HR-290,210.0,213.0,52.7
17HR-290,213.0,216.0,41.6
17HR-290,216.0,219.0,39.8
17HR-290,219.0,222.0,67.3
17HR-290,222.0,225.0,89.1
17HR-290,225.0,228.0,77.4
17HR-290,228.0,231.0,70.3
17HR-290,231.0,234.0,66.1
17HR-290,234.0,237.0,67.1
17HR-290,237.0,240.0,83.4
17HR-290,240.0,243.0,85.8
17HR-290,243.0,246.0,85.4
17HR-290,246.0,249.0,60.5
17HR-290,249.0,252.0,77.8
17HR-290,252.0,255.0,93.7
17HR-290,255.0,258.0,76.0
17HR-290,258.0,261.0,76.9
17HR-290,261.0,264.0,82.6
17HR-290,264.0,267.0,64.6
17HR-290,267.0,270.0,78.4
17HR-290,270.0,273.0,69.3
17HR-290,273.0,276.0,74.5
17HR-290,276.0,279.0,61.3
17HR-290,279.0,282.0,85.4
17HR-290,282.0,285.0,82.9
17HR-290,285.0,288.0,94.3
17HR-290,288.0,291.0,72.3
17HR-290,291.0,294.0,92.5
17HR-290,294.0,297.0,94.5
17HR-290,297.0,300.0,79.3
17HR-290,300.0,303.0,78.7
17HR-290,303.0,306.0,76.0
17HR-290,306.0,309.0,81.0
17HR-290,309.0,312.0,70.6
17HR-290,312.0,315.0,69.3
17HR-290,315.0,318.0,66.1
17HR-290,318.0,321.0,63.1
17HR-290,321.0,324.0,75.0
17HR-290,324.0,327.0,62.9
17HR-290,327.0,330.0,70.7
17HR-290,330.0,333.0,73.8
17HR-290,333.0,336.0,86.2
17HR-290,336.0,339.0,67.0
17HR-290,339.0,342.0,79.6
17HR-290,342.0,345.0,81.3
17HR-290,345.0,348.0,71.4
17HR-290,348.0,351.0,60.2
17HR-290,351.0,354.0,88.3
17HR-290,354.0,357.0,77.7
17HR-290,357.0,360.0,73.2
17HR-290,360.0,363.0,66.5
17HR-290,363.0,366.0,85.1
17HR-290,366.0,369.0,84.4
17HR-290,369.0,372.0,86.6
17HR-290,372.0,375.0,69.7
17HR-290,375.0,378.0,70.3
17HR-290,378.0,381.0,74.6
17HR-290,381.0,384.0,65.5
17HR-290,384.0,387.0,92.2
17HR-290,387.0,390.0,81.4
17HR-290,390.0,393.0,65.4
17HR-290,393.0,396.0,67.4
17HR-290,396.0,399.0,78.2
17HR-290,399.0,402.0,77.7
17HR-290,402.0,405.0,94.6
17HR-290,405.0,408.0,77.3
17HR-290,408.0,411.0,72.9
17HR-290,411.0,414.0,94.8
17HR-290,414.0,417.0,94.1
17HR-290,417.0,420.0,65.3
17HR-290,420.0,423.0,73.8
17HR-290,423.0,426.0,74.6
17HR-290,426.0,429.0,86.6
17HR-290,429.0,432.0,65.9
17HR-290,432.0,435.0,79.9
17HR-290,435.0,438.0,87.2
17HR-290,438.0,440.0,85.3
17HR-291,0.0,3.0,73.7
17HR-291,3.0,6.0,93.1
17HR-291,6.0,9.0,89.5
17HR-291,9.0,12.0,65.0
17HR-291,12.0,15.0,80.1
17HR-291,15.0,18.0,72.4
17HR-291,18.0,21.0,76.5
17HR-291,21.0,24.0,68.3
17HR-291,24.0,27.0,73.8
17HR-291,27.0,30.0,81.5
17HR-291,30.0,33.0,65.9
17HR-291,33.0,36.0,65.1
17HR-291,36.0,39.0,84.0
17HR-291,39.0,42.0,77.2
17HR-291,42.0,45.0,60.6
17HR-291,45.0,48.0,61.3
17HR-291,48.0,51.0,61.3
17HR-291,51.0,54.0,90.8
17HR-291,54.0,57.0,74.7
17HR-291,57.0,60.0,89.6
17HR-291,60.0,63.0,78.1
17HR-291,63.0,66.0,81.5
17HR-291,66.0,69.0,87.5
17HR-291,69.0,72.0,94.3
17HR-291,72.0,75.0,63.5
17HR-291,75.0,78.0,73.1
17HR-291,78.0,81.0,94.9
17HR-291,81.0,84.0,88.8
17HR-291,84.0,87.0,89.8
17HR-291,87.0,90.0,89.8
17HR-291,90.0,93.0,85.4
17HR-291,93.0,96.0,68.3
17HR-291,96.0,99.0,61.4
17HR-291,99.0,102.0,91.3
17HR-291,102.0,105.0,57.3
17HR-291,105.0,108.0,31.8
17HR-291,108.0,111.0,40.1
17HR-291,111.0,114.0,58.0
17HR-291,114.0,117.0,79.5
17HR-291,117.0,120.0,68.6
17HR-291,120.0,123.0,94.8
17HR-291,123.0,126.0,73.9
17HR-291,126.0,129.0,84.2
17HR-291,129.0,132.0,64.7
17HR-291,132.0,135.0,71.4
17HR-291,135.0,138.0,74.2
17HR-291,138.0,141.0,89.8
17HR-291,141.0,144.0,83.2
17HR-291,144.0,147.0,69.0
17HR-291,147.0,150.0,85.4
17HR-291,150.0,153.0,65.7
17HR-291,153.0,156.0,84.5
17HR-291,156.0,159.0,79.8
17HR-291,159.0,162.0,72.0
17HR-291,162.0,165.0,77.1
17HR-291,165.0,168.0,94.7
17HR-291,168.0,171.0,56.3
17HR-291,171.0,174.0,47.1
17HR-291,174.0,177.0,64.6
17HR-291,177.0,180.0,76.9
17HR-291,180.0,183.0,69.9
17HR-291,183.0,186.0,70.7
17HR-291,186.0,189.0,82.6
17HR-291,189.0,192.0,94.0
17HR-291,192.0,195.0,61.6
17HR-291,195.0,198.0,76.4
17HR-291,198.0,201.0,93.4
17HR-291,201.0,204.0,68.9
17HR-291,204.0,207.0,76.9
17HR-291,207.0,210.0,83.3
17HR-291,210.0,213.0,67.1
17HR-291,213.0,216.0,62.8
17HR-291,216.0,219.0,93.0
17HR-291,219.0,222.0,92.0
17HR-291,222.0,225.0,86.3
17HR-291,225.0,228.0,89.5
17HR-291,228.0,231.0,94.2
17HR-291,231.0,234.0,85.9
17HR-291,234.0,237.0,82.0
17HR-291,237.0,240.0,80.4
17HR-291,240.0,243.0,72.2
17HR-291,243.0,246.0,81.5
17HR-291,246.0,249.0,78.1
17HR-291,249.0,252.0,74.2
17HR-291,252.0,255.0,64.7
17HR-291,255.0,258.0,86.9
17HR-291,258.0,261.0,78.4
17HR-291,261.0,264.0,82.2
17HR-291,264.0,267.0,85.9
17HR-291,267.0,270.0,79.5
17HR-291,270.0,273.0,63.0
17HR-291,273.0,276.0,89.8
17HR-291,276.0,279.0,78.0
17HR-291,279.0,282.0,75.9
17HR-291,282.0,285.0,88.5
17HR-291,285.0,287.0,62.0
17HR-292,0.0,3.0,15.4
17HR-292,3.0,6.0,63.8
17HR-292,6.0,9.0,34.5
17HR-292,9.0,12.0,80.6
17HR-292,12.0,15.0,82.3
17HR-292,15.0,18.0,68.4
17HR-292,18.0,21.0,38.2
17HR-292,21.0,24.0,33.9
17HR-292,24.0,27.0,60.6
17HR-292,27.0,30.0,83.9
17HR-292,30.0,33.0,82.2
17HR-292,33.0,36.0,76.2
17HR-292,36.0,39.0,86.6
17HR-292,39.0,42.0,74.3
17HR-292,42.0,45.0,83.6
17HR-292,45.0,48.0,85.3
17HR-292,48.0,51.0,71.5
17HR-292,51.0,54.0,61.7
17HR-292,54.0,57.0,44.6
17HR-292,57.0,60.0,76.5
17HR-292,60.0,63.0,75.3
17HR-292,63.0,66.0,65.6
17HR-292,66.0,69.0,88.5
17HR-292,69.0,72.0,85.0
17HR-292,72.0,75.0,74.5
17HR-292,75.0,78.0,86.5
17HR-292,78.0,81.0,81.3
17HR-292,81.0,84.0,65.2
17HR-292,84.0,87.0,39.5
17HR-292,87.0,90.0,34.7
17HR-292,90.0,93.0,34.5
17HR-292,93.0,96.0,36.3
17HR-292,96.0,99.0,64.4
17HR-292,99.0,102.0,35.2
17HR-292,102.0,105.0,40.2
17HR-292,105.0,108.0,56.0
17HR-292,108.0,111.0,60.6
17HR-292,111.0,114.0,43.3
17HR-292,114.0,117.0,30.3
17HR-292,117.0,120.0,39.6
17HR-292,120.0,123.0,61.2
17HR-292,123.0,126.0,46.7
17HR-292,126.0,129.0,82.7
17HR-292,129.0,132.0,61.5
17HR-292,132.0,135.0,78.7
17HR-292,135.0,138.0,69.6
17HR-292,138.0,141.0,81.5
17HR-292,141.0,144.0,85.6
17HR-292,144.0,147.0,61.3
17HR-292,147.0,150.0,67.9
17HR-292,150.0,153.0,68.9
17HR-292,153.0,156.0,87.3
17HR-292,156.0,159.0,66.5
17HR-292,159.0,162.0,85.5
17HR-292,162.0,165.0,90.8
17HR-292,165.0,168.0,68.0
17HR-292,168.0,171.0,86.4
17HR-292,171.0,174.0,76.9
17HR-292,174.0,177.0,88.9
17HR-292,177.0,180.0,92.4
17HR-292,180.0,183.0,80.1
17HR-292,183.0,186.0,83.0
17HR-292,186.0,189.0,92.7
17HR-292,189.0,192.0,63.9
17HR-292,192.0,195.0,74.6
17HR-292,195.0,198.0,64.3
17HR-292,198.0,201.0,83.6
17HR-292,201.0,204.0,64.2
17HR-292,204.0,207.0,63.5
17HR-292,207.0,209.0,91.7
17HR-293,0.0,3.0,86.4
17HR-293,3.0,6.0,61.8
17HR-293,6.0,9.0,75.2
17HR-293,9.0,12.0,78.8
17HR-293,12.0,15.0,75.7
17HR-293,15.0,18.0,66.8
17HR-293,18.0,21.0,92.9
17HR-293,21.0,24.0,42.1
17HR-293,24.0,27.0,35.5
17HR-293,27.0,30.0,84.9
17HR-293,30.0,33.0,65.9
17HR-293,33.0,36.0,84.3
17HR-293,36.0,39.0,72.4
17HR-293,39.0,42.0,71.4
17HR-293,42.0,45.0,82.8
17HR-293,45.0,48.0,94.1
17HR-293,48.0,51.0,77.4
17HR-293,51.0,54.0,40.2
17HR-293,54.0,57.0,62.5
17HR-293,57.0,60.0,63.0
17HR-293,60.0,63.0,62.2
17HR-293,63.0,66.0,62.4
17HR-293,66.0,69.0,60.8
17HR-293,69.0,72.0,62.1
17HR-293,72.0,75.0,51.1
17HR-293,75.0,78.0,35.9
17HR-293,78.0,81.0,56.1
17HR-293,81.0,84.0,41.6
17HR-293,84.0,87.0,62.4
17HR-293,87.0,90.0,89.2
17HR-293,90.0,93.0,63.4
17HR-293,93.0,96.0,61.1
17HR-293,96.0,99.0,61.2
17HR-293,99.0,102.0,38.9
17HR-293,102.0,105.0,62.5
17HR-293,105.0,108.0,69.6
17HR-293,108.0,111.0,61.6
17HR-293,111.0,114.0,88.0
17HR-293,114.0,117.0,82.0
17HR-293,117.0,120.0,79.3
17HR-293,120.0,123.0,89.1
17HR-293,123.0,126.0,87.8
17HR-293,126.0,129.0,87.1
17HR-293,129.0,132.0,94.5
17HR-293,132.0,135.0,74.1
17HR-293,135.0,138.0,71.1
17HR-293,138.0,141.0,93.9
17HR-293,141.0,144.0,75.1
17HR-293,144.0,147.0,63.9
17HR-293,147.0,150.0,69.1
17HR-293,150.0,153.0,85.1
17HR-293,153.0,156.0,89.7
17HR-293,156.0,159.0,75.2
17HR-293,159.0,162.0,72.6
17HR-293,162.0,165.0,93.9
17HR-293,165.0,168.0,63.5
17HR-293,168.0,171.0,76.7
17HR-293,171.0,174.0,80.8
17HR-293,174.0,177.0,74.1
17HR-293,177.0,180.0,91.8
17HR-293,180.0,183.0,64.0
17HR-293,183.0,186.0,85.7
17HR-293,186.0,189.0,92.2
17HR-293,189.0,192.0,81.9
17HR-293,192.0,195.0,73.1
17HR-293,195.0,198.0,61.7
17HR-293,198.0,201.0,87.2
17HR-293,201.0,204.0,45.3
17HR-293,204.0,207.0,51.4
17HR-293,207.0,210.0,57.3
17HR-293,210.0,213.0,39.7
17HR-293,213.0,216.0,74.1
17HR-293,216.0,219.0,80.3
17HR-293,219.0,222.0,89.1
17HR-293,222.0,225.0,63.0
17HR-293,225.0,228.0,55.3
17HR-293,228.0,231.0,55.0
17HR-293,231.0,234.0,63.7
17HR-293,234.0,237.0,73.1
17HR-293,237.0,240.0,78.7
17HR-293,240.0,243.0,86.2
17HR-293,243.0,246.0,64.5
17HR-293,246.0,249.0,76.4
17HR-293,249.0,252.0,52.5
17HR-293,252.0,255.0,47.7
17HR-293,255.0,258.0,73.0
17HR-293,258.0,261.0,94.9
17HR-293,261.0,264.0,75.8
17HR-293,264.0,267.0,67.7
17HR-293,267.0,270.0,94.9
17HR-293,270.0,273.0,78.7
17HR-293,273.0,276.0,80.8
17HR-293,276.0,279.0,69.3
17HR-293,279.0,282.0,44.9
17HR-293,282.0,285.0,47.4
17HR-293,285.0,288.0,46.7
17HR-293,288.0,291.0,64.9
17HR-293,291.0,294.0,66.0
17HR-293,294.0,297.0,86.2
17HR-293,297.0,300.0,64.9
17HR-293,300.0,303.0,79.8
17HR-293,303.0,306.0,60.5
17HR-293,306.0,309.0,41.7
17HR-293,309.0,312.0,60.1
17HR-293,312.0,315.0,33.8
17HR-293,315.0,318.0,33.4
17HR-293,318.0,321.0,43.3
17HR-293,321.0,324.0,71.8
17HR-293,324.0,327.0,83.2
17HR-293,327.0,330.0,90.2
17HR-293,330.0,333.0,66.6
17HR-293,333.0,336.0,77.6
17HR-293,336.0,339.0,38.7
17HR-293,339.0,342.0,44.6
17HR-293,342.0,345.0,59.2
17HR-293,345.0,348.0,45.5
17HR-293,348.0,351.0,85.7
17HR-293,351.0,354.0,71.7
17HR-293,354.0,357.0,72.9
17HR-293,357.0,360.0,60.8
17HR-293,360.0,363.0,80.5
17HR-293,363.0,366.0,87.4
17HR-293,366.0,369.0,66.0
17HR-293,369.0,372.0,89.1
17HR-293,372.0,375.0,71.0
17HR-293,375.0,378.0,81.3
17HR-293,378.0,381.0,60.6
17HR-293,381.0,384.0,70.0
17HR-293,384.0,387.0,84.4
17HR-293,387.0,390.0,71.3
17HR-293,390.0,393.0,63.4
17HR-293,393.0,396.0,70.2
17HR-293,396.0,399.0,81.2
17HR-293,399.0,402.0,64.3
17HR-293,402.0,405.0,75.4
17HR-293,405.0,408.0,61.3
17HR-293,408.0,411.0,86.2
17HR-293,411.0,414.0,69.7
17HR-293,414.0,417.0,71.9
17HR-293,417.0,420.0,94.8
17HR-293,420.0,423.0,74.7
17HR-293,423.0,426.0,79.2
17HR-293,426.0,429.0,88.1
17HR-293,429.0,432.0,74.5
17HR-293,432.0,435.0,73.4
17HR-293,435.0,438.0,84.5
17HR-293,438.0,441.0,67.8
17HR-293,441.0,444.0,88.8
17HR-293,444.0,447.0,93.2
17HR-293,447.0,450.0,61.9
17HR-293,450.0,453.0,72.2
17HR-293,453.0,456.0,64.1
17HR-293,456.0,459.0,92.9
17HR-293,459.0,462.0,81.3
17HR-293,462.0,465.0,85.4
17HR-293,465.0,468.0,73.8
17HR-293,468.0,471.0,93.6
17HR-293,471.0,474.0,62.1
17HR-293,474.0,477.0,62.7
17HR-293,477.0,480.0,67.7
17HR-293,480.0,483.0,73.1
17HR-293,483.0,486.0,94.0
17HR-293,486.0,489.0,89.0
17HR-293,489.0,492.0,91.6
17HR-293,492.0,495.0,68.1
17HR-293,495.0,498.0,76.1
17HR-293,498.0,500.4,83.4
17HR-294,0.0,3.0,73.2
17HR-294,3.0,6.0,78.5
17HR-294,6.0,9.0,69.2
17HR-294,9.0,12.0,93.4
17HR-294,12.0,15.0,84.6
17HR-294,15.0,18.0,64.2
17HR-294,18.0,21.0,62.9
17HR-294,21.0,24.0,42.1
17HR-294,24.0,27.0,61.8
17HR-294,27.0,30.0,54.4
17HR-294,30.0,33.0,33.0
17HR-294,33.0,36.0,37.7
17HR-294,36.0,39.0,85.5
17HR-294,39.0,42.0,68.1
17HR-294,42.0,45.0,55.3
17HR-294,45.0,48.0,32.2
17HR-294,48.0,51.0,46.8
17HR-294,51.0,54.0,51.6
17HR-294,54.0,57.0,49.0
17HR-294,57.0,60.0,52.9
17HR-294,60.0,63.0,43.2
17HR-294,63.0,66.0,54.4
17HR-294,66.0,69.0,62.3
17HR-294,69.0,72.0,73.9
17HR-294,72.0,75.0,87.5
17HR-294,75.0,78.0,62.5
17HR-294,78.0,81.0,66.4
17HR-294,81.0,84.0,64.7
17HR-294,84.0,87.0,61.2
17HR-294,87.0,90.0,42.5
17HR-294,90.0,93.0,36.9
17HR-294,93.0,96.0,43.2
17HR-294,96.0,99.0,49.2
17HR-294,99.0,102.0,41.3
17HR-294,102.0,105.0,93.6
17HR-294,105.0,108.0,81.1
17HR-294,108.0,111.0,73.3
17HR-294,111.0,114.0,86.2
17HR-294,114.0,117.0,77.0
17HR-294,117.0,120.0,65.8
17HR-294,120.0,123.0,79.4
17HR-294,123.0,126.0,63.0
17HR-294,126.0,129.0,90.5
17HR-294,129.0,132.0,65.1
17HR-294,132.0,135.0,60.8
17HR-294,135.0,138.0,83.3
17HR-294,138.0,141.0,70.7
17HR-294,141.0,144.0,88.3
17HR-294,144.0,147.0,74.5
17HR-294,147.0,150.0,70.8
17HR-294,150.0,153.0,75.3
17HR-294,153.0,156.0,71.2
17HR-294,156.0,159.0,64.4
17HR-294,159.0,162.0,70.0
17HR-294,162.0,165.0,41.2
17HR-294,165.0,168.0,36.2
17HR-294,168.0,171.0,61.5
17HR-294,171.0,174.0,93.8
17HR-294,174.0,177.0,89.0
17HR-294,177.0,180.0,65.8
17HR-294,180.0,183.0,61.3
17HR-294,183.0,186.0,90.6
17HR-294,186.0,189.0,84.1
17HR-294,189.0,192.0,65.0
17HR-294,192.0,195.0,84.9
17HR-294,195.0,198.0,62.0
17HR-294,198.0,201.0,69.4
17HR-294,201.0,204.0,69.8
17HR-294,204.0,207.0,82.6
17HR-294,207.0,210.0,81.9
17HR-294,210.0,213.0,68.3
17HR-294,213.0,216.0,64.2
17HR-294,216.0,219.0,93.7
17HR-294,219.0,222.0,67.5
17HR-294,222.0,225.0,90.6
17HR-294,225.0,228.0,64.0
17HR-294,228.0,231.0,76.4
17HR-294,231.0,234.0,63.4
17HR-294,234.0,237.0,80.7
17HR-294,237.0,240.0,77.3
17HR-294,240.0,243.0,88.4
17HR-294,243.0,246.0,93.0
17HR-294,246.0,249.0,83.8
17HR-294,249.0,252.0,67.5
17HR-294,252.0,255.0,92.6
17HR-294,255.0,258.0,75.9
17HR-294,258.0,261.0,82.4
17HR-294,261.0,264.0,62.5
17HR-294,264.0,267.0,69.6
17HR-294,267.0,270.0,63.3
17HR-294,270.0,273.0,86.8
17HR-294,273.0,276.0,85.7
17HR-294,276.0,279.0,90.0
17HR-294,279.0,282.0,75.1
17HR-294,282.0,285.0,69.4
17HR-294,285.0,288.0,67.8
17HR-294,288.0,291.0,84.8
17HR-294,291.0,294.0,61.3
17HR-294,294.0,297.0,77.2
17HR-294,297.0,300.0,75.5
17HR-294,300.0,303.0,64.8
17HR-294,303.0,306.0,81.0
17HR-294,306.0,309.0,65.9
17HR-294,309.0,312.0,67.9
17HR-294,312.0,315.0,89.6
17HR-294,315.0,318.0,76.9
17HR-294,318.0,321.0,87.7
17HR-294,321.0,324.0,64.0
17HR-294,324.0,327.0,62.1
17HR-294,327.0,330.0,62.2
17HR-294,330.0,333.0,84.0
17HR-294,333.0,336.0,60.8
17HR-294,336.0,339.0,63.3
17HR-294,339.0,342.0,60.0
17HR-294,342.0,345.0,91.0
17HR-294,345.0,348.0,82.5
17HR-294,348.0,351.0,88.3
17HR-294,351.0,354.0,72.5
17HR-294,354.0,357.0,93.5
17HR-294,357.0,360.0,91.8
17HR-294,360.0,363.0,66.8
17HR-294,363.0,366.0,72.6
17HR-294,366.0,369.0,88.9
17HR-294,369.0,372.0,70.3
17HR-294,372.0,375.0,91.8
17HR-294,375.0,378.0,78.7
17HR-294,378.0,381.0,69.9
17HR-294,381.0,384.0,87.6
17HR-294,384.0,387.0,94.5
17HR-294,387.0,390.0,63.6
17HR-294,390.0,393.0,86.8
17HR-294,393.0,396.0,93.3
17HR-294,396.0,399.0,74.6
17HR-294,399.0,402.0,62.8
17HR-294,402.0,405.0,70.7
17HR-294,405.0,408.0,70.5
17HR-294,408.0,411.0,83.9
17HR-294,411.0,414.0,76.0
17HR-294,414.0,417.0,61.0
17HR-294,417.0,420.0,83.2
17HR-294,420.0,423.0,89.4
17HR-294,423.0,426.0,79.8
17HR-294,426.0,429.0,77.2
17HR-294,429.0,432.0,93.6
17HR-294,432.0,435.0,66.8
17HR-294,435.0,438.0,78.6
17HR-294,438.0,441.0,80.7
17HR-294,441.0,444.0,89.0
17HR-294,444.0,447.0,72.8
17HR-294,447.0,450.0,70.4
17HR-294,450.0,453.0,76.3
17HR-294,453.0,456.0,81.3
17HR-294,456.0,459.0,69.6
17HR-294,459.0,462.0,75.2
17HR-294,462.0,465.0,94.3
17HR-294,465.0,468.0,88.5
17HR-294,468.0,471.0,78.8
17HR-294,471.0,474.0,79.9
17HR-294,474.0,477.0,67.4
17HR-294,477.0,480.0,92.7
17HR-294,480.0,483.0,65.5
17HR-294,483.0,486.0,94.8
17HR-294,486.0,488.0,61.5
17HR-295,0.0,3.0,41.1
17HR-295,3.0,6.0,49.1
17HR-295,6.0,9.0,55.3
17HR-295,9.0,12.0,60.0
17HR-295,12.0,15.0,70.8
17HR-295,15.0,18.0,75.1
17HR-295,18.0,21.0,77.0
17HR-295,21.0,24.0,63.1
17HR-295,24.0,27.0,62.2
17HR-295,27.0,30.0,89.9
17HR-295,30.0,33.0,63.6
17HR-295,33.0,36.0,83.0
17HR-295,36.0,39.0,81.8
17HR-295,39.0,42.0,88.3
17HR-295,42.0,45.0,72.5
17HR-295,45.0,48.0,60.4
17HR-295,48.0,51.0,65.1
17HR-295,51.0,54.0,65.4
17HR-295,54.0,57.0,89.7
17HR-295,57.0,60.0,66.2
17HR-295,60.0,63.0,92.4
17HR-295,63.0,66.0,84.9
17HR-295,66.0,69.0,60.3
17HR-295,69.0,72.0,60.1
17HR-295,72.0,75.0,74.7
17HR-295,75.0,78.0,91.4
17HR-295,78.0,81.0,74.9
17HR-295,81.0,84.0,90.2
17HR-295,84.0,87.0,63.4
17HR-295,87.0,90.0,86.6
17HR-295,90.0,93.0,61.2
17HR-295,93.0,96.0,64.8
17HR-295,96.0,99.0,63.0
17HR-295,99.0,102.0,80.3
17HR-295,102.0,105.0,60.7
17HR-295,105.0,108.0,63.0
17HR-295,108.0,111.0,77.0
17HR-295,111.0,114.0,77.3
17HR-295,114.0,117.0,61.6
17HR-295,117.0,120.0,94.6
17HR-295,120.0,123.0,67.0
17HR-295,123.0,126.0,82.5
17HR-295,126.0,129.0,78.4
17HR-295,129.0,132.0,93.4
17HR-295,132.0,135.0,85.8
17HR-295,135.0,138.0,93.9
17HR-295,138.0,141.0,61.1
17HR-295,141.0,144.0,90.4
17HR-295,144.0,147.0,70.4
17HR-295,147.0,150.0,88.3
17HR-295,150.0,153.0,91.4
17HR-295,153.0,156.0,73.1
17HR-295,156.0,159.0,93.0
17HR-295,159.0,162.0,66.7
17HR-295,162.0,165.0,68.0
17HR-295,165.0,168.0,60.3
17HR-295,168.0,171.0,77.0
17HR-295,171.0,174.0,68.3
17HR-295,174.0,177.0,61.3
17HR-295,177.0,180.0,82.6
17HR-295,180.0,183.0,82.8
17HR-295,183.0,186.0,88.0
17HR-295,186.0,189.0,82.0
17HR-295,189.0,192.0,72.0
17HR-295,192.0,195.0,63.2
17HR-295,195.0,198.0,66.1
17HR-295,198.0,201.0,81.8
17HR-295,201.0,204.0,69.7
17HR-295,204.0,207.0,66.3
17HR-295,207.0,210.0,64.4
17HR-295,210.0,213.0,77.8
17HR-295,213.0,216.0,75.6
17HR-295,216.0,219.0,69.4
17HR-295,219.0,222.0,76.2
17HR-295,222.0,225.0,81.3
17HR-295,225.0,228.0,92.5
17HR-295,228.0,231.0,64.0
17HR-295,231.0,234.0,70.0
17HR-295,234.0,237.0,79.7
17HR-295,237.0,240.0,64.2
17HR-295,240.0,243.0,88.0
17HR-295,243.0,246.0,90.4
17HR-295,246.0,249.0,88.0
17HR-295,249.0,252.0,90.2
17HR-295,252.0,255.0,71.2
17HR-295,255.0,258.0,64.8
17HR-295,258.0,261.0,88.8
17HR-295,261.0,264.0,88.4
17HR-295,264.0,267.0,80.6
17HR-295,267.0,270.0,90.7
17HR-295,270.0,273.0,68.1
17HR-295,273.0,276.0,81.6
17HR-295,276.0,279.0,72.8
17HR-295,279.0,282.0,60.7
17HR-295,282.0,285.0,83.0
17HR-295,285.0,288.0,85.3
17HR-295,288.0,291.0,79.5
17HR-295,291.0,294.0,74.4
17HR-295,294.0,297.0,82.4
17HR-295,297.0,300.0,61.8
17HR-295,300.0,302.0,86.6
17HR-296,0.0,3.0,68.5
17HR-296,3.0,6.0,53.1
17HR-296,6.0,9.0,45.6
17HR-296,9.0,12.0,54.9
17HR-296,12.0,15.0,46.7
17HR-296,15.0,18.0,53.6
17HR-296,18.0,21.0,55.1
17HR-296,21.0,24.0,58.2
17HR-296,24.0,27.0,42.8
17HR-296,27.0,30.0,32.7
17HR-296,30.0,33.0,45.8
17HR-296,33.0,36.0,56.1
17HR-296,36.0,39.0,32.6
17HR-296,39.0,42.0,63.0
17HR-296,42.0,45.0,43.1
17HR-296,45.0,48.0,33.1
17HR-296,48.0,51.0,80.1
17HR-296,51.0,54.0,80.8
17HR-296,54.0,57.0,81.0
17HR-296,57.0,60.0,66.6
17HR-296,60.0,63.0,73.0
17HR-296,63.0,66.0,82.1
17HR-296,66.0,69.0,73.9
17HR-296,69.0,72.0,67.9
17HR-296,72.0,75.0,60.9
17HR-296,75.0,78.0,93.1
17HR-296,78.0,81.0,68.3
17HR-296,81.0,84.0,80.8
17HR-296,84.0,87.0,75.7
17HR-296,87.0,90.0,79.2
17HR-296,90.0,93.0,84.0
17HR-296,93.0,96.0,42.3
17HR-296,96.0,99.0,41.0
17HR-296,99.0,102.0,84.0
17HR-296,102.0,105.0,73.1
17HR-296,105.0,108.0,90.7
17HR-296,108.0,111.0,71.6
17HR-296,111.0,114.0,39.0
17HR-296,114.0,117.0,38.9
17HR-296,117.0,120.0,62.4
17HR-296,120.0,123.0,84.0
17HR-296,123.0,126.0,73.5
17HR-296,126.0,129.0,76.8
17HR-296,129.0,132.0,77.6
17HR-296,132.0,135.0,82.6
17HR-296,135.0,138.0,67.9
17HR-296,138.0,141.0,87.8
17HR-296,141.0,144.0,80.9
17HR-296,144.0,147.0,66.8
17HR-296,147.0,150.0,82.4
17HR-296,150.0,153.0,63.9
17HR-296,153.0,156.0,81.0
17HR-296,156.0,159.0,80.1
17HR-296,159.0,162.0,73.7
17HR-296,162.0,165.0,72.6
17HR-296,165.0,168.0,41.3
17HR-296,168.0,171.0,34.5
17HR-296,171.0,174.0,61.6
17HR-296,174.0,177.0,66.4
17HR-296,177.0,180.0,85.2
17HR-296,180.0,183.0,58.6
17HR-296,183.0,186.0,50.2
17HR-296,186.0,189.0,91.1
17HR-296,189.0,192.0,78.7
17HR-296,192.0,195.0,67.1
17HR-296,195.0,198.0,94.7
17HR-296,198.0,201.0,80.0
17HR-296,201.0,204.0,82.7
17HR-296,204.0,207.0,92.7
17HR-296,207.0,210.0,64.1
17HR-296,210.0,213.0,83.2
17HR-296,213.0,216.0,67.3
17HR-296,216.0,219.0,81.3
17HR-296,219.0,222.0,92.9
17HR-296,222.0,225.0,71.0
17HR-296,225.0,228.0,79.2
17HR-296,228.0,231.0,68.9
17HR-296,231.0,234.0,87.1
17HR-296,234.0,237.0,74.5
17HR-296,237.0,240.0,80.2
17HR-296,240.0,243.0,80.5
17HR-296,243.0,246.0,73.2
17HR-296,246.0,249.0,94.9
17HR-296,249.0,252.0,67.5
17HR-296,252.0,255.0,93.7
17HR-296,255.0,258.0,74.7
17HR-296,258.0,261.0,69.3
17HR-296,261.0,264.0,73.3
17HR-296,264.0,267.0,90.3
17HR-296,267.0,270.0,84.0
17HR-296,270.0,273.0,79.4
17HR-296,273.0,276.0,87.3
17HR-296,276.0,279.0,88.2
17HR-296,279.0,282.0,61.3
17HR-296,282.0,285.0,63.6
17HR-296,285.0,288.0,82.1
17HR-296,288.0,291.0,88.7
17HR-296,291.0,294.0,77.7
17HR-296,294.0,297.0,85.5
17HR-296,297.0,300.0,66.0
17HR-296,300.0,303.0,86.8
17HR-296,303.0,306.0,69.9
17HR-296,306.0,309.0,80.6
17HR-296,309.0,312.0,88.7
17HR-296,312.0,315.0,90.7
17HR-296,315.0,318.0,82.1
17HR-296,318.0,321.0,85.7
17HR-296,321.0,324.0,65.6
17HR-296,324.0,327.0,91.4
17HR-296,327.0,330.0,66.9
17HR-296,330.0,333.0,86.8
17HR-296,333.0,336.0,72.0
17HR-296,336.0,339.0,74.2
17HR-296,339.0,342.0,83.3
17HR-296,342.0,345.0,61.2
17HR-296,345.0,348.0,87.1
17HR-296,348.0,351.0,79.7
17HR-296,351.0,354.0,65.8
17HR-296,354.0,357.0,60.6
17HR-296,357.0,360.0,76.5
17HR-296,360.0,363.0,63.9
17HR-296,363.0,366.0,92.1
17HR-296,366.0,369.0,84.7
17HR-296,369.0,372.0,91.2
17HR-296,372.0,375.0,76.5
17HR-296,375.0,378.0,94.2
17HR-296,378.0,381.0,77.2
17HR-296,381.0,384.0,88.0
17HR-296,384.0,387.0,94.6
17HR-296,387.0,390.0,92.5
17HR-296,390.0,393.0,77.4
17HR-296,393.0,396.0,88.7
17HR-296,396.0,399.0,79.5
17HR-296,399.0,402.0,90.3
17HR-296,402.0,405.0,88.1
17HR-296,405.0,408.0,87.7
17HR-296,408.0,411.0,79.0
17HR-296,411.0,413.2,83.2
17HR-297,0.0,3.0,49.8
17HR-297,3.0,6.0,60.7
17HR-297,6.0,9.0,34.2
17HR-297,9.0,12.0,65.0
17HR-297,12.0,15.0,51.8
17HR-297,15.0,18.0,30.8
17HR-297,18.0,21.0,37.7
17HR-297,21.0,24.0,40.0
17HR-297,24.0,27.0,41.5
17HR-297,27.0,30.0,53.8
17HR-297,30.0,33.0,51.0
17HR-297,33.0,36.0,59.1
17HR-297,36.0,39.0,82.0
17HR-297,39.0,42.0,61.7
17HR-297,42.0,45.0,67.7
17HR-297,45.0,48.0,69.1
17HR-297,48.0,51.0,89.5
17HR-297,51.0,54.0,90.2
17HR-297,54.0,57.0,60.2
17HR-297,57.0,60.0,91.0
17HR-297,60.0,63.0,30.7
17HR-297,63.0,66.0,57.4
17HR-297,66.0,69.0,60.3
17HR-297,69.0,72.0,63.9
17HR-297,72.0,75.0,90.4
17HR-297,75.0,78.0,79.8
17HR-297,78.0,81.0,87.4
17HR-297,81.0,84.0,93.1
17HR-297,84.0,87.0,66.6
17HR-297,87.0,90.0,60.9
17HR-297,90.0,93.0,94.4
17HR-297,93.0,96.0,70.3
17HR-297,96.0,99.0,68.5
17HR-297,99.0,102.0,88.1
17HR-297,102.0,105.0,52.9
17HR-297,105.0,108.0,45.2
17HR-297,108.0,111.0,93.7
17HR-297,111.0,114.0,61.0
17HR-297,114.0,117.0,73.3
17HR-297,117.0,120.0,78.3
17HR-297,120.0,123.0,78.4
17HR-297,123.0,126.0,61.7
17HR-297,126.0,129.0,76.2
17HR-297,129.0,132.0,92.4
17HR-297,132.0,135.0,60.3
17HR-297,135.0,138.0,66.0
17HR-297,138.0,141.0,87.8
17HR-297,141.0,144.0,60.8
17HR-297,144.0,147.0,83.6
17HR-297,147.0,150.0,82.7
17HR-297,150.0,153.0,90.3
17HR-297,153.0,156.0,90.0
17HR-297,156.0,159.0,69.7
17HR-297,159.0,162.0,60.8
17HR-297,162.0,165.0,80.7
17HR-297,165.0,168.0,46.3
17HR-297,168.0,171.0,64.1
17HR-297,171.0,174.0,60.9
17HR-297,174.0,177.0,69.9
17HR-297,177.0,180.0,79.5
17HR-297,180.0,183.0,78.0
17HR-297,183.0,186.0,77.8
17HR-297,186.0,189.0,74.7
17HR-297,189.0,192.0,88.3
17HR-297,192.0,195.0,86.7
17HR-297,195.0,198.0,83.7
17HR-297,198.0,201.0,73.3
17HR-297,201.0,204.0,66.2
17HR-297,204.0,207.0,39.7
17HR-297,207.0,210.0,40.0
17HR-297,210.0,213.0,82.2
17HR-297,213.0,216.0,89.5
17HR-297,216.0,219.0,80.5
17HR-297,219.0,222.0,80.5
17HR-297,222.0,225.0,66.8
17HR-297,225.0,228.0,60.6
17HR-297,228.0,231.0,63.0
17HR-297,231.0,234.0,49.2
17HR-297,234.0,237.0,58.7
17HR-297,237.0,240.0,55.4
17HR-297,240.0,243.0,62.5
17HR-297,243.0,246.0,43.7
17HR-297,246.0,249.0,60.1
17HR-297,249.0,252.0,65.1
17HR-297,252.0,255.0,73.9
17HR-297,255.0,258.0,61.7
17HR-297,258.0,261.0,48.8
17HR-297,261.0,264.0,43.4
17HR-297,264.0,267.0,45.1
17HR-297,267.0,270.0,40.3
17HR-297,270.0,273.0,59.1
17HR-297,273.0,276.0,60.9
17HR-297,276.0,279.0,70.7
17HR-297,279.0,282.0,87.5
17HR-297,282.0,285.0,92.5
17HR-297,285.0,288.0,67.7
17HR-297,288.0,291.0,64.8
17HR-297,291.0,294.0,83.9
17HR-297,294.0,297.0,70.4
17HR-297,297.0,300.0,83.3
17HR-297,300.0,303.0,78.8
17HR-297,303.0,306.0,61.5
17HR-297,306.0,309.0,92.2
17HR-297,309.0,312.0,61.0
17HR-297,312.0,315.0,64.8
17HR-297,315.0,318.0,85.7
17HR-297,318.0,321.0,63.6
17HR-297,321.0,324.0,71.9
17HR-297,324.0,327.0,77.6
17HR-297,327.0,330.0,92.4
17HR-297,330.0,333.0,74.6
17HR-297,333.0,336.0,65.4
17HR-297,336.0,338.0,93.3
17HR-298,0.0,3.0,26.6
17HR-298,3.0,6.0,93.3
17HR-298,6.0,9.0,79.7
17HR-298,9.0,12.0,50.5
17HR-298,12.0,15.0,63.3
17HR-298,15.0,18.0,69.4
17HR-298,18.0,21.0,68.4
17HR-298,21.0,24.0,30.1
17HR-298,24.0,27.0,42.5
17HR-298,27.0,30.0,34.3
17HR-298,30.0,33.0,60.3
17HR-298,33.0,36.0,51.2
17HR-298,36.0,39.0,48.1
17HR-298,39.0,42.0,65.4
17HR-298,42.0,45.0,89.1
17HR-298,45.0,48.0,81.3
17HR-298,48.0,51.0,64.5
17HR-298,51.0,54.0,80.3
17HR-298,54.0,57.0,71.5
17HR-298,57.0,60.0,64.4
17HR-298,60.0,63.0,62.9
17HR-298,63.0,66.0,60.3
17HR-298,66.0,69.0,84.1
17HR-298,69.0,72.0,72.5
17HR-298,72.0,75.0,68.1
17HR-298,75.0,78.0,69.9
17HR-298,78.0,81.0,63.9
17HR-298,81.0,84.0,72.2
17HR-298,84.0,87.0,88.3
17HR-298,87.0,90.0,47.4
17HR-298,90.0,93.0,62.4
17HR-298,93.0,96.0,32.9
17HR-298,96.0,99.0,44.7
17HR-298,99.0,102.0,49.9
17HR-298,102.0,105.0,64.1
17HR-298,105.0,108.0,37.9
17HR-298,108.0,111.0,62.0
17HR-298,111.0,114.0,64.2
17HR-298,114.0,117.0,57.4
17HR-298,117.0,120.0,42.4
17HR-298,120.0,123.0,36.3
17HR-298,123.0,126.0,34.5
17HR-298,126.0,129.0,83.5
17HR-298,129.0,132.0,90.5
17HR-298,132.0,135.0,50.2
17HR-298,135.0,138.0,58.2
17HR-298,138.0,141.0,30.4
17HR-298,141.0,144.0,57.4
17HR-298,144.0,147.0,34.8
17HR-298,147.0,150.0,80.7
17HR-298,150.0,153.0,92.8
17HR-298,153.0,156.0,65.1
17HR-298,156.0,159.0,90.0
17HR-298,159.0,162.0,72.6
17HR-298,162.0,165.0,86.7
17HR-298,165.0,168.0,86.3
17HR-298,168.0,171.0,61.5
17HR-298,171.0,174.0,40.0
17HR-298,174.0,177.0,36.4
17HR-298,177.0,180.0,85.2
17HR-298,180.0,183.0,66.7
17HR-298,183.0,186.0,84.8
17HR-298,186.0,189.0,69.2
17HR-298,189.0,192.0,76.2
17HR-298,192.0,195.0,90.7
17HR-298,195.0,198.0,71.5
17HR-298,198.0,201.0,77.5
17HR-298,201.0,204.0,85.0
17HR-298,204.0,207.0,77.1
17HR-298,207.0,210.0,56.2
17HR-298,210.0,213.0,47.7
17HR-298,213.0,216.0,90.7
17HR-298,216.0,219.0,74.4
17HR-298,219.0,222.0,68.4
17HR-298,222.0,225.0,80.4
17HR-298,225.0,228.0,77.8
17HR-298,228.0,231.0,67.8
17HR-298,231.0,234.0,30.2
17HR-298,234.0,237.0,61.4
17HR-298,237.0,240.0,88.4
17HR-298,240.0,243.0,65.8
17HR-298,243.0,246.0,82.4
17HR-298,246.0,249.0,63.2
17HR-298,249.0,252.0,77.8
17HR-298,252.0,255.0,91.2
17HR-298,255.0,258.0,86.5
17HR-298,258.0,261.0,87.5
17HR-298,261.0,264.0,51.9
17HR-298,264.0,267.0,33.0
17HR-298,267.0,270.0,70.8
17HR-298,270.0,273.0,85.3
17HR-298,273.0,276.0,40.1
17HR-298,276.0,279.0,38.1
17HR-298,279.0,282.0,58.1
17HR-298,282.0,285.0,39.4
17HR-298,285.0,288.0,61.3
17HR-298,288.0,291.0,92.2
17HR-298,291.0,294.0,66.3
17HR-298,294.0,297.0,87.3
17HR-298,297.0,300.0,65.2
17HR-298,300.0,303.0,90.5
17HR-298,303.0,306.0,79.2
17HR-298,306.0,309.0,79.7
17HR-298,309.0,312.0,92.8
17HR-298,312.0,315.0,69.8
17HR-298,315.0,318.0,89.1
17HR-298,318.0,321.0,72.6
17HR-298,321.0,324.0,83.4
17HR-298,324.0,327.0,90.3
17HR-298,327.0,330.0,68.7
17HR-298,330.0,333.0,93.1
17HR-298,333.0,336.0,82.1
17HR-298,336.0,339.0,87.8
17HR-298,339.0,342.0,90.1
17HR-298,342.0,345.0,87.5
17HR-298,345.0,348.0,90.8
17HR-298,348.0,351.0,39.3
17HR-298,351.0,354.0,50.5
17HR-298,354.0,357.0,86.7
17HR-298,357.0,360.0,70.7
17HR-298,360.0,363.0,80.2
17HR-298,363.0,366.0,63.0
17HR-298,366.0,369.0,93.3
17HR-298,369.0,372.0,87.7
17HR-298,372.0,374.0,79.2
17HR-299,0.0,3.0,75.3
17HR-299,3.0,6.0,94.3
17HR-299,6.0,9.0,88.5
17HR-299,9.0,12.0,78.9
17HR-299,12.0,15.0,64.3
17HR-299,15.0,18.0,78.2
17HR-299,18.0,21.0,79.0
17HR-299,21.0,24.0,50.9
17HR-299,24.0,27.0,49.6
17HR-299,27.0,30.0,46.1
17HR-299,30.0,33.0,92.0
17HR-299,33.0,36.0,69.7
17HR-299,36.0,39.0,89.5
17HR-299,39.0,42.0,71.4
17HR-299,42.0,45.0,78.2
17HR-299,45.0,48.0,84.9
17HR-299,48.0,51.0,82.4
17HR-299,51.0,54.0,68.9
17HR-299,54.0,57.0,87.4
17HR-299,57.0,60.0,82.7
17HR-299,60.0,63.0,83.0
17HR-299,63.0,66.0,75.0
17HR-299,66.0,69.0,71.7
17HR-299,69.0,72.0,67.4
17HR-299,72.0,75.0,75.2
17HR-299,75.0,78.0,85.2
17HR-299,78.0,81.0,86.0
17HR-299,81.0,84.0,84.8
17HR-299,84.0,87.0,71.7
17HR-299,87.0,90.0,85.6
17HR-299,90.0,93.0,67.7
17HR-299,93.0,96.0,69.1
17HR-299,96.0,99.0,70.3
17HR-299,99.0,102.0,94.3
17HR-299,102.0,105.0,88.2
17HR-299,105.0,108.0,89.8
17HR-299,108.0,111.0,60.2
17HR-299,111.0,114.0,65.5
17HR-299,114.0,117.0,77.4
17HR-299,117.0,120.0,82.4
17HR-299,120.0,123.0,94.5
17HR-299,123.0,126.0,65.9
17HR-299,126.0,129.0,60.2
17HR-299,129.0,132.0,61.4
17HR-299,132.0,135.0,31.3
17HR-299,135.0,138.0,37.4
17HR-299,138.0,141.0,73.3
17HR-299,141.0,144.0,71.3
17HR-299,144.0,147.0,76.2
17HR-299,147.0,150.0,77.1
17HR-299,150.0,153.0,81.0
17HR-299,153.0,156.0,64.2
17HR-299,156.0,159.0,76.7
17HR-299,159.0,162.0,83.3
17HR-299,162.0,165.0,32.5
17HR-299,165.0,168.0,42.3
17HR-299,168.0,171.0,33.3
17HR-299,171.0,174.0,39.8
17HR-299,174.0,177.0,35.8
17HR-299,177.0,180.0,30.3
17HR-299,180.0,183.0,47.3
17HR-299,183.0,186.0,36.9
17HR-299,186.0,189.0,40.6
17HR-299,189.0,192.0,93.5
17HR-299,192.0,195.0,70.1
17HR-299,195.0,198.0,93.3
17HR-299,198.0,201.0,88.0
17HR-299,201.0,204.0,48.8
17HR-299,204.0,207.0,49.2
17HR-299,207.0,210.0,76.8
17HR-299,210.0,213.0,74.8
17HR-299,213.0,216.0,37.8
17HR-299,216.0,219.0,45.5
17HR-299,219.0,222.0,31.1
17HR-299,222.0,225.0,50.4
17HR-299,225.0,228.0,47.0
17HR-299,228.0,231.0,77.7
17HR-299,231.0,234.0,72.1
17HR-299,234.0,237.0,48.8
17HR-299,237.0,240.0,52.5
17HR-299,240.0,243.0,74.4
17HR-299,243.0,246.0,81.9
17HR-299,246.0,249.0,61.2
17HR-299,249.0,252.0,72.2
17HR-299,252.0,255.0,88.7
17HR-299,255.0,258.0,76.2
17HR-299,258.0,261.0,32.5
17HR-299,261.0,264.0,59.3
17HR-299,264.0,267.0,58.6
17HR-299,267.0,270.0,64.4
17HR-299,270.0,273.0,30.3
17HR-299,273.0,276.0,53.1
17HR-299,276.0,279.0,60.5
17HR-299,279.0,282.0,31.7
17HR-299,282.0,285.0,50.6
17HR-299,285.0,288.0,78.0
17HR-299,288.0,291.0,71.3
17HR-299,291.0,294.0,64.4
17HR-299,294.0,297.0,74.2
17HR-299,297.0,300.0,76.4
17HR-299,300.0,303.0,79.5
17HR-299,303.0,306.0,90.2
17HR-299,306.0,309.0,85.6
17HR-299,309.0,312.0,47.5
17HR-299,312.0,315.0,47.0
17HR-299,315.0,318.0,93.6
17HR-299,318.0,321.0,90.4
17HR-299,321.0,324.0,73.6
17HR-299,324.0,327.0,71.0
17HR-299,327.0,330.0,67.6
17HR-299,330.0,333.0,77.7
17HR-299,333.0,336.0,30.0
17HR-299,336.0,339.0,45.7
17HR-299,339.0,342.0,40.4
17HR-299,342.0,345.0,61.9
17HR-299,345.0,348.0,45.4
17HR-299,348.0,351.0,48.4
17HR-299,351.0,354.0,51.7
17HR-299,354.0,357.0,35.1
17HR-299,357.0,360.0,63.0
17HR-299,360.0,363.0,70.7
17HR-299,363.0,366.0,87.9
17HR-299,366.0,369.0,87.1
17HR-299,369.0,372.0,70.2
17HR-299,372.0,375.0,75.7
17HR-299,375.0,378.0,87.1
17HR-299,378.0,381.0,74.6
17HR-299,381.0,384.0,76.0
17HR-299,384.0,387.0,71.0
17HR-299,387.0,390.0,67.2
17HR-299,390.0,393.0,78.0
17HR-299,393.0,396.0,61.0
17HR-299,396.0,399.0,89.9
17HR-299,399.0,402.0,68.8
17HR-299,402.0,404.0,61.5
17HR-300,0.0,3.0,32.4
17HR-300,3.0,6.0,34.1
17HR-300,6.0,9.0,44.0
17HR-300,9.0,12.0,45.1
17HR-300,12.0,15.0,54.7
17HR-300,15.0,18.0,51.1
17HR-300,18.0,21.0,59.3
17HR-300,21.0,24.0,59.7
17HR-300,24.0,27.0,38.1
17HR-300,27.0,30.0,91.2
17HR-300,30.0,33.0,74.5
17HR-300,33.0,36.0,76.7
17HR-300,36.0,39.0,75.3
17HR-300,39.0,42.0,64.7
17HR-300,42.0,45.0,57.7
17HR-300,45.0,48.0,70.6
17HR-300,48.0,51.0,70.1
17HR-300,51.0,54.0,85.0
17HR-300,54.0,57.0,34.9
17HR-300,57.0,60.0,64.7
17HR-300,60.0,63.0,74.5
17HR-300,63.0,66.0,64.3
17HR-300,66.0,69.0,83.8
17HR-300,69.0,72.0,91.8
17HR-300,72.0,75.0,94.1
17HR-300,75.0,78.0,75.1
17HR-300,78.0,81.0,65.0
17HR-300,81.0,84.0,69.7
17HR-300,84.0,87.0,77.2
17HR-300,87.0,90.0,74.9
17HR-300,90.0,93.0,62.4
17HR-300,93.0,96.0,76.7
17HR-300,96.0,99.0,62.0
17HR-300,99.0,102.0,59.5
17HR-300,102.0,105.0,53.6
17HR-300,105.0,108.0,65.7
17HR-300,108.0,111.0,75.8
17HR-300,111.0,114.0,86.8
17HR-300,114.0,117.0,61.5
17HR-300,117.0,120.0,42.4
17HR-300,120.0,123.0,64.8
17HR-300,123.0,126.0,34.7
17HR-300,126.0,129.0,42.6
17HR-300,129.0,132.0,51.7
17HR-300,132.0,135.0,90.7
17HR-300,135.0,138.0,62.3
17HR-300,138.0,141.0,93.8
17HR-300,141.0,144.0,74.7
17HR-300,144.0,147.0,64.3
17HR-300,147.0,150.0,68.1
17HR-300,150.0,153.0,60.9
17HR-300,153.0,156.0,64.0
17HR-300,156.0,159.0,93.9
17HR-300,159.0,162.0,71.4
17HR-300,162.0,165.0,64.9
17HR-300,165.0,168.0,79.2
17HR-300,168.0,171.0,66.4
17HR-300,171.0,174.0,48.1
17HR-300,174.0,177.0,35.5
17HR-300,177.0,180.0,86.5
17HR-300,180.0,183.0,82.7
17HR-300,183.0,186.0,78.5
17HR-300,186.0,189.0,82.5
17HR-300,189.0,192.0,93.0
17HR-300,192.0,195.0,84.0
17HR-300,195.0,198.0,84.8
17HR-300,198.0,201.0,62.9
17HR-300,201.0,204.0,75.1
17HR-300,204.0,207.0,76.6
17HR-300,207.0,210.0,72.4
17HR-300,210.0,213.0,83.8
17HR-300,213.0,216.0,63.6
17HR-300,216.0,219.0,36.1
17HR-300,219.0,222.0,52.2
17HR-300,222.0,225.0,50.1
17HR-300,225.0,228.0,86.4
17HR-300,228.0,231.0,82.9
17HR-300,231.0,234.0,87.6
17HR-300,234.0,237.0,61.0
17HR-300,237.0,240.0,33.4
17HR-300,240.0,243.0,64.1
17HR-300,243.0,246.0,60.5
17HR-300,246.0,249.0,90.9
17HR-300,249.0,252.0,86.3
17HR-300,252.0,255.0,79.4
17HR-300,255.0,258.0,73.1
17HR-300,258.0,261.0,63.3
17HR-300,261.0,264.0,72.1
17HR-300,264.0,267.0,74.3
17HR-300,267.0,270.0,86.7
17HR-300,270.0,273.0,63.3
17HR-300,273.0,276.0,58.8
17HR-300,276.0,279.0,52.6
17HR-300,279.0,282.0,50.0
17HR-300,282.0,285.0,63.0
17HR-300,285.0,288.0,71.2
17HR-300,288.0,291.0,68.9
17HR-300,291.0,294.0,82.5
17HR-300,294.0,297.0,82.5
17HR-300,297.0,300.0,73.0
17HR-300,300.0,303.0,84.1
17HR-300,303.0,306.0,41.6
17HR-300,306.0,309.0,54.6
17HR-300,309.0,312.0,41.9
17HR-300,312.0,315.0,54.4
17HR-300,315.0,318.0,34.3
17HR-300,318.0,321.0,31.5
17HR-300,321.0,324.0,41.7
17HR-300,324.0,327.0,57.5
17HR-300,327.0,330.0,63.2
17HR-300,330.0,333.0,64.6
17HR-300,333.0,336.0,65.8
17HR-300,336.0,339.0,81.0
17HR-300,339.0,342.0,70.6
17HR-300,342.0,345.0,44.7
17HR-300,345.0,348.0,58.2
17HR-300,348.0,351.0,73.6
17HR-300,351.0,354.0,65.8
17HR-300,354.0,357.0,49.2
17HR-300,357.0,360.0,59.7
17HR-300,360.0,363.0,50.2
17HR-300,363.0,366.0,39.9
17HR-300,366.0,369.0,54.1
17HR-300,369.0,372.0,77.2
17HR-300,372.0,375.0,64.8
17HR-300,375.0,378.0,62.5
17HR-300,378.0,381.0,76.5
17HR-300,381.0,384.0,90.8
17HR-300,384.0,387.0,84.1
17HR-300,387.0,390.0,88.6
17HR-300,390.0,393.0,61.2
17HR-300,393.0,396.0,54.7
17HR-300,396.0,399.0,41.6
17HR-300,399.0,402.0,34.3
17HR-300,402.0,405.0,61.9
17HR-300,405.0,408.0,82.7
17HR-300,408.0,411.0,67.8
17HR-300,411.0,413.0,69.0
17HR-301,0.0,3.0,43.5
17HR-301,3.0,6.0,46.8
17HR-301,6.0,9.0,91.0
17HR-301,9.0,12.0,54.8
17HR-301,12.0,15.0,59.5
17HR-301,15.0,18.0,66.2
17HR-301,18.0,21.0,71.2
17HR-301,21.0,24.0,76.7
17HR-301,24.0,27.0,87.9
17HR-301,27.0,30.0,70.3
17HR-301,30.0,33.0,94.0
17HR-301,33.0,36.0,87.8
17HR-301,36.0,39.0,69.8
17HR-301,39.0,42.0,81.4
17HR-301,42.0,45.0,94.5
17HR-301,45.0,48.0,78.3
17HR-301,48.0,51.0,58.8
17HR-301,51.0,54.0,57.5
17HR-301,54.0,57.0,37.1
17HR-301,57.0,60.0,38.4
17HR-301,60.0,63.0,57.9
17HR-301,63.0,66.0,48.0
17HR-301,66.0,69.0,37.3
17HR-301,69.0,72.0,33.3
17HR-301,72.0,75.0,86.9
17HR-301,75.0,78.0,70.4
17HR-301,78.0,81.0,67.0
17HR-301,81.0,84.0,92.6
17HR-301,84.0,87.0,46.3
17HR-301,87.0,90.0,41.3
17HR-301,90.0,93.0,94.3
17HR-301,93.0,96.0,76.3
17HR-301,96.0,99.0,63.8
17HR-301,99.0,102.0,61.3
17HR-301,102.0,105.0,71.5
17HR-301,105.0,108.0,74.7
17HR-301,108.0,111.0,92.0
17HR-301,111.0,114.0,83.7
17HR-301,114.0,117.0,79.1
17HR-301,117.0,120.0,92.0
17HR-301,120.0,123.0,86.7
17HR-301,123.0,126.0,61.2
17HR-301,126.0,129.0,80.8
17HR-301,129.0,132.0,80.0
17HR-301,132.0,135.0,87.3
17HR-301,135.0,138.0,90.3
17HR-301,138.0,141.0,68.5
17HR-301,141.0,144.0,65.0
17HR-301,144.0,147.0,69.1
17HR-301,147.0,150.0,63.2
17HR-301,150.0,153.0,94.1
17HR-301,153.0,156.0,68.5
17HR-301,156.0,159.0,50.6
17HR-301,159.0,162.0,45.0
17HR-301,162.0,165.0,63.1
17HR-301,165.0,168.0,87.5
17HR-301,168.0,171.0,82.8
17HR-301,171.0,174.0,64.1
17HR-301,174.0,177.0,70.6
17HR-301,177.0,180.0,69.0
17HR-301,180.0,183.0,94.0
17HR-301,183.0,186.0,76.2
17HR-301,186.0,189.0,89.2
17HR-301,189.0,192.0,74.1
17HR-301,192.0,195.0,81.4
17HR-301,195.0,198.0,78.8
17HR-301,198.0,201.0,50.2
17HR-301,201.0,204.0,32.1
17HR-301,204.0,207.0,63.1
17HR-301,207.0,210.0,44.5
17HR-301,210.0,213.0,48.6
17HR-301,213.0,216.0,39.4
17HR-301,216.0,219.0,63.3
17HR-301,219.0,222.0,60.8
17HR-301,222.0,225.0,68.3
17HR-301,225.0,228.0,81.2
17HR-301,228.0,231.0,84.0
17HR-301,231.0,234.0,91.8
17HR-301,234.0,237.0,67.7
17HR-301,237.0,240.0,94.6
17HR-301,240.0,243.0,94.1
17HR-301,243.0,246.0,81.6
17HR-301,246.0,249.0,74.5
17HR-301,249.0,252.0,71.2
17HR-301,252.0,255.0,51.8
17HR-301,255.0,258.0,35.0
17HR-301,258.0,261.0,34.0
17HR-301,261.0,264.0,58.5
17HR-301,264.0,267.0,54.8
17HR-301,267.0,270.0,36.9
17HR-301,270.0,273.0,37.8
17HR-301,273.0,276.0,44.0
17HR-301,276.0,279.0,92.5
17HR-301,279.0,282.0,92.3
17HR-301,282.0,285.0,53.6
17HR-301,285.0,288.0,47.8
17HR-301,288.0,291.0,72.5
17HR-301,291.0,294.0,75.6
17HR-301,294.0,297.0,87.9
17HR-301,297.0,300.0,88.6
17HR-301,300.0,303.0,81.3
17HR-301,303.0,306.0,83.5
17HR-301,306.0,309.0,64.1
17HR-301,309.0,312.0,64.9
17HR-301,312.0,315.0,51.5
17HR-301,315.0,318.0,31.2
17HR-301,318.0,321.0,91.6
17HR-301,321.0,324.0,81.2
17HR-301,324.0,327.0,72.3
17HR-301,327.0,330.0,92.1
17HR-301,330.0,332.0,78.8
17HR-302,0.0,3.0,15.4
17HR-302,3.0,6.0,67.8
17HR-302,6.0,9.0,81.2
17HR-302,9.0,12.0,66.3
17HR-302,12.0,15.0,80.8
17HR-302,15.0,18.0,83.8
17HR-302,18.0,21.0,73.4
17HR-302,21.0,24.0,34.1
17HR-302,24.0,27.0,50.0
17HR-302,27.0,30.0,64.4
17HR-302,30.0,33.0,60.0
17HR-302,33.0,36.0,77.6
17HR-302,36.0,39.0,43.8
17HR-302,39.0,42.0,41.8
17HR-302,42.0,45.0,64.3
17HR-302,45.0,48.0,82.3
17HR-302,48.0,51.0,65.7
17HR-302,51.0,54.0,33.3
17HR-302,54.0,57.0,34.4
17HR-302,57.0,60.0,52.8
17HR-302,60.0,63.0,50.6
17HR-302,63.0,66.0,58.8
17HR-302,66.0,69.0,52.3
17HR-302,69.0,72.0,78.4
17HR-302,72.0,75.0,63.0
17HR-302,75.0,78.0,77.8
17HR-302,78.0,81.0,64.4
17HR-302,81.0,84.0,34.8
17HR-302,84.0,87.0,49.4
17HR-302,87.0,90.0,79.8
17HR-302,90.0,93.0,81.4
17HR-302,93.0,96.0,86.4
17HR-302,96.0,99.0,88.3
17HR-302,99.0,102.0,79.5
17HR-302,102.0,105.0,57.8
17HR-302,105.0,108.0,36.6
17HR-302,108.0,111.0,34.4
17HR-302,111.0,114.0,60.9
17HR-302,114.0,117.0,87.1
17HR-302,117.0,120.0,82.9
17HR-302,120.0,123.0,84.1
17HR-302,123.0,126.0,81.3
17HR-302,126.0,129.0,85.1
17HR-302,129.0,132.0,78.8
17HR-302,132.0,135.0,30.9
17HR-302,135.0,138.0,37.5
17HR-302,138.0,141.0,63.8
17HR-302,141.0,144.0,35.0
17HR-302,144.0,147.0,46.8
17HR-302,147.0,150.0,51.2
17HR-302,150.0,153.0,54.2
17HR-302,153.0,156.0,80.0
17HR-302,156.0,159.0,90.5
17HR-302,159.0,162.0,63.4
17HR-302,162.0,165.0,61.7
17HR-302,165.0,168.0,90.1
17HR-302,168.0,171.0,79.8
17HR-302,171.0,174.0,85.1
17HR-302,174.0,177.0,92.4
17HR-302,177.0,180.0,80.2
17HR-302,180.0,183.0,93.5
17HR-302,183.0,186.0,70.3
17HR-302,186.0,189.0,76.1
17HR-302,189.0,192.0,63.8
17HR-302,192.0,195.0,72.4
17HR-302,195.0,198.0,88.7
17HR-302,198.0,201.0,80.3
17HR-302,201.0,204.0,67.7
17HR-302,204.0,207.0,82.8
17HR-302,207.0,210.0,79.2
17HR-302,210.0,213.0,77.2
17HR-302,213.0,216.0,48.3
17HR-302,216.0,219.0,61.9
17HR-302,219.0,222.0,35.3
17HR-302,222.0,225.0,53.9
17HR-302,225.0,228.0,58.7
17HR-302,228.0,231.0,74.3
17HR-302,231.0,234.0,91.0
17HR-302,234.0,237.0,89.6
17HR-302,237.0,240.0,70.6
17HR-302,240.0,243.0,93.9
17HR-302,243.0,246.0,60.7
17HR-302,246.0,249.0,92.3
17HR-302,249.0,252.0,90.3
17HR-302,252.0,255.0,79.7
17HR-302,255.0,258.0,37.3
17HR-302,258.0,261.0,54.5
17HR-302,261.0,264.0,62.4
17HR-302,264.0,267.0,83.6
17HR-302,267.0,270.0,81.4
17HR-302,270.0,273.0,88.8
17HR-302,273.0,276.0,94.3
17HR-302,276.0,279.0,91.7
17HR-302,279.0,282.0,69.6
17HR-302,282.0,285.0,93.5
17HR-302,285.0,288.0,76.7
17HR-302,288.0,291.0,71.9
17HR-302,291.0,294.0,76.3
17HR-302,294.0,297.0,80.4
17HR-302,297.0,300.0,80.4
17HR-302,300.0,303.0,91.4
17HR-302,303.0,306.0,92.5
17HR-302,306.0,309.0,66.8
17HR-302,309.0,312.0,63.8
17HR-302,312.0,315.0,74.3
17HR-302,315.0,318.0,79.1
17HR-302,318.0,320.0,65.3
17HR-303,0.0,3.0,48.6
17HR-303,3.0,6.0,94.5
17HR-303,6.0,9.0,74.8
17HR-303,9.0,12.0,86.9
17HR-303,12.0,15.0,86.9
17HR-303,15.0,18.0,65.2
17HR-303,18.0,21.0,65.5
17HR-303,21.0,24.0,80.4
17HR-303,24.0,27.0,76.7
17HR-303,27.0,30.0,63.3
17HR-303,30.0,33.0,48.6
17HR-303,33.0,36.0,74.0
17HR-303,36.0,39.0,74.1
17HR-303,39.0,42.0,73.1
17HR-303,42.0,45.0,75.8
17HR-303,45.0,48.0,60.5
17HR-303,48.0,51.0,80.3
17HR-303,51.0,54.0,88.1
17HR-303,54.0,57.0,87.4
17HR-303,57.0,60.0,62.3
17HR-303,60.0,63.0,93.3
17HR-303,63.0,66.0,80.5
17HR-303,66.0,69.0,87.3
17HR-303,69.0,72.0,69.5
17HR-303,72.0,75.0,93.2
17HR-303,75.0,78.0,65.7
17HR-303,78.0,81.0,94.1
17HR-303,81.0,84.0,84.5
17HR-303,84.0,87.0,75.2
17HR-303,87.0,90.0,84.1
17HR-303,90.0,93.0,85.0
17HR-303,93.0,96.0,73.7
17HR-303,96.0,99.0,83.4
17HR-303,99.0,102.0,51.8
17HR-303,102.0,105.0,46.1
17HR-303,105.0,108.0,84.9
17HR-303,108.0,111.0,88.1
17HR-303,111.0,114.0,81.0
17HR-303,114.0,117.0,78.7
17HR-303,117.0,120.0,93.2
17HR-303,120.0,123.0,62.7
17HR-303,123.0,126.0,58.2
17HR-303,126.0,129.0,41.8
17HR-303,129.0,132.0,63.9
17HR-303,132.0,135.0,94.1
17HR-303,135.0,138.0,87.0
17HR-303,138.0,141.0,92.3
17HR-303,141.0,144.0,60.8
17HR-303,144.0,147.0,82.2
17HR-303,147.0,150.0,87.0
17HR-303,150.0,153.0,77.0
17HR-303,153.0,156.0,78.0
17HR-303,156.0,159.0,94.9
17HR-303,159.0,162.0,63.4
17HR-303,162.0,165.0,76.4
17HR-303,165.0,168.0,74.8
17HR-303,168.0,171.0,60.3
17HR-303,171.0,174.0,83.6
17HR-303,174.0,177.0,72.9
17HR-303,177.0,180.0,84.9
17HR-303,180.0,183.0,56.9
17HR-303,183.0,186.0,51.6
17HR-303,186.0,189.0,46.6
17HR-303,189.0,192.0,70.8
17HR-303,192.0,195.0,93.7
17HR-303,195.0,198.0,64.3
17HR-303,198.0,201.0,47.5
17HR-303,201.0,204.0,50.0
17HR-303,204.0,207.0,82.0
17HR-303,207.0,210.0,89.3
17HR-303,210.0,213.0,62.8
17HR-303,213.0,216.0,86.1
17HR-303,216.0,219.0,63.0
17HR-303,219.0,222.0,47.6
17HR-303,222.0,225.0,94.2
17HR-303,225.0,228.0,61.2
17HR-303,228.0,231.0,86.1
17HR-303,231.0,234.0,33.7
17HR-303,234.0,237.0,44.6
17HR-303,237.0,240.0,47.0
17HR-303,240.0,243.0,92.0
17HR-303,243.0,246.0,82.9
17HR-303,246.0,249.0,84.0
17HR-303,249.0,252.0,60.3
17HR-303,252.0,255.0,63.2
17HR-303,255.0,258.0,44.9
17HR-303,258.0,261.0,55.6
17HR-303,261.0,264.0,55.5
17HR-303,264.0,267.0,57.5
17HR-303,267.0,270.0,59.3
17HR-303,270.0,273.0,35.7
17HR-303,273.0,276.0,61.4
17HR-303,276.0,279.0,35.0
17HR-303,279.0,282.0,34.1
17HR-303,282.0,285.0,50.2
17HR-303,285.0,288.0,34.2
17HR-303,288.0,291.0,44.0
17HR-303,291.0,294.0,47.9
17HR-303,294.0,297.0,33.0
17HR-303,297.0,300.0,60.1
17HR-303,300.0,303.0,91.9
17HR-303,303.0,306.0,92.4
17HR-303,306.0,309.0,73.1
17HR-303,309.0,312.0,59.9
17HR-303,312.0,315.0,39.3
17HR-303,315.0,318.0,84.8
17HR-303,318.0,321.0,65.2
17HR-303,321.0,324.0,74.4
17HR-303,324.0,327.0,72.4
17HR-303,327.0,330.0,91.0
17HR-303,330.0,333.0,60.8
17HR-303,333.0,336.0,69.0
17HR-303,336.0,339.0,89.9
17HR-303,339.0,342.0,61.6
17HR-303,342.0,345.0,67.0
17HR-303,345.0,348.0,52.0
17HR-303,348.0,351.0,48.9
17HR-303,351.0,354.0,48.9
17HR-303,354.0,357.0,64.4
17HR-303,357.0,360.0,90.6
17HR-303,360.0,363.0,83.3
17HR-303,363.0,366.0,90.6
17HR-303,366.0,369.0,84.7
17HR-303,369.0,372.0,92.8
17HR-303,372.0,375.0,45.5
17HR-303,375.0,378.0,43.4
17HR-303,378.0,381.0,74.8
17HR-303,381.0,384.0,82.6
17HR-303,384.0,387.0,73.2
17HR-303,387.0,390.0,80.7
17HR-303,390.0,393.0,81.8
17HR-303,393.0,396.0,74.6
17HR-303,396.0,399.0,84.3
17HR-303,399.0,402.0,85.2
17HR-303,402.0,405.0,67.2
17HR-303,405.0,408.0,80.2
17HR-303,408.0,411.0,60.7
17HR-303,411.0,414.0,91.9
17HR-303,414.0,417.0,80.1
17HR-303,417.0,420.0,77.8
17HR-303,420.0,423.0,93.4
17HR-303,423.0,425.0,94.5
17HR-304,0.0,3.0,18.4
17HR-304,3.0,6.0,76.8
17HR-304,6.0,9.0,74.1
17HR-304,9.0,12.0,77.3
17HR-304,12.0,15.0,85.8
17HR-304,15.0,18.0,77.8
17HR-304,18.0,21.0,74.4
17HR-304,21.0,24.0,37.5
17HR-304,24.0,27.0,41.0
17HR-304,27.0,30.0,38.9
17HR-304,30.0,33.0,63.5
17HR-304,33.0,36.0,92.1
17HR-304,36.0,39.0,80.1
17HR-304,39.0,42.0,64.5
17HR-304,42.0,45.0,91.0
17HR-304,45.0,48.0,71.8
17HR-304,48.0,51.0,91.6
17HR-304,51.0,54.0,81.6
17HR-304,54.0,57.0,84.0
17HR-304,57.0,60.0,57.7
17HR-304,60.0,63.0,59.3
17HR-304,63.0,66.0,62.3
17HR-304,66.0,69.0,47.5
17HR-304,69.0,72.0,45.8
17HR-304,72.0,75.0,49.5
17HR-304,75.0,78.0,62.4
17HR-304,78.0,81.0,41.1
17HR-304,81.0,84.0,84.2
17HR-304,84.0,87.0,91.5
17HR-304,87.0,90.0,86.4
17HR-304,90.0,93.0,66.2
17HR-304,93.0,96.0,85.5
17HR-304,96.0,99.0,66.3
17HR-304,99.0,102.0,75.6
17HR-304,102.0,105.0,81.1
17HR-304,105.0,108.0,83.1
17HR-304,108.0,111.0,67.0
17HR-304,111.0,114.0,80.7
17HR-304,114.0,117.0,67.0
17HR-304,117.0,120.0,73.0
17HR-304,120.0,123.0,82.8
17HR-304,123.0,126.0,73.5
17HR-304,126.0,129.0,74.2
17HR-304,129.0,132.0,64.3
17HR-304,132.0,135.0,55.0
17HR-304,135.0,138.0,84.6
17HR-304,138.0,141.0,77.8
17HR-304,141.0,144.0,79.4
17HR-304,144.0,147.0,88.3
17HR-304,147.0,150.0,54.5
17HR-304,150.0,153.0,34.4
17HR-304,153.0,156.0,31.3
17HR-304,156.0,159.0,38.2
17HR-304,159.0,162.0,76.8
17HR-304,162.0,165.0,80.4
17HR-304,165.0,168.0,62.3
17HR-304,168.0,171.0,83.8
17HR-304,171.0,174.0,62.2
17HR-304,174.0,177.0,84.7
17HR-304,177.0,180.0,68.3
17HR-304,180.0,183.0,67.4
17HR-304,183.0,186.0,94.4
17HR-304,186.0,189.0,61.0
17HR-304,189.0,192.0,85.9
17HR-304,192.0,195.0,63.5
17HR-304,195.0,198.0,67.4
17HR-304,198.0,201.0,78.4
17HR-304,201.0,204.0,80.6
17HR-304,204.0,207.0,77.8
17HR-304,207.0,210.0,76.5
17HR-304,210.0,213.0,67.2
17HR-304,213.0,216.0,86.8
17HR-304,216.0,219.0,75.5
17HR-304,219.0,222.0,79.2
17HR-304,222.0,225.0,84.1
17HR-304,225.0,228.0,63.1
17HR-304,228.0,231.0,89.2
17HR-304,231.0,234.0,69.4
17HR-304,234.0,237.0,67.0
17HR-304,237.0,240.0,60.4
17HR-304,240.0,243.0,93.0
17HR-304,243.0,246.0,62.3
17HR-304,246.0,249.0,80.6
17HR-304,249.0,252.0,81.0
17HR-304,252.0,255.0,74.0
17HR-304,255.0,258.0,89.6
17HR-304,258.0,261.0,81.0
17HR-304,261.0,264.0,89.3
17HR-304,264.0,267.0,86.9
17HR-304,267.0,270.0,66.7
17HR-304,270.0,273.0,78.9
17HR-304,273.0,276.0,61.9
17HR-304,276.0,279.0,71.7
17HR-304,279.0,282.0,71.0
17HR-304,282.0,285.0,83.4
17HR-304,285.0,288.0,78.5
17HR-304,288.0,291.0,91.9
17HR-304,291.0,294.0,64.4
17HR-304,294.0,297.0,66.1
17HR-304,297.0,300.0,90.2
17HR-304,300.0,303.0,74.3
17HR-304,303.0,306.0,77.0
17HR-304,306.0,309.0,94.6
17HR-304,309.0,312.0,93.1
17HR-304,312.0,315.0,65.3
17HR-304,315.0,318.0,53.1
17HR-304,318.0,321.0,44.4
17HR-304,321.0,324.0,32.0
17HR-304,324.0,327.0,60.1
17HR-304,327.0,330.0,55.2
17HR-304,330.0,333.0,41.3
17HR-304,333.0,336.0,38.9
17HR-304,336.0,339.0,37.1
17HR-304,339.0,342.0,34.3
17HR-304,342.0,345.0,43.2
17HR-304,345.0,348.0,63.1
17HR-304,348.0,351.0,79.5
17HR-304,351.0,354.0,47.0
17HR-304,354.0,357.0,42.3
17HR-304,357.0,360.0,65.6
17HR-304,360.0,363.0,71.3
17HR-304,363.0,366.0,60.8
17HR-304,366.0,369.0,48.0
17HR-304,369.0,372.0,30.9
17HR-304,372.0,375.0,53.0
17HR-304,375.0,378.0,51.3
17HR-304,378.0,381.0,40.6
17HR-304,381.0,384.0,61.7
17HR-304,384.0,387.0,52.0
17HR-304,387.0,390.0,61.4
17HR-304,390.0,393.0,40.7
17HR-304,393.0,396.0,31.2
17HR-304,396.0,399.0,68.9
17HR-304,399.0,402.0,64.0
17HR-304,402.0,405.0,88.2
17HR-304,405.0,408.0,56.3
17HR-304,408.0,411.0,35.2
17HR-304,411.0,414.0,35.6
17HR-304,414.0,417.0,51.0
17HR-304,417.0,420.0,80.2
17HR-304,420.0,423.0,76.2
17HR-304,423.0,426.0,65.7
17HR-304,426.0,429.0,77.5
17HR-304,429.0,432.0,77.6
17HR-304,432.0,435.0,89.6
17HR-304,435.0,438.0,61.0
17HR-304,438.0,441.0,77.0
17HR-304,441.0,444.0,85.6
17HR-304,444.0,447.0,67.4
17HR-304,447.0,450.0,82.8
17HR-304,450.0,453.0,90.7
17HR-304,453.0,456.0,84.9
17HR-304,456.0,459.0,62.6
17HR-304,459.0,462.0,61.2
17HR-304,462.0,465.0,71.9
17HR-304,465.0,468.0,90.0
17HR-304,468.0,471.0,89.1
17HR-304,471.0,474.0,76.6
17HR-304,474.0,477.0,74.2
17HR-304,477.0,480.0,75.8
17HR-304,480.0,483.0,69.9
17HR-304,483.0,486.0,56.7
17HR-304,486.0,489.0,36.5
17HR-304,489.0,492.0,79.3
17HR-304,492.0,495.0,75.1
17HR-304,495.0,498.0,71.1
17HR-304,498.0,500.0,66.0
